[
{
  "model": "auth.user",
  "pk": 1,
  "fields": {
    "password": "pbkdf2_sha256$600000$82QB4PdSeDsz3pzsP3xP2G$MhucFHCZp87BzZ5XauS9jI8cj/figK3SlLwcNdTPHV0=",
    "last_login": "2024-05-30T08:20:32.519Z",
    "is_superuser": true,
    "username": "admin",
    "first_name": "",
    "last_name": "",
    "email": "",
    "is_staff": true,
    "is_active": true,
    "date_joined": "2024-05-13T13:00:59.914Z",
    "groups": [],
    "user_permissions": []
  }
},
{
  "model": "sessions.session",
  "pk": "09q5htbg0bojweaubrfrm174u8wznc7d",
  "fields": {
    "session_data": ".eJxVjMsOwiAQRf-FtSHQ4enSvd9ABhikaiAp7cr479qkC93ec859sYDbWsM2aAlzZmcm2el3i5ge1HaQ79hunafe1mWOfFf4QQe_9kzPy-H-HVQc9VubiI6Uh2RsIe2UnSwpSEhKOE8RPUyYJVqyOpEo0hQtRASvtYCicmHvD-unOA0:1s6p3R:Nd1uGk1iQdvikdeKlwy2LFitCG8A4uL-DYFqDnzMVtk",
    "expire_date": "2024-05-28T10:06:41.215Z"
  }
},
{
  "model": "sessions.session",
  "pk": "8cms53sbjx0mw3rcir9l80ncpjrddfu3",
  "fields": {
    "session_data": ".eJxVjMsOwiAQRf-FtSHQ4enSvd9ABhikaiAp7cr479qkC93ec859sYDbWsM2aAlzZmcm2el3i5ge1HaQ79hunafe1mWOfFf4QQe_9kzPy-H-HVQc9VubiI6Uh2RsIe2UnSwpSEhKOE8RPUyYJVqyOpEo0hQtRASvtYCicmHvD-unOA0:1s6VIr:DAOJJRbT1vumY7rKJP4QWuPmuUzNc_jVpl4if_Hvn2c",
    "expire_date": "2024-05-27T13:01:17.989Z"
  }
},
{
  "model": "sessions.session",
  "pk": "lzxxzzwcz1b2x3ru32r9nvdcqhs3790b",
  "fields": {
    "session_data": ".eJxVjDsOwjAQRO_iGlleJf5R0nMGa9e7JgFkS_lUEXcnkVJAMc28N7OphOsypHWWKY2srgrU5bcjzC-pB-An1kfTudVlGkkfij7prO-N5X073b-DAedhX_fIoZD1ewCEwPtowAUnzCChQGd67ggtBY5IIXIklztTTBa2ts_q8wX2cjiW:1sCb1U:VxVTbqu2d4y7-pfAzR1nZeOsvzp8AyzaHKKzR_gR4Qg",
    "expire_date": "2024-06-13T08:20:32.519Z"
  }
},
{
  "model": "sessions.session",
  "pk": "r9d19sn7x4cjwnp6803xad61o44iosiw",
  "fields": {
    "session_data": ".eJxVjMsOwiAQRf-FtSHQ4enSvd9ABhikaiAp7cr479qkC93ec859sYDbWsM2aAlzZmcm2el3i5ge1HaQ79hunafe1mWOfFf4QQe_9kzPy-H-HVQc9VubiI6Uh2RsIe2UnSwpSEhKOE8RPUyYJVqyOpEo0hQtRASvtYCicmHvD-unOA0:1s6Wvq:k9MV3--ouS9a44Iv790a5iVI2W_Ym-KEaPc5xAA0E_g",
    "expire_date": "2024-05-27T14:45:38.600Z"
  }
},
{
  "model": "sessions.session",
  "pk": "xx9k33as0tek5ce8th187w22i97qhdfx",
  "fields": {
    "session_data": ".eJxVjMsOwiAQRf-FtSHQ4enSvd9ABhikaiAp7cr479qkC93ec859sYDbWsM2aAlzZmcm2el3i5ge1HaQ79hunafe1mWOfFf4QQe_9kzPy-H-HVQc9VubiI6Uh2RsIe2UnSwpSEhKOE8RPUyYJVqyOpEo0hQtRASvtYCicmHvD-unOA0:1s6WXx:Z4yma0vHB8K4PNYoFcZz2bCBbqvt3bEqs1Gss6quinU",
    "expire_date": "2024-05-27T14:20:57.460Z"
  }
},
{
  "model": "design.field",
  "pk": 1,
  "fields": {
    "label": "姓名",
    "name": "xing_ming",
    "pym": "xm",
    "erpsys_id": "66e4e548-1134-11ef-8052-0e586f6f8a1e",
    "field_type": "CharField",
    "related_dictionary": null,
    "is_entity": false,
    "choice_type": null,
    "max_length": 100,
    "max_digits": 10,
    "decimal_places": 2,
    "api_field_type": null,
    "api_field_default_value": null,
    "computed_logic": null
  }
},
{
  "model": "design.field",
  "pk": 2,
  "fields": {
    "label": "年龄",
    "name": "nian_ling",
    "pym": "nl",
    "erpsys_id": "e00241a0-1134-11ef-a024-0e586f6f8a1e",
    "field_type": "IntegerField",
    "related_dictionary": null,
    "is_entity": false,
    "choice_type": null,
    "max_length": 100,
    "max_digits": 10,
    "decimal_places": 2,
    "api_field_type": null,
    "api_field_default_value": null,
    "computed_logic": null
  }
},
{
  "model": "design.field",
  "pk": 13,
  "fields": {
    "label": "注意事项",
    "name": "zhu_yi_shi_xiang",
    "pym": "zysx",
    "erpsys_id": "9976f088-14e9-11ef-bf05-0e586f6f8a1e",
    "field_type": "FileField",
    "related_dictionary": null,
    "is_entity": false,
    "choice_type": null,
    "max_length": 100,
    "max_digits": 10,
    "decimal_places": 2,
    "api_field_type": null,
    "api_field_default_value": null,
    "computed_logic": ""
  }
},
{
  "model": "design.field",
  "pk": 14,
  "fields": {
    "label": "知情同意书",
    "name": "zhi_qing_tong_yi_shu",
    "pym": "zqtys",
    "erpsys_id": "a3292d76-14e9-11ef-bf05-0e586f6f8a1e",
    "field_type": "FileField",
    "related_dictionary": null,
    "is_entity": false,
    "choice_type": null,
    "max_length": 100,
    "max_digits": 10,
    "decimal_places": 2,
    "api_field_type": null,
    "api_field_default_value": null,
    "computed_logic": ""
  }
},
{
  "model": "design.field",
  "pk": 15,
  "fields": {
    "label": "值",
    "name": "zhi",
    "pym": "z",
    "erpsys_id": "ab96fb7c-15d5-11ef-9b02-0e586f6f8a1e",
    "field_type": "CharField",
    "related_dictionary": null,
    "is_entity": false,
    "choice_type": null,
    "max_length": 100,
    "max_digits": 10,
    "decimal_places": 2,
    "api_field_type": null,
    "api_field_default_value": null,
    "computed_logic": ""
  }
},
{
  "model": "design.field",
  "pk": 16,
  "fields": {
    "label": "名称",
    "name": "ming_cheng",
    "pym": "mc",
    "erpsys_id": "4232723c-1e6e-11ef-ad48-0e586f6f8a1e",
    "field_type": "CharField",
    "related_dictionary": null,
    "is_entity": false,
    "choice_type": null,
    "max_length": 100,
    "max_digits": 10,
    "decimal_places": 2,
    "api_field_type": null,
    "api_field_default_value": null,
    "computed_logic": ""
  }
},
{
  "model": "design.field",
  "pk": 17,
  "fields": {
    "label": "规格",
    "name": "gui_ge",
    "pym": "gg",
    "erpsys_id": "4d3b93d4-1e6e-11ef-ad48-0e586f6f8a1e",
    "field_type": "CharField",
    "related_dictionary": null,
    "is_entity": false,
    "choice_type": null,
    "max_length": 100,
    "max_digits": 10,
    "decimal_places": 2,
    "api_field_type": null,
    "api_field_default_value": null,
    "computed_logic": ""
  }
},
{
  "model": "design.field",
  "pk": 18,
  "fields": {
    "label": "药品",
    "name": "yao_pin",
    "pym": "yp",
    "erpsys_id": "8c7db13a-1e6e-11ef-ad48-0e586f6f8a1e",
    "field_type": "DictionaryField",
    "related_dictionary": 1,
    "is_entity": false,
    "choice_type": null,
    "max_length": 100,
    "max_digits": 10,
    "decimal_places": 2,
    "api_field_type": null,
    "api_field_default_value": null,
    "computed_logic": ""
  }
},
{
  "model": "design.field",
  "pk": 19,
  "fields": {
    "label": "保妥适",
    "name": "bao_tuo_shi",
    "pym": "bts",
    "erpsys_id": "638e2a24-1e74-11ef-ad48-0e586f6f8a1e",
    "field_type": "DictionaryField",
    "related_dictionary": 1,
    "is_entity": false,
    "choice_type": null,
    "max_length": 100,
    "max_digits": 10,
    "decimal_places": 2,
    "api_field_type": null,
    "api_field_default_value": null,
    "computed_logic": ""
  }
},
{
  "model": "design.field",
  "pk": 20,
  "fields": {
    "label": "价格",
    "name": "jia_ge",
    "pym": "jg",
    "erpsys_id": "3dd1d958-1e78-11ef-85dd-0e586f6f8a1e",
    "field_type": "DecimalField",
    "related_dictionary": null,
    "is_entity": false,
    "choice_type": null,
    "max_length": 100,
    "max_digits": 10,
    "decimal_places": 2,
    "api_field_type": null,
    "api_field_default_value": null,
    "computed_logic": ""
  }
},
{
  "model": "design.field",
  "pk": 21,
  "fields": {
    "label": "库存数量",
    "name": "ku_cun_shu_liang",
    "pym": "kcsl",
    "erpsys_id": "5fa5aa28-1e78-11ef-85dd-0e586f6f8a1e",
    "field_type": "IntegerField",
    "related_dictionary": null,
    "is_entity": false,
    "choice_type": null,
    "max_length": 100,
    "max_digits": 10,
    "decimal_places": 2,
    "api_field_type": null,
    "api_field_default_value": null,
    "computed_logic": ""
  }
},
{
  "model": "design.field",
  "pk": 22,
  "fields": {
    "label": "最小库存数量",
    "name": "zui_xiao_ku_cun_shu_liang",
    "pym": "zxkcsl",
    "erpsys_id": "67e97a52-1e78-11ef-85dd-0e586f6f8a1e",
    "field_type": "IntegerField",
    "related_dictionary": null,
    "is_entity": false,
    "choice_type": null,
    "max_length": 100,
    "max_digits": 10,
    "decimal_places": 2,
    "api_field_type": null,
    "api_field_default_value": null,
    "computed_logic": ""
  }
},
{
  "model": "design.field",
  "pk": 23,
  "fields": {
    "label": "条形码",
    "name": "tiao_xing_ma",
    "pym": "txm",
    "erpsys_id": "71d70890-1e78-11ef-85dd-0e586f6f8a1e",
    "field_type": "CharField",
    "related_dictionary": null,
    "is_entity": false,
    "choice_type": null,
    "max_length": 100,
    "max_digits": 10,
    "decimal_places": 2,
    "api_field_type": null,
    "api_field_default_value": null,
    "computed_logic": ""
  }
},
{
  "model": "design.field",
  "pk": 24,
  "fields": {
    "label": "SKU ID",
    "name": "skuid",
    "pym": "SKUID",
    "erpsys_id": "8010cd06-1e78-11ef-85dd-0e586f6f8a1e",
    "field_type": "CharField",
    "related_dictionary": null,
    "is_entity": false,
    "choice_type": null,
    "max_length": 100,
    "max_digits": 10,
    "decimal_places": 2,
    "api_field_type": null,
    "api_field_default_value": null,
    "computed_logic": ""
  }
},
{
  "model": "design.field",
  "pk": 25,
  "fields": {
    "label": "乔雅登极致",
    "name": "qiao_ya_deng_ji_zhi",
    "pym": "qydjz",
    "erpsys_id": "5da23c06-1e8b-11ef-9fcc-0e586f6f8a1e",
    "field_type": "DictionaryField",
    "related_dictionary": 1,
    "is_entity": false,
    "choice_type": null,
    "max_length": 100,
    "max_digits": 10,
    "decimal_places": 2,
    "api_field_type": null,
    "api_field_default_value": null,
    "computed_logic": ""
  }
},
{
  "model": "design.field",
  "pk": 26,
  "fields": {
    "label": "性别",
    "name": "xing_bie",
    "pym": "xb",
    "erpsys_id": "2aea2734-1efd-11ef-9092-0e586f6f8a1e",
    "field_type": "CharField",
    "related_dictionary": null,
    "is_entity": false,
    "choice_type": null,
    "max_length": 100,
    "max_digits": 10,
    "decimal_places": 2,
    "api_field_type": null,
    "api_field_default_value": null,
    "computed_logic": null
  }
},
{
  "model": "design.field",
  "pk": 27,
  "fields": {
    "label": "出生日期",
    "name": "chu_sheng_ri_qi",
    "pym": "csrq",
    "erpsys_id": "2aeaffe2-1efd-11ef-9092-0e586f6f8a1e",
    "field_type": "DateField",
    "related_dictionary": null,
    "is_entity": false,
    "choice_type": null,
    "max_length": 100,
    "max_digits": 10,
    "decimal_places": 2,
    "api_field_type": null,
    "api_field_default_value": null,
    "computed_logic": null
  }
},
{
  "model": "design.field",
  "pk": 28,
  "fields": {
    "label": "婚否",
    "name": "hun_fou",
    "pym": "hf",
    "erpsys_id": "2aec6f12-1efd-11ef-9092-0e586f6f8a1e",
    "field_type": "DictionaryField",
    "related_dictionary": 2,
    "is_entity": false,
    "choice_type": null,
    "max_length": 100,
    "max_digits": 10,
    "decimal_places": 2,
    "api_field_type": null,
    "api_field_default_value": null,
    "computed_logic": null
  }
},
{
  "model": "design.field",
  "pk": 29,
  "fields": {
    "label": "电话",
    "name": "dian_hua",
    "pym": "dh",
    "erpsys_id": "2aecbf1c-1efd-11ef-9092-0e586f6f8a1e",
    "field_type": "CharField",
    "related_dictionary": null,
    "is_entity": false,
    "choice_type": null,
    "max_length": 100,
    "max_digits": 10,
    "decimal_places": 2,
    "api_field_type": null,
    "api_field_default_value": null,
    "computed_logic": null
  }
},
{
  "model": "design.field",
  "pk": 30,
  "fields": {
    "label": "常住区域",
    "name": "chang_zhu_qu_yu",
    "pym": "czqy",
    "erpsys_id": "2aecf28e-1efd-11ef-9092-0e586f6f8a1e",
    "field_type": "CharField",
    "related_dictionary": null,
    "is_entity": false,
    "choice_type": null,
    "max_length": 100,
    "max_digits": 10,
    "decimal_places": 2,
    "api_field_type": null,
    "api_field_default_value": null,
    "computed_logic": null
  }
},
{
  "model": "design.field",
  "pk": 31,
  "fields": {
    "label": "职业",
    "name": "zhi_ye",
    "pym": "zy",
    "erpsys_id": "2aedb26e-1efd-11ef-9092-0e586f6f8a1e",
    "field_type": "DictionaryField",
    "related_dictionary": 3,
    "is_entity": false,
    "choice_type": null,
    "max_length": 100,
    "max_digits": 10,
    "decimal_places": 2,
    "api_field_type": null,
    "api_field_default_value": null,
    "computed_logic": null
  }
},
{
  "model": "design.field",
  "pk": 32,
  "fields": {
    "label": "来源",
    "name": "lai_yuan",
    "pym": "ly",
    "erpsys_id": "2aee5db8-1efd-11ef-9092-0e586f6f8a1e",
    "field_type": "DictionaryField",
    "related_dictionary": 4,
    "is_entity": false,
    "choice_type": null,
    "max_length": 100,
    "max_digits": 10,
    "decimal_places": 2,
    "api_field_type": null,
    "api_field_default_value": null,
    "computed_logic": null
  }
},
{
  "model": "design.field",
  "pk": 33,
  "fields": {
    "label": "初诊日期",
    "name": "chu_zhen_ri_qi",
    "pym": "czrq",
    "erpsys_id": "2aee8374-1efd-11ef-9092-0e586f6f8a1e",
    "field_type": "DateField",
    "related_dictionary": null,
    "is_entity": false,
    "choice_type": null,
    "max_length": 100,
    "max_digits": 10,
    "decimal_places": 2,
    "api_field_type": null,
    "api_field_default_value": null,
    "computed_logic": null
  }
},
{
  "model": "design.field",
  "pk": 34,
  "fields": {
    "label": "过敏史",
    "name": "guo_min_shi",
    "pym": "gms",
    "erpsys_id": "2aeeaa52-1efd-11ef-9092-0e586f6f8a1e",
    "field_type": "BooleanField",
    "related_dictionary": null,
    "is_entity": false,
    "choice_type": null,
    "max_length": 100,
    "max_digits": 10,
    "decimal_places": 2,
    "api_field_type": null,
    "api_field_default_value": null,
    "computed_logic": null
  }
},
{
  "model": "design.field",
  "pk": 35,
  "fields": {
    "label": "化妆/护肤品",
    "name": "hua_zhuang_hu_fu_pin",
    "pym": "hz/hfp",
    "erpsys_id": "2aeece24-1efd-11ef-9092-0e586f6f8a1e",
    "field_type": "BooleanField",
    "related_dictionary": null,
    "is_entity": false,
    "choice_type": null,
    "max_length": 100,
    "max_digits": 10,
    "decimal_places": 2,
    "api_field_type": null,
    "api_field_default_value": null,
    "computed_logic": null
  }
},
{
  "model": "design.field",
  "pk": 36,
  "fields": {
    "label": "酒精",
    "name": "jiu_jing",
    "pym": "jj",
    "erpsys_id": "2aeefd04-1efd-11ef-9092-0e586f6f8a1e",
    "field_type": "BooleanField",
    "related_dictionary": null,
    "is_entity": false,
    "choice_type": null,
    "max_length": 100,
    "max_digits": 10,
    "decimal_places": 2,
    "api_field_type": null,
    "api_field_default_value": null,
    "computed_logic": null
  }
},
{
  "model": "design.field",
  "pk": 37,
  "fields": {
    "label": "花粉",
    "name": "hua_fen",
    "pym": "hf",
    "erpsys_id": "2aef1fa0-1efd-11ef-9092-0e586f6f8a1e",
    "field_type": "BooleanField",
    "related_dictionary": null,
    "is_entity": false,
    "choice_type": null,
    "max_length": 100,
    "max_digits": 10,
    "decimal_places": 2,
    "api_field_type": null,
    "api_field_default_value": null,
    "computed_logic": null
  }
},
{
  "model": "design.field",
  "pk": 38,
  "fields": {
    "label": "果酸",
    "name": "guo_suan",
    "pym": "gs",
    "erpsys_id": "2aef542a-1efd-11ef-9092-0e586f6f8a1e",
    "field_type": "BooleanField",
    "related_dictionary": null,
    "is_entity": false,
    "choice_type": null,
    "max_length": 100,
    "max_digits": 10,
    "decimal_places": 2,
    "api_field_type": null,
    "api_field_default_value": null,
    "computed_logic": null
  }
},
{
  "model": "design.field",
  "pk": 39,
  "fields": {
    "label": "动物",
    "name": "dong_wu",
    "pym": "dw",
    "erpsys_id": "2aef7b6c-1efd-11ef-9092-0e586f6f8a1e",
    "field_type": "BooleanField",
    "related_dictionary": null,
    "is_entity": false,
    "choice_type": null,
    "max_length": 100,
    "max_digits": 10,
    "decimal_places": 2,
    "api_field_type": null,
    "api_field_default_value": null,
    "computed_logic": null
  }
},
{
  "model": "design.field",
  "pk": 40,
  "fields": {
    "label": "香料",
    "name": "xiang_liao",
    "pym": "xl",
    "erpsys_id": "2aef9e26-1efd-11ef-9092-0e586f6f8a1e",
    "field_type": "BooleanField",
    "related_dictionary": null,
    "is_entity": false,
    "choice_type": null,
    "max_length": 100,
    "max_digits": 10,
    "decimal_places": 2,
    "api_field_type": null,
    "api_field_default_value": null,
    "computed_logic": null
  }
},
{
  "model": "design.field",
  "pk": 41,
  "fields": {
    "label": "光敏感",
    "name": "guang_min_gan",
    "pym": "gmg",
    "erpsys_id": "2aefbf14-1efd-11ef-9092-0e586f6f8a1e",
    "field_type": "BooleanField",
    "related_dictionary": null,
    "is_entity": false,
    "choice_type": null,
    "max_length": 100,
    "max_digits": 10,
    "decimal_places": 2,
    "api_field_type": null,
    "api_field_default_value": null,
    "computed_logic": null
  }
},
{
  "model": "design.field",
  "pk": 42,
  "fields": {
    "label": "牛奶/鸡蛋/海鲜",
    "name": "niu_nai_ji_dan_hai_xian",
    "pym": "nn/jd/hx",
    "erpsys_id": "2aefde40-1efd-11ef-9092-0e586f6f8a1e",
    "field_type": "BooleanField",
    "related_dictionary": null,
    "is_entity": false,
    "choice_type": null,
    "max_length": 100,
    "max_digits": 10,
    "decimal_places": 2,
    "api_field_type": null,
    "api_field_default_value": null,
    "computed_logic": null
  }
},
{
  "model": "design.field",
  "pk": 43,
  "fields": {
    "label": "其他",
    "name": "qi_ta",
    "pym": "qt",
    "erpsys_id": "2aefff60-1efd-11ef-9092-0e586f6f8a1e",
    "field_type": "CharField",
    "related_dictionary": null,
    "is_entity": false,
    "choice_type": null,
    "max_length": 100,
    "max_digits": 10,
    "decimal_places": 2,
    "api_field_type": null,
    "api_field_default_value": null,
    "computed_logic": null
  }
},
{
  "model": "design.field",
  "pk": 44,
  "fields": {
    "label": "高血压",
    "name": "gao_xue_ya",
    "pym": "gxy",
    "erpsys_id": "2af0353e-1efd-11ef-9092-0e586f6f8a1e",
    "field_type": "BooleanField",
    "related_dictionary": null,
    "is_entity": false,
    "choice_type": null,
    "max_length": 100,
    "max_digits": 10,
    "decimal_places": 2,
    "api_field_type": null,
    "api_field_default_value": null,
    "computed_logic": null
  }
},
{
  "model": "design.field",
  "pk": 45,
  "fields": {
    "label": "糖尿病",
    "name": "tang_niao_bing",
    "pym": "tnb",
    "erpsys_id": "2af05938-1efd-11ef-9092-0e586f6f8a1e",
    "field_type": "BooleanField",
    "related_dictionary": null,
    "is_entity": false,
    "choice_type": null,
    "max_length": 100,
    "max_digits": 10,
    "decimal_places": 2,
    "api_field_type": null,
    "api_field_default_value": null,
    "computed_logic": null
  }
},
{
  "model": "design.field",
  "pk": 46,
  "fields": {
    "label": "心脏病",
    "name": "xin_zang_bing",
    "pym": "xzb",
    "erpsys_id": "2af07b34-1efd-11ef-9092-0e586f6f8a1e",
    "field_type": "BooleanField",
    "related_dictionary": null,
    "is_entity": false,
    "choice_type": null,
    "max_length": 100,
    "max_digits": 10,
    "decimal_places": 2,
    "api_field_type": null,
    "api_field_default_value": null,
    "computed_logic": null
  }
},
{
  "model": "design.field",
  "pk": 47,
  "fields": {
    "label": "免疫性疾病",
    "name": "mian_yi_xing_ji_bing",
    "pym": "myxjb",
    "erpsys_id": "2af09a10-1efd-11ef-9092-0e586f6f8a1e",
    "field_type": "BooleanField",
    "related_dictionary": null,
    "is_entity": false,
    "choice_type": null,
    "max_length": 100,
    "max_digits": 10,
    "decimal_places": 2,
    "api_field_type": null,
    "api_field_default_value": null,
    "computed_logic": null
  }
},
{
  "model": "design.field",
  "pk": 48,
  "fields": {
    "label": "血液疾病",
    "name": "xue_ye_ji_bing",
    "pym": "xyjb",
    "erpsys_id": "2af0b95a-1efd-11ef-9092-0e586f6f8a1e",
    "field_type": "BooleanField",
    "related_dictionary": null,
    "is_entity": false,
    "choice_type": null,
    "max_length": 100,
    "max_digits": 10,
    "decimal_places": 2,
    "api_field_type": null,
    "api_field_default_value": null,
    "computed_logic": null
  }
},
{
  "model": "design.field",
  "pk": 49,
  "fields": {
    "label": "良恶性肿瘤",
    "name": "liang_e_xing_zhong_liu",
    "pym": "lexzl",
    "erpsys_id": "2af0dc1e-1efd-11ef-9092-0e586f6f8a1e",
    "field_type": "BooleanField",
    "related_dictionary": null,
    "is_entity": false,
    "choice_type": null,
    "max_length": 100,
    "max_digits": 10,
    "decimal_places": 2,
    "api_field_type": null,
    "api_field_default_value": null,
    "computed_logic": null
  }
},
{
  "model": "design.field",
  "pk": 50,
  "fields": {
    "label": "精神或心理",
    "name": "jing_shen_huo_xin_li",
    "pym": "jshxl",
    "erpsys_id": "2af0ff1e-1efd-11ef-9092-0e586f6f8a1e",
    "field_type": "BooleanField",
    "related_dictionary": null,
    "is_entity": false,
    "choice_type": null,
    "max_length": 100,
    "max_digits": 10,
    "decimal_places": 2,
    "api_field_type": null,
    "api_field_default_value": null,
    "computed_logic": null
  }
},
{
  "model": "design.field",
  "pk": 51,
  "fields": {
    "label": "荨麻疹",
    "name": "xun_ma_zhen",
    "pym": "xmz",
    "erpsys_id": "2af122aa-1efd-11ef-9092-0e586f6f8a1e",
    "field_type": "BooleanField",
    "related_dictionary": null,
    "is_entity": false,
    "choice_type": null,
    "max_length": 100,
    "max_digits": 10,
    "decimal_places": 2,
    "api_field_type": null,
    "api_field_default_value": null,
    "computed_logic": null
  }
},
{
  "model": "design.field",
  "pk": 52,
  "fields": {
    "label": "神经系统疾患",
    "name": "shen_jing_xi_tong_ji_huan",
    "pym": "sjxtjh",
    "erpsys_id": "2af144ce-1efd-11ef-9092-0e586f6f8a1e",
    "field_type": "BooleanField",
    "related_dictionary": null,
    "is_entity": false,
    "choice_type": null,
    "max_length": 100,
    "max_digits": 10,
    "decimal_places": 2,
    "api_field_type": null,
    "api_field_default_value": null,
    "computed_logic": null
  }
},
{
  "model": "design.field",
  "pk": 53,
  "fields": {
    "label": "任何传染性疾患",
    "name": "ren_he_chuan_ran_xing_ji_huan",
    "pym": "rhcrxjh",
    "erpsys_id": "2af164fe-1efd-11ef-9092-0e586f6f8a1e",
    "field_type": "BooleanField",
    "related_dictionary": null,
    "is_entity": false,
    "choice_type": null,
    "max_length": 100,
    "max_digits": 10,
    "decimal_places": 2,
    "api_field_type": null,
    "api_field_default_value": null,
    "computed_logic": null
  }
},
{
  "model": "design.field",
  "pk": 54,
  "fields": {
    "label": "失眠",
    "name": "shi_mian",
    "pym": "sm",
    "erpsys_id": "2af18c72-1efd-11ef-9092-0e586f6f8a1e",
    "field_type": "BooleanField",
    "related_dictionary": null,
    "is_entity": false,
    "choice_type": null,
    "max_length": 100,
    "max_digits": 10,
    "decimal_places": 2,
    "api_field_type": null,
    "api_field_default_value": null,
    "computed_logic": null
  }
},
{
  "model": "design.field",
  "pk": 55,
  "fields": {
    "label": "焦虑",
    "name": "jiao_lv",
    "pym": "jl",
    "erpsys_id": "2af1a914-1efd-11ef-9092-0e586f6f8a1e",
    "field_type": "BooleanField",
    "related_dictionary": null,
    "is_entity": false,
    "choice_type": null,
    "max_length": 100,
    "max_digits": 10,
    "decimal_places": 2,
    "api_field_type": null,
    "api_field_default_value": null,
    "computed_logic": null
  }
},
{
  "model": "design.field",
  "pk": 56,
  "fields": {
    "label": "抑郁",
    "name": "yi_yu",
    "pym": "yy",
    "erpsys_id": "2af1c502-1efd-11ef-9092-0e586f6f8a1e",
    "field_type": "BooleanField",
    "related_dictionary": null,
    "is_entity": false,
    "choice_type": null,
    "max_length": 100,
    "max_digits": 10,
    "decimal_places": 2,
    "api_field_type": null,
    "api_field_default_value": null,
    "computed_logic": null
  }
},
{
  "model": "design.field",
  "pk": 57,
  "fields": {
    "label": "曾经看过心理医生或就诊过精神科室",
    "name": "ceng_jing_kan_guo_xin_li_yi_sheng",
    "pym": "cjkgxlyshjzgjsks",
    "erpsys_id": "2af1e230-1efd-11ef-9092-0e586f6f8a1e",
    "field_type": "BooleanField",
    "related_dictionary": null,
    "is_entity": false,
    "choice_type": null,
    "max_length": 100,
    "max_digits": 10,
    "decimal_places": 2,
    "api_field_type": null,
    "api_field_default_value": null,
    "computed_logic": null
  }
},
{
  "model": "design.field",
  "pk": 58,
  "fields": {
    "label": "4、体内是否有任何植入物？如心脏起搏器等。",
    "name": "ti_nei_shi_fou_you_ren_he_zhi",
    "pym": "4、tnsfyrhzrw？rxzqbqd。",
    "erpsys_id": "2af206de-1efd-11ef-9092-0e586f6f8a1e",
    "field_type": "BooleanField",
    "related_dictionary": null,
    "is_entity": false,
    "choice_type": null,
    "max_length": 100,
    "max_digits": 10,
    "decimal_places": 2,
    "api_field_type": null,
    "api_field_default_value": null,
    "computed_logic": null
  }
},
{
  "model": "design.field",
  "pk": 59,
  "fields": {
    "label": "5、是否有疤痕体质？",
    "name": "shi_fou_you_ba_hen_ti_zhi",
    "pym": "5、sfybhtz？",
    "erpsys_id": "2af22ac4-1efd-11ef-9092-0e586f6f8a1e",
    "field_type": "BooleanField",
    "related_dictionary": null,
    "is_entity": false,
    "choice_type": null,
    "max_length": 100,
    "max_digits": 10,
    "decimal_places": 2,
    "api_field_type": null,
    "api_field_default_value": null,
    "computed_logic": null
  }
},
{
  "model": "design.field",
  "pk": 60,
  "fields": {
    "label": "6、是否属于高敏体质？",
    "name": "shi_fou_shu_yu_gao_min_ti_zhi",
    "pym": "6、sfsygmtz？",
    "erpsys_id": "2af25350-1efd-11ef-9092-0e586f6f8a1e",
    "field_type": "BooleanField",
    "related_dictionary": null,
    "is_entity": false,
    "choice_type": null,
    "max_length": 100,
    "max_digits": 10,
    "decimal_places": 2,
    "api_field_type": null,
    "api_field_default_value": null,
    "computed_logic": null
  }
},
{
  "model": "design.field",
  "pk": 61,
  "fields": {
    "label": "怀孕或哺乳期",
    "name": "huai_yun_huo_bu_ru_qi",
    "pym": "hyhbrq",
    "erpsys_id": "2af27128-1efd-11ef-9092-0e586f6f8a1e",
    "field_type": "BooleanField",
    "related_dictionary": null,
    "is_entity": false,
    "choice_type": null,
    "max_length": 100,
    "max_digits": 10,
    "decimal_places": 2,
    "api_field_type": null,
    "api_field_default_value": null,
    "computed_logic": null
  }
},
{
  "model": "design.field",
  "pk": 62,
  "fields": {
    "label": "未次月经时间",
    "name": "wei_ci_yue_jing_shi_jian",
    "pym": "wcyjsj",
    "erpsys_id": "2af29734-1efd-11ef-9092-0e586f6f8a1e",
    "field_type": "DateField",
    "related_dictionary": null,
    "is_entity": false,
    "choice_type": null,
    "max_length": 100,
    "max_digits": 10,
    "decimal_places": 2,
    "api_field_type": null,
    "api_field_default_value": null,
    "computed_logic": null
  }
},
{
  "model": "design.field",
  "pk": 63,
  "fields": {
    "label": "8、是否备孕期？",
    "name": "shi_fou_bei_yun_qi",
    "pym": "8、sfbyq？",
    "erpsys_id": "2af2b840-1efd-11ef-9092-0e586f6f8a1e",
    "field_type": "BooleanField",
    "related_dictionary": null,
    "is_entity": false,
    "choice_type": null,
    "max_length": 100,
    "max_digits": 10,
    "decimal_places": 2,
    "api_field_type": null,
    "api_field_default_value": null,
    "computed_logic": null
  }
},
{
  "model": "design.field",
  "pk": 64,
  "fields": {
    "label": "9、近3个月内是否有用药品、保健品吗？",
    "name": "jin_ge_yue_nei_shi_fou_you_yong",
    "pym": "9、j3gynsfyyyp、bjpm？",
    "erpsys_id": "2af2d820-1efd-11ef-9092-0e586f6f8a1e",
    "field_type": "BooleanField",
    "related_dictionary": null,
    "is_entity": false,
    "choice_type": null,
    "max_length": 100,
    "max_digits": 10,
    "decimal_places": 2,
    "api_field_type": null,
    "api_field_default_value": null,
    "computed_logic": null
  }
},
{
  "model": "design.field",
  "pk": 65,
  "fields": {
    "label": "10、近3年内是否接受过手术或任何非手术医学美容治疗？",
    "name": "jin_nian_nei_shi_fou_jie_shou_guo",
    "pym": "10、j3nnsfjsgsshrhfssyxmrzl？",
    "erpsys_id": "2af2fd50-1efd-11ef-9092-0e586f6f8a1e",
    "field_type": "BooleanField",
    "related_dictionary": null,
    "is_entity": false,
    "choice_type": null,
    "max_length": 100,
    "max_digits": 10,
    "decimal_places": 2,
    "api_field_type": null,
    "api_field_default_value": null,
    "computed_logic": null
  }
},
{
  "model": "design.field",
  "pk": 66,
  "fields": {
    "label": "敏纹",
    "name": "min_wen",
    "pym": "mw",
    "erpsys_id": "2af320fa-1efd-11ef-9092-0e586f6f8a1e",
    "field_type": "BooleanField",
    "related_dictionary": null,
    "is_entity": false,
    "choice_type": null,
    "max_length": 100,
    "max_digits": 10,
    "decimal_places": 2,
    "api_field_type": null,
    "api_field_default_value": null,
    "computed_logic": null
  }
},
{
  "model": "design.field",
  "pk": 67,
  "fields": {
    "label": "色素",
    "name": "se_su",
    "pym": "ss",
    "erpsys_id": "2af33ec8-1efd-11ef-9092-0e586f6f8a1e",
    "field_type": "BooleanField",
    "related_dictionary": null,
    "is_entity": false,
    "choice_type": null,
    "max_length": 100,
    "max_digits": 10,
    "decimal_places": 2,
    "api_field_type": null,
    "api_field_default_value": null,
    "computed_logic": null
  }
},
{
  "model": "design.field",
  "pk": 68,
  "fields": {
    "label": "痤疮",
    "name": "cuo_chuang",
    "pym": "cc",
    "erpsys_id": "2af35cdc-1efd-11ef-9092-0e586f6f8a1e",
    "field_type": "BooleanField",
    "related_dictionary": null,
    "is_entity": false,
    "choice_type": null,
    "max_length": 100,
    "max_digits": 10,
    "decimal_places": 2,
    "api_field_type": null,
    "api_field_default_value": null,
    "computed_logic": null
  }
},
{
  "model": "design.field",
  "pk": 69,
  "fields": {
    "label": "痘印痘疤",
    "name": "dou_yin_dou_ba",
    "pym": "dydb",
    "erpsys_id": "2af378f2-1efd-11ef-9092-0e586f6f8a1e",
    "field_type": "BooleanField",
    "related_dictionary": null,
    "is_entity": false,
    "choice_type": null,
    "max_length": 100,
    "max_digits": 10,
    "decimal_places": 2,
    "api_field_type": null,
    "api_field_default_value": null,
    "computed_logic": null
  }
},
{
  "model": "design.field",
  "pk": 70,
  "fields": {
    "label": "暗黄",
    "name": "an_huang",
    "pym": "ah",
    "erpsys_id": "2af394f4-1efd-11ef-9092-0e586f6f8a1e",
    "field_type": "BooleanField",
    "related_dictionary": null,
    "is_entity": false,
    "choice_type": null,
    "max_length": 100,
    "max_digits": 10,
    "decimal_places": 2,
    "api_field_type": null,
    "api_field_default_value": null,
    "computed_logic": null
  }
},
{
  "model": "design.field",
  "pk": 71,
  "fields": {
    "label": "毛孔",
    "name": "mao_kong",
    "pym": "mk",
    "erpsys_id": "2af3afc0-1efd-11ef-9092-0e586f6f8a1e",
    "field_type": "BooleanField",
    "related_dictionary": null,
    "is_entity": false,
    "choice_type": null,
    "max_length": 100,
    "max_digits": 10,
    "decimal_places": 2,
    "api_field_type": null,
    "api_field_default_value": null,
    "computed_logic": null
  }
},
{
  "model": "design.field",
  "pk": 72,
  "fields": {
    "label": "敏感",
    "name": "min_gan",
    "pym": "mg",
    "erpsys_id": "2af3c97e-1efd-11ef-9092-0e586f6f8a1e",
    "field_type": "BooleanField",
    "related_dictionary": null,
    "is_entity": false,
    "choice_type": null,
    "max_length": 100,
    "max_digits": 10,
    "decimal_places": 2,
    "api_field_type": null,
    "api_field_default_value": null,
    "computed_logic": null
  }
},
{
  "model": "design.field",
  "pk": 73,
  "fields": {
    "label": "轮廓",
    "name": "lun_kuo",
    "pym": "lk",
    "erpsys_id": "2af3e2ec-1efd-11ef-9092-0e586f6f8a1e",
    "field_type": "BooleanField",
    "related_dictionary": null,
    "is_entity": false,
    "choice_type": null,
    "max_length": 100,
    "max_digits": 10,
    "decimal_places": 2,
    "api_field_type": null,
    "api_field_default_value": null,
    "computed_logic": null
  }
},
{
  "model": "design.field",
  "pk": 74,
  "fields": {
    "label": "眼部",
    "name": "yan_bu",
    "pym": "yb",
    "erpsys_id": "2af3fd0e-1efd-11ef-9092-0e586f6f8a1e",
    "field_type": "BooleanField",
    "related_dictionary": null,
    "is_entity": false,
    "choice_type": null,
    "max_length": 100,
    "max_digits": 10,
    "decimal_places": 2,
    "api_field_type": null,
    "api_field_default_value": null,
    "computed_logic": null
  }
},
{
  "model": "design.field",
  "pk": 75,
  "fields": {
    "label": "颈部",
    "name": "jing_bu",
    "pym": "jb",
    "erpsys_id": "2af41726-1efd-11ef-9092-0e586f6f8a1e",
    "field_type": "BooleanField",
    "related_dictionary": null,
    "is_entity": false,
    "choice_type": null,
    "max_length": 100,
    "max_digits": 10,
    "decimal_places": 2,
    "api_field_type": null,
    "api_field_default_value": null,
    "computed_logic": null
  }
},
{
  "model": "design.field",
  "pk": 76,
  "fields": {
    "label": "手足",
    "name": "shou_zu",
    "pym": "sz",
    "erpsys_id": "2af43274-1efd-11ef-9092-0e586f6f8a1e",
    "field_type": "BooleanField",
    "related_dictionary": null,
    "is_entity": false,
    "choice_type": null,
    "max_length": 100,
    "max_digits": 10,
    "decimal_places": 2,
    "api_field_type": null,
    "api_field_default_value": null,
    "computed_logic": null
  }
},
{
  "model": "design.field",
  "pk": 77,
  "fields": {
    "label": "纹绣",
    "name": "wen_xiu",
    "pym": "wx",
    "erpsys_id": "2af44c78-1efd-11ef-9092-0e586f6f8a1e",
    "field_type": "BooleanField",
    "related_dictionary": null,
    "is_entity": false,
    "choice_type": null,
    "max_length": 100,
    "max_digits": 10,
    "decimal_places": 2,
    "api_field_type": null,
    "api_field_default_value": null,
    "computed_logic": null
  }
},
{
  "model": "design.field",
  "pk": 78,
  "fields": {
    "label": "毛发",
    "name": "mao_fa",
    "pym": "mf",
    "erpsys_id": "2af46514-1efd-11ef-9092-0e586f6f8a1e",
    "field_type": "BooleanField",
    "related_dictionary": null,
    "is_entity": false,
    "choice_type": null,
    "max_length": 100,
    "max_digits": 10,
    "decimal_places": 2,
    "api_field_type": null,
    "api_field_default_value": null,
    "computed_logic": null
  }
},
{
  "model": "design.field",
  "pk": 79,
  "fields": {
    "label": "调理",
    "name": "tiao_li",
    "pym": "tl",
    "erpsys_id": "2af47dba-1efd-11ef-9092-0e586f6f8a1e",
    "field_type": "BooleanField",
    "related_dictionary": null,
    "is_entity": false,
    "choice_type": null,
    "max_length": 100,
    "max_digits": 10,
    "decimal_places": 2,
    "api_field_type": null,
    "api_field_default_value": null,
    "computed_logic": null
  }
},
{
  "model": "design.field",
  "pk": 80,
  "fields": {
    "label": "体重",
    "name": "ti_zhong",
    "pym": "tz",
    "erpsys_id": "2af49674-1efd-11ef-9092-0e586f6f8a1e",
    "field_type": "BooleanField",
    "related_dictionary": null,
    "is_entity": false,
    "choice_type": null,
    "max_length": 100,
    "max_digits": 10,
    "decimal_places": 2,
    "api_field_type": null,
    "api_field_default_value": null,
    "computed_logic": null
  }
},
{
  "model": "design.field",
  "pk": 81,
  "fields": {
    "label": "身材",
    "name": "shen_cai",
    "pym": "sc",
    "erpsys_id": "2af4b140-1efd-11ef-9092-0e586f6f8a1e",
    "field_type": "BooleanField",
    "related_dictionary": null,
    "is_entity": false,
    "choice_type": null,
    "max_length": 100,
    "max_digits": 10,
    "decimal_places": 2,
    "api_field_type": null,
    "api_field_default_value": null,
    "computed_logic": null
  }
},
{
  "model": "design.field",
  "pk": 82,
  "fields": {
    "label": "妊娠纹",
    "name": "ren_shen_wen",
    "pym": "rsw",
    "erpsys_id": "2af4d1f2-1efd-11ef-9092-0e586f6f8a1e",
    "field_type": "BooleanField",
    "related_dictionary": null,
    "is_entity": false,
    "choice_type": null,
    "max_length": 100,
    "max_digits": 10,
    "decimal_places": 2,
    "api_field_type": null,
    "api_field_default_value": null,
    "computed_logic": null
  }
},
{
  "model": "design.field",
  "pk": 83,
  "fields": {
    "label": "瘦肩",
    "name": "shou_jian",
    "pym": "sj",
    "erpsys_id": "2af4ed68-1efd-11ef-9092-0e586f6f8a1e",
    "field_type": "BooleanField",
    "related_dictionary": null,
    "is_entity": false,
    "choice_type": null,
    "max_length": 100,
    "max_digits": 10,
    "decimal_places": 2,
    "api_field_type": null,
    "api_field_default_value": null,
    "computed_logic": null
  }
},
{
  "model": "design.field",
  "pk": 84,
  "fields": {
    "label": "瘦小腿",
    "name": "shou_xiao_tui",
    "pym": "sxt",
    "erpsys_id": "2af50708-1efd-11ef-9092-0e586f6f8a1e",
    "field_type": "BooleanField",
    "related_dictionary": null,
    "is_entity": false,
    "choice_type": null,
    "max_length": 100,
    "max_digits": 10,
    "decimal_places": 2,
    "api_field_type": null,
    "api_field_default_value": null,
    "computed_logic": null
  }
},
{
  "model": "design.field",
  "pk": 85,
  "fields": {
    "label": "瘦手臂",
    "name": "shou_shou_bi",
    "pym": "ssb",
    "erpsys_id": "2af520f8-1efd-11ef-9092-0e586f6f8a1e",
    "field_type": "BooleanField",
    "related_dictionary": null,
    "is_entity": false,
    "choice_type": null,
    "max_length": 100,
    "max_digits": 10,
    "decimal_places": 2,
    "api_field_type": null,
    "api_field_default_value": null,
    "computed_logic": null
  }
},
{
  "model": "design.field",
  "pk": 86,
  "fields": {
    "label": "干性",
    "name": "gan_xing",
    "pym": "gx",
    "erpsys_id": "2af546be-1efd-11ef-9092-0e586f6f8a1e",
    "field_type": "BooleanField",
    "related_dictionary": null,
    "is_entity": false,
    "choice_type": null,
    "max_length": 100,
    "max_digits": 10,
    "decimal_places": 2,
    "api_field_type": null,
    "api_field_default_value": null,
    "computed_logic": null
  }
},
{
  "model": "design.field",
  "pk": 87,
  "fields": {
    "label": "油性",
    "name": "you_xing",
    "pym": "yx",
    "erpsys_id": "2af56180-1efd-11ef-9092-0e586f6f8a1e",
    "field_type": "BooleanField",
    "related_dictionary": null,
    "is_entity": false,
    "choice_type": null,
    "max_length": 100,
    "max_digits": 10,
    "decimal_places": 2,
    "api_field_type": null,
    "api_field_default_value": null,
    "computed_logic": null
  }
},
{
  "model": "design.field",
  "pk": 88,
  "fields": {
    "label": "耐受性",
    "name": "nai_shou_xing",
    "pym": "nsx",
    "erpsys_id": "2af57c9c-1efd-11ef-9092-0e586f6f8a1e",
    "field_type": "BooleanField",
    "related_dictionary": null,
    "is_entity": false,
    "choice_type": null,
    "max_length": 100,
    "max_digits": 10,
    "decimal_places": 2,
    "api_field_type": null,
    "api_field_default_value": null,
    "computed_logic": null
  }
},
{
  "model": "design.field",
  "pk": 89,
  "fields": {
    "label": "敏感性",
    "name": "min_gan_xing",
    "pym": "mgx",
    "erpsys_id": "2af5972c-1efd-11ef-9092-0e586f6f8a1e",
    "field_type": "BooleanField",
    "related_dictionary": null,
    "is_entity": false,
    "choice_type": null,
    "max_length": 100,
    "max_digits": 10,
    "decimal_places": 2,
    "api_field_type": null,
    "api_field_default_value": null,
    "computed_logic": null
  }
},
{
  "model": "design.field",
  "pk": 90,
  "fields": {
    "label": "色素沉着性",
    "name": "se_su_chen_zhuo_xing",
    "pym": "ssczx",
    "erpsys_id": "2af5bbf8-1efd-11ef-9092-0e586f6f8a1e",
    "field_type": "BooleanField",
    "related_dictionary": null,
    "is_entity": false,
    "choice_type": null,
    "max_length": 100,
    "max_digits": 10,
    "decimal_places": 2,
    "api_field_type": null,
    "api_field_default_value": null,
    "computed_logic": null
  }
},
{
  "model": "design.field",
  "pk": 91,
  "fields": {
    "label": "非色素沉着性",
    "name": "fei_se_su_chen_zhuo_xing",
    "pym": "fssczx",
    "erpsys_id": "2af5d84a-1efd-11ef-9092-0e586f6f8a1e",
    "field_type": "BooleanField",
    "related_dictionary": null,
    "is_entity": false,
    "choice_type": null,
    "max_length": 100,
    "max_digits": 10,
    "decimal_places": 2,
    "api_field_type": null,
    "api_field_default_value": null,
    "computed_logic": null
  }
},
{
  "model": "design.field",
  "pk": 92,
  "fields": {
    "label": "松弛性",
    "name": "song_chi_xing",
    "pym": "scx",
    "erpsys_id": "2af5f348-1efd-11ef-9092-0e586f6f8a1e",
    "field_type": "BooleanField",
    "related_dictionary": null,
    "is_entity": false,
    "choice_type": null,
    "max_length": 100,
    "max_digits": 10,
    "decimal_places": 2,
    "api_field_type": null,
    "api_field_default_value": null,
    "computed_logic": null
  }
},
{
  "model": "design.field",
  "pk": 93,
  "fields": {
    "label": "紧致性",
    "name": "jin_zhi_xing",
    "pym": "jzx",
    "erpsys_id": "2af60b6c-1efd-11ef-9092-0e586f6f8a1e",
    "field_type": "BooleanField",
    "related_dictionary": null,
    "is_entity": false,
    "choice_type": null,
    "max_length": 100,
    "max_digits": 10,
    "decimal_places": 2,
    "api_field_type": null,
    "api_field_default_value": null,
    "computed_logic": null
  }
},
{
  "model": "design.field",
  "pk": 94,
  "fields": {
    "label": "皱纹性",
    "name": "zhou_wen_xing",
    "pym": "zwx",
    "erpsys_id": "2af62570-1efd-11ef-9092-0e586f6f8a1e",
    "field_type": "BooleanField",
    "related_dictionary": null,
    "is_entity": false,
    "choice_type": null,
    "max_length": 100,
    "max_digits": 10,
    "decimal_places": 2,
    "api_field_type": null,
    "api_field_default_value": null,
    "computed_logic": null
  }
},
{
  "model": "design.field",
  "pk": 95,
  "fields": {
    "label": "下垂",
    "name": "xia_chui",
    "pym": "xc",
    "erpsys_id": "2af64046-1efd-11ef-9092-0e586f6f8a1e",
    "field_type": "BooleanField",
    "related_dictionary": null,
    "is_entity": false,
    "choice_type": null,
    "max_length": 100,
    "max_digits": 10,
    "decimal_places": 2,
    "api_field_type": null,
    "api_field_default_value": null,
    "computed_logic": null
  }
},
{
  "model": "design.field",
  "pk": 96,
  "fields": {
    "label": "部位",
    "name": "bu_wei",
    "pym": "bw",
    "erpsys_id": "2af66170-1efd-11ef-9092-0e586f6f8a1e",
    "field_type": "CharField",
    "related_dictionary": null,
    "is_entity": false,
    "choice_type": null,
    "max_length": 100,
    "max_digits": 10,
    "decimal_places": 2,
    "api_field_type": null,
    "api_field_default_value": null,
    "computed_logic": null
  }
},
{
  "model": "design.field",
  "pk": 97,
  "fields": {
    "label": "肤色",
    "name": "fu_se",
    "pym": "fs",
    "erpsys_id": "2af6cd9a-1efd-11ef-9092-0e586f6f8a1e",
    "field_type": "DictionaryField",
    "related_dictionary": 5,
    "is_entity": false,
    "choice_type": null,
    "max_length": 100,
    "max_digits": 10,
    "decimal_places": 2,
    "api_field_type": null,
    "api_field_default_value": null,
    "computed_logic": null
  }
},
{
  "model": "design.field",
  "pk": 98,
  "fields": {
    "label": "均匀度",
    "name": "jun_yun_du",
    "pym": "jyd",
    "erpsys_id": "2af7333e-1efd-11ef-9092-0e586f6f8a1e",
    "field_type": "DictionaryField",
    "related_dictionary": 6,
    "is_entity": false,
    "choice_type": null,
    "max_length": 100,
    "max_digits": 10,
    "decimal_places": 2,
    "api_field_type": null,
    "api_field_default_value": null,
    "computed_logic": null
  }
},
{
  "model": "design.field",
  "pk": 99,
  "fields": {
    "label": "光泽度",
    "name": "guang_ze_du",
    "pym": "gzd",
    "erpsys_id": "2af795b8-1efd-11ef-9092-0e586f6f8a1e",
    "field_type": "DictionaryField",
    "related_dictionary": 7,
    "is_entity": false,
    "choice_type": null,
    "max_length": 100,
    "max_digits": 10,
    "decimal_places": 2,
    "api_field_type": null,
    "api_field_default_value": null,
    "computed_logic": null
  }
},
{
  "model": "design.field",
  "pk": 100,
  "fields": {
    "label": "弹性度",
    "name": "tan_xing_du",
    "pym": "txd",
    "erpsys_id": "2af81696-1efd-11ef-9092-0e586f6f8a1e",
    "field_type": "DictionaryField",
    "related_dictionary": 8,
    "is_entity": false,
    "choice_type": null,
    "max_length": 100,
    "max_digits": 10,
    "decimal_places": 2,
    "api_field_type": null,
    "api_field_default_value": null,
    "computed_logic": null
  }
},
{
  "model": "design.field",
  "pk": 101,
  "fields": {
    "label": "光滑度",
    "name": "guang_hua_du",
    "pym": "ghd",
    "erpsys_id": "2af88b08-1efd-11ef-9092-0e586f6f8a1e",
    "field_type": "DictionaryField",
    "related_dictionary": 9,
    "is_entity": false,
    "choice_type": null,
    "max_length": 100,
    "max_digits": 10,
    "decimal_places": 2,
    "api_field_type": null,
    "api_field_default_value": null,
    "computed_logic": null
  }
},
{
  "model": "design.field",
  "pk": 102,
  "fields": {
    "label": "毛孔",
    "name": "mao_kong",
    "pym": "mk",
    "erpsys_id": "2af8f7c8-1efd-11ef-9092-0e586f6f8a1e",
    "field_type": "DictionaryField",
    "related_dictionary": 10,
    "is_entity": false,
    "choice_type": null,
    "max_length": 100,
    "max_digits": 10,
    "decimal_places": 2,
    "api_field_type": null,
    "api_field_default_value": null,
    "computed_logic": null
  }
},
{
  "model": "design.field",
  "pk": 103,
  "fields": {
    "label": "皱纹",
    "name": "zhou_wen",
    "pym": "zw",
    "erpsys_id": "2af97810-1efd-11ef-9092-0e586f6f8a1e",
    "field_type": "DictionaryField",
    "related_dictionary": 11,
    "is_entity": false,
    "choice_type": null,
    "max_length": 100,
    "max_digits": 10,
    "decimal_places": 2,
    "api_field_type": null,
    "api_field_default_value": null,
    "computed_logic": null
  }
},
{
  "model": "design.field",
  "pk": 104,
  "fields": {
    "label": "大轮廓",
    "name": "da_lun_kuo",
    "pym": "dlk",
    "erpsys_id": "2af9dfa8-1efd-11ef-9092-0e586f6f8a1e",
    "field_type": "DictionaryField",
    "related_dictionary": 12,
    "is_entity": false,
    "choice_type": null,
    "max_length": 100,
    "max_digits": 10,
    "decimal_places": 2,
    "api_field_type": null,
    "api_field_default_value": null,
    "computed_logic": null
  }
},
{
  "model": "design.field",
  "pk": 105,
  "fields": {
    "label": "小轮廓",
    "name": "xiao_lun_kuo",
    "pym": "xlk",
    "erpsys_id": "2afa547e-1efd-11ef-9092-0e586f6f8a1e",
    "field_type": "DictionaryField",
    "related_dictionary": 13,
    "is_entity": false,
    "choice_type": null,
    "max_length": 100,
    "max_digits": 10,
    "decimal_places": 2,
    "api_field_type": null,
    "api_field_default_value": null,
    "computed_logic": null
  }
},
{
  "model": "design.field",
  "pk": 106,
  "fields": {
    "label": "种类",
    "name": "zhong_lei",
    "pym": "zl",
    "erpsys_id": "2afac684-1efd-11ef-9092-0e586f6f8a1e",
    "field_type": "DictionaryField",
    "related_dictionary": 14,
    "is_entity": false,
    "choice_type": null,
    "max_length": 100,
    "max_digits": 10,
    "decimal_places": 2,
    "api_field_type": null,
    "api_field_default_value": null,
    "computed_logic": null
  }
},
{
  "model": "design.field",
  "pk": 107,
  "fields": {
    "label": "颜色",
    "name": "yan_se",
    "pym": "ys",
    "erpsys_id": "2afb313c-1efd-11ef-9092-0e586f6f8a1e",
    "field_type": "DictionaryField",
    "related_dictionary": 15,
    "is_entity": false,
    "choice_type": null,
    "max_length": 100,
    "max_digits": 10,
    "decimal_places": 2,
    "api_field_type": null,
    "api_field_default_value": null,
    "computed_logic": null
  }
},
{
  "model": "design.field",
  "pk": 108,
  "fields": {
    "label": "并皮下炎症",
    "name": "bing_pi_xia_yan_zheng",
    "pym": "bpxyz",
    "erpsys_id": "2afb9410-1efd-11ef-9092-0e586f6f8a1e",
    "field_type": "DictionaryField",
    "related_dictionary": 16,
    "is_entity": false,
    "choice_type": null,
    "max_length": 100,
    "max_digits": 10,
    "decimal_places": 2,
    "api_field_type": null,
    "api_field_default_value": null,
    "computed_logic": null
  }
},
{
  "model": "design.field",
  "pk": 109,
  "fields": {
    "label": "形态",
    "name": "xing_tai",
    "pym": "xt",
    "erpsys_id": "2afbfd4c-1efd-11ef-9092-0e586f6f8a1e",
    "field_type": "DictionaryField",
    "related_dictionary": 17,
    "is_entity": false,
    "choice_type": null,
    "max_length": 100,
    "max_digits": 10,
    "decimal_places": 2,
    "api_field_type": null,
    "api_field_default_value": null,
    "computed_logic": null
  }
},
{
  "model": "design.field",
  "pk": 110,
  "fields": {
    "label": "大片状",
    "name": "da_pian_zhuang",
    "pym": "dpz",
    "erpsys_id": "2afc5c9c-1efd-11ef-9092-0e586f6f8a1e",
    "field_type": "DictionaryField",
    "related_dictionary": 18,
    "is_entity": false,
    "choice_type": null,
    "max_length": 100,
    "max_digits": 10,
    "decimal_places": 2,
    "api_field_type": null,
    "api_field_default_value": null,
    "computed_logic": null
  }
},
{
  "model": "design.field",
  "pk": 111,
  "fields": {
    "label": "色斑活跃度",
    "name": "se_ban_huo_yue_du",
    "pym": "sbhyd",
    "erpsys_id": "2afcc984-1efd-11ef-9092-0e586f6f8a1e",
    "field_type": "DictionaryField",
    "related_dictionary": 19,
    "is_entity": false,
    "choice_type": null,
    "max_length": 100,
    "max_digits": 10,
    "decimal_places": 2,
    "api_field_type": null,
    "api_field_default_value": null,
    "computed_logic": null
  }
},
{
  "model": "design.field",
  "pk": 112,
  "fields": {
    "label": "边界",
    "name": "bian_jie",
    "pym": "bj",
    "erpsys_id": "2afdd02c-1efd-11ef-9092-0e586f6f8a1e",
    "field_type": "DictionaryField",
    "related_dictionary": 20,
    "is_entity": false,
    "choice_type": null,
    "max_length": 100,
    "max_digits": 10,
    "decimal_places": 2,
    "api_field_type": null,
    "api_field_default_value": null,
    "computed_logic": null
  }
},
{
  "model": "design.field",
  "pk": 113,
  "fields": {
    "label": "增生情况",
    "name": "zeng_sheng_qing_kuang",
    "pym": "zsqk",
    "erpsys_id": "2afe309e-1efd-11ef-9092-0e586f6f8a1e",
    "field_type": "DictionaryField",
    "related_dictionary": 21,
    "is_entity": false,
    "choice_type": null,
    "max_length": 100,
    "max_digits": 10,
    "decimal_places": 2,
    "api_field_type": null,
    "api_field_default_value": null,
    "computed_logic": null
  }
},
{
  "model": "design.field",
  "pk": 114,
  "fields": {
    "label": "玻片实验",
    "name": "bo_pian_shi_yan",
    "pym": "bpsy",
    "erpsys_id": "2afe9e08-1efd-11ef-9092-0e586f6f8a1e",
    "field_type": "DictionaryField",
    "related_dictionary": 22,
    "is_entity": false,
    "choice_type": null,
    "max_length": 100,
    "max_digits": 10,
    "decimal_places": 2,
    "api_field_type": null,
    "api_field_default_value": null,
    "computed_logic": null
  }
},
{
  "model": "design.field",
  "pk": 115,
  "fields": {
    "label": "充盈速度",
    "name": "chong_ying_su_du",
    "pym": "cysd",
    "erpsys_id": "2afefeca-1efd-11ef-9092-0e586f6f8a1e",
    "field_type": "DictionaryField",
    "related_dictionary": 23,
    "is_entity": false,
    "choice_type": null,
    "max_length": 100,
    "max_digits": 10,
    "decimal_places": 2,
    "api_field_type": null,
    "api_field_default_value": null,
    "computed_logic": null
  }
},
{
  "model": "design.field",
  "pk": 116,
  "fields": {
    "label": "皮疹种类",
    "name": "pi_zhen_zhong_lei",
    "pym": "pzzl",
    "erpsys_id": "2aff7472-1efd-11ef-9092-0e586f6f8a1e",
    "field_type": "DictionaryField",
    "related_dictionary": 24,
    "is_entity": false,
    "choice_type": null,
    "max_length": 100,
    "max_digits": 10,
    "decimal_places": 2,
    "api_field_type": null,
    "api_field_default_value": null,
    "computed_logic": null
  }
},
{
  "model": "design.field",
  "pk": 117,
  "fields": {
    "label": "临床分级",
    "name": "lin_chuang_fen_ji",
    "pym": "lcfj",
    "erpsys_id": "2affe9f2-1efd-11ef-9092-0e586f6f8a1e",
    "field_type": "DictionaryField",
    "related_dictionary": 25,
    "is_entity": false,
    "choice_type": null,
    "max_length": 100,
    "max_digits": 10,
    "decimal_places": 2,
    "api_field_type": null,
    "api_field_default_value": null,
    "computed_logic": null
  }
},
{
  "model": "design.field",
  "pk": 118,
  "fields": {
    "label": "痘印颜色",
    "name": "dou_yin_yan_se",
    "pym": "dyys",
    "erpsys_id": "2b005428-1efd-11ef-9092-0e586f6f8a1e",
    "field_type": "DictionaryField",
    "related_dictionary": 26,
    "is_entity": false,
    "choice_type": null,
    "max_length": 100,
    "max_digits": 10,
    "decimal_places": 2,
    "api_field_type": null,
    "api_field_default_value": null,
    "computed_logic": null
  }
},
{
  "model": "design.field",
  "pk": 119,
  "fields": {
    "label": "痘坑类型",
    "name": "dou_keng_lei_xing",
    "pym": "dklx",
    "erpsys_id": "2b00b742-1efd-11ef-9092-0e586f6f8a1e",
    "field_type": "DictionaryField",
    "related_dictionary": 27,
    "is_entity": false,
    "choice_type": null,
    "max_length": 100,
    "max_digits": 10,
    "decimal_places": 2,
    "api_field_type": null,
    "api_field_default_value": null,
    "computed_logic": null
  }
},
{
  "model": "design.field",
  "pk": 120,
  "fields": {
    "label": "增生性疤痕",
    "name": "zeng_sheng_xing_ba_hen",
    "pym": "zsxbh",
    "erpsys_id": "2b011e30-1efd-11ef-9092-0e586f6f8a1e",
    "field_type": "DictionaryField",
    "related_dictionary": 28,
    "is_entity": false,
    "choice_type": null,
    "max_length": 100,
    "max_digits": 10,
    "decimal_places": 2,
    "api_field_type": null,
    "api_field_default_value": null,
    "computed_logic": null
  }
},
{
  "model": "design.field",
  "pk": 121,
  "fields": {
    "label": "密度",
    "name": "mi_du",
    "pym": "md",
    "erpsys_id": "2b018460-1efd-11ef-9092-0e586f6f8a1e",
    "field_type": "DictionaryField",
    "related_dictionary": 29,
    "is_entity": false,
    "choice_type": null,
    "max_length": 100,
    "max_digits": 10,
    "decimal_places": 2,
    "api_field_type": null,
    "api_field_default_value": null,
    "computed_logic": null
  }
},
{
  "model": "design.field",
  "pk": 122,
  "fields": {
    "label": "质地",
    "name": "zhi_di",
    "pym": "zd",
    "erpsys_id": "2b01e91e-1efd-11ef-9092-0e586f6f8a1e",
    "field_type": "DictionaryField",
    "related_dictionary": 30,
    "is_entity": false,
    "choice_type": null,
    "max_length": 100,
    "max_digits": 10,
    "decimal_places": 2,
    "api_field_type": null,
    "api_field_default_value": null,
    "computed_logic": null
  }
},
{
  "model": "design.field",
  "pk": 123,
  "fields": {
    "label": "韧度",
    "name": "ren_du",
    "pym": "rd",
    "erpsys_id": "2b0253cc-1efd-11ef-9092-0e586f6f8a1e",
    "field_type": "DictionaryField",
    "related_dictionary": 31,
    "is_entity": false,
    "choice_type": null,
    "max_length": 100,
    "max_digits": 10,
    "decimal_places": 2,
    "api_field_type": null,
    "api_field_default_value": null,
    "computed_logic": null
  }
},
{
  "model": "design.field",
  "pk": 124,
  "fields": {
    "label": "光泽",
    "name": "guang_ze",
    "pym": "gz",
    "erpsys_id": "2b02b790-1efd-11ef-9092-0e586f6f8a1e",
    "field_type": "DictionaryField",
    "related_dictionary": 32,
    "is_entity": false,
    "choice_type": null,
    "max_length": 100,
    "max_digits": 10,
    "decimal_places": 2,
    "api_field_type": null,
    "api_field_default_value": null,
    "computed_logic": null
  }
},
{
  "model": "design.field",
  "pk": 125,
  "fields": {
    "label": "油脂",
    "name": "you_zhi",
    "pym": "yz",
    "erpsys_id": "2b032400-1efd-11ef-9092-0e586f6f8a1e",
    "field_type": "DictionaryField",
    "related_dictionary": 33,
    "is_entity": false,
    "choice_type": null,
    "max_length": 100,
    "max_digits": 10,
    "decimal_places": 2,
    "api_field_type": null,
    "api_field_default_value": null,
    "computed_logic": null
  }
},
{
  "model": "design.field",
  "pk": 126,
  "fields": {
    "label": "脱屑",
    "name": "tuo_xie",
    "pym": "tx",
    "erpsys_id": "2b038f3a-1efd-11ef-9092-0e586f6f8a1e",
    "field_type": "DictionaryField",
    "related_dictionary": 34,
    "is_entity": false,
    "choice_type": null,
    "max_length": 100,
    "max_digits": 10,
    "decimal_places": 2,
    "api_field_type": null,
    "api_field_default_value": null,
    "computed_logic": null
  }
},
{
  "model": "design.field",
  "pk": 127,
  "fields": {
    "label": "炎症",
    "name": "yan_zheng",
    "pym": "yz",
    "erpsys_id": "2b03f114-1efd-11ef-9092-0e586f6f8a1e",
    "field_type": "DictionaryField",
    "related_dictionary": 35,
    "is_entity": false,
    "choice_type": null,
    "max_length": 100,
    "max_digits": 10,
    "decimal_places": 2,
    "api_field_type": null,
    "api_field_default_value": null,
    "computed_logic": null
  }
},
{
  "model": "design.field",
  "pk": 128,
  "fields": {
    "label": "其他问题评估",
    "name": "qi_ta_wen_ti_ping_gu",
    "pym": "qtwtpg",
    "erpsys_id": "2b040a82-1efd-11ef-9092-0e586f6f8a1e",
    "field_type": "CharField",
    "related_dictionary": null,
    "is_entity": false,
    "choice_type": null,
    "max_length": 100,
    "max_digits": 10,
    "decimal_places": 2,
    "api_field_type": null,
    "api_field_default_value": null,
    "computed_logic": null
  }
},
{
  "model": "design.field",
  "pk": 129,
  "fields": {
    "label": "客户姓名",
    "name": "ke_hu_xing_ming",
    "pym": "khxm",
    "erpsys_id": "2b043ae8-1efd-11ef-9092-0e586f6f8a1e",
    "field_type": "CharField",
    "related_dictionary": null,
    "is_entity": false,
    "choice_type": null,
    "max_length": 100,
    "max_digits": 10,
    "decimal_places": 2,
    "api_field_type": null,
    "api_field_default_value": null,
    "computed_logic": null
  }
},
{
  "model": "design.field",
  "pk": 130,
  "fields": {
    "label": "医生姓名",
    "name": "yi_sheng_xing_ming",
    "pym": "ysxm",
    "erpsys_id": "2b046216-1efd-11ef-9092-0e586f6f8a1e",
    "field_type": "CharField",
    "related_dictionary": null,
    "is_entity": false,
    "choice_type": null,
    "max_length": 100,
    "max_digits": 10,
    "decimal_places": 2,
    "api_field_type": null,
    "api_field_default_value": null,
    "computed_logic": null
  }
},
{
  "model": "design.field",
  "pk": 131,
  "fields": {
    "label": "日期",
    "name": "ri_qi",
    "pym": "rq",
    "erpsys_id": "2b048e6c-1efd-11ef-9092-0e586f6f8a1e",
    "field_type": "DateField",
    "related_dictionary": null,
    "is_entity": false,
    "choice_type": null,
    "max_length": 100,
    "max_digits": 10,
    "decimal_places": 2,
    "api_field_type": null,
    "api_field_default_value": null,
    "computed_logic": null
  }
},
{
  "model": "design.field",
  "pk": 132,
  "fields": {
    "label": "出生年月",
    "name": "chu_sheng_nian_yue",
    "pym": "csny",
    "erpsys_id": "2b04bfea-1efd-11ef-9092-0e586f6f8a1e",
    "field_type": "DateField",
    "related_dictionary": null,
    "is_entity": false,
    "choice_type": null,
    "max_length": 100,
    "max_digits": 10,
    "decimal_places": 2,
    "api_field_type": null,
    "api_field_default_value": null,
    "computed_logic": null
  }
},
{
  "model": "design.field",
  "pk": 133,
  "fields": {
    "label": "居住地 (省、市)",
    "name": "ju_zhu_di_sheng_shi",
    "pym": "jzd (s、s)",
    "erpsys_id": "2b04e560-1efd-11ef-9092-0e586f6f8a1e",
    "field_type": "CharField",
    "related_dictionary": null,
    "is_entity": false,
    "choice_type": null,
    "max_length": 100,
    "max_digits": 10,
    "decimal_places": 2,
    "api_field_type": null,
    "api_field_default_value": null,
    "computed_logic": null
  }
},
{
  "model": "design.field",
  "pk": 134,
  "fields": {
    "label": "药物过敏史",
    "name": "yao_wu_guo_min_shi",
    "pym": "ywgms",
    "erpsys_id": "2b050112-1efd-11ef-9092-0e586f6f8a1e",
    "field_type": "CharField",
    "related_dictionary": null,
    "is_entity": false,
    "choice_type": null,
    "max_length": 100,
    "max_digits": 10,
    "decimal_places": 2,
    "api_field_type": null,
    "api_field_default_value": null,
    "computed_logic": null
  }
},
{
  "model": "design.field",
  "pk": 135,
  "fields": {
    "label": "是否怀孕",
    "name": "shi_fou_huai_yun",
    "pym": "sfhy",
    "erpsys_id": "2b051b48-1efd-11ef-9092-0e586f6f8a1e",
    "field_type": "BooleanField",
    "related_dictionary": null,
    "is_entity": false,
    "choice_type": null,
    "max_length": 100,
    "max_digits": 10,
    "decimal_places": 2,
    "api_field_type": null,
    "api_field_default_value": null,
    "computed_logic": null
  }
},
{
  "model": "design.field",
  "pk": 136,
  "fields": {
    "label": "孕期",
    "name": "yun_qi",
    "pym": "yq",
    "erpsys_id": "2b053380-1efd-11ef-9092-0e586f6f8a1e",
    "field_type": "IntegerField",
    "related_dictionary": null,
    "is_entity": false,
    "choice_type": null,
    "max_length": 100,
    "max_digits": 10,
    "decimal_places": 2,
    "api_field_type": null,
    "api_field_default_value": null,
    "computed_logic": null
  }
},
{
  "model": "design.field",
  "pk": 137,
  "fields": {
    "label": "是否经期",
    "name": "shi_fou_jing_qi",
    "pym": "sfjq",
    "erpsys_id": "2b054d70-1efd-11ef-9092-0e586f6f8a1e",
    "field_type": "BooleanField",
    "related_dictionary": null,
    "is_entity": false,
    "choice_type": null,
    "max_length": 100,
    "max_digits": 10,
    "decimal_places": 2,
    "api_field_type": null,
    "api_field_default_value": null,
    "computed_logic": null
  }
},
{
  "model": "design.field",
  "pk": 138,
  "fields": {
    "label": "是否哺乳期",
    "name": "shi_fou_bu_ru_qi",
    "pym": "sfbrq",
    "erpsys_id": "2b0567e2-1efd-11ef-9092-0e586f6f8a1e",
    "field_type": "BooleanField",
    "related_dictionary": null,
    "is_entity": false,
    "choice_type": null,
    "max_length": 100,
    "max_digits": 10,
    "decimal_places": 2,
    "api_field_type": null,
    "api_field_default_value": null,
    "computed_logic": null
  }
},
{
  "model": "design.field",
  "pk": 139,
  "fields": {
    "label": "主诉",
    "name": "zhu_su",
    "pym": "zs",
    "erpsys_id": "2b0580d8-1efd-11ef-9092-0e586f6f8a1e",
    "field_type": "TextField",
    "related_dictionary": null,
    "is_entity": false,
    "choice_type": null,
    "max_length": 100,
    "max_digits": 10,
    "decimal_places": 2,
    "api_field_type": null,
    "api_field_default_value": null,
    "computed_logic": null
  }
},
{
  "model": "design.field",
  "pk": 140,
  "fields": {
    "label": "治疗意见",
    "name": "zhi_liao_yi_jian",
    "pym": "zlyj",
    "erpsys_id": "2b059a14-1efd-11ef-9092-0e586f6f8a1e",
    "field_type": "TextField",
    "related_dictionary": null,
    "is_entity": false,
    "choice_type": null,
    "max_length": 100,
    "max_digits": 10,
    "decimal_places": 2,
    "api_field_type": null,
    "api_field_default_value": null,
    "computed_logic": null
  }
},
{
  "model": "design.field",
  "pk": 141,
  "fields": {
    "label": "病案号",
    "name": "bing_an_hao",
    "pym": "bah",
    "erpsys_id": "2b085a4c-1efd-11ef-9092-0e586f6f8a1e",
    "field_type": "CharField",
    "related_dictionary": null,
    "is_entity": false,
    "choice_type": null,
    "max_length": 100,
    "max_digits": 10,
    "decimal_places": 2,
    "api_field_type": null,
    "api_field_default_value": null,
    "computed_logic": null
  }
},
{
  "model": "design.field",
  "pk": 142,
  "fields": {
    "label": "波段 (nm)",
    "name": "bo_duan",
    "pym": "bd (nm)",
    "erpsys_id": "2b0884e0-1efd-11ef-9092-0e586f6f8a1e",
    "field_type": "IntegerField",
    "related_dictionary": null,
    "is_entity": false,
    "choice_type": null,
    "max_length": 100,
    "max_digits": 10,
    "decimal_places": 2,
    "api_field_type": null,
    "api_field_default_value": null,
    "computed_logic": null
  }
},
{
  "model": "design.field",
  "pk": 143,
  "fields": {
    "label": "能量密度 (J/CM2)",
    "name": "neng_liang_mi_du",
    "pym": "nlmd (J/CM2)",
    "erpsys_id": "2b08a15a-1efd-11ef-9092-0e586f6f8a1e",
    "field_type": "IntegerField",
    "related_dictionary": null,
    "is_entity": false,
    "choice_type": null,
    "max_length": 100,
    "max_digits": 10,
    "decimal_places": 2,
    "api_field_type": null,
    "api_field_default_value": null,
    "computed_logic": null
  }
},
{
  "model": "design.field",
  "pk": 144,
  "fields": {
    "label": "脉宽 (ms)",
    "name": "mai_kuan",
    "pym": "mk (ms)",
    "erpsys_id": "2b08bc62-1efd-11ef-9092-0e586f6f8a1e",
    "field_type": "IntegerField",
    "related_dictionary": null,
    "is_entity": false,
    "choice_type": null,
    "max_length": 100,
    "max_digits": 10,
    "decimal_places": 2,
    "api_field_type": null,
    "api_field_default_value": null,
    "computed_logic": null
  }
},
{
  "model": "design.field",
  "pk": 145,
  "fields": {
    "label": "冷却温度 (°C)",
    "name": "leng_que_wen_du",
    "pym": "lqwd (°C)",
    "erpsys_id": "2b08d508-1efd-11ef-9092-0e586f6f8a1e",
    "field_type": "IntegerField",
    "related_dictionary": null,
    "is_entity": false,
    "choice_type": null,
    "max_length": 100,
    "max_digits": 10,
    "decimal_places": 2,
    "api_field_type": null,
    "api_field_default_value": null,
    "computed_logic": null
  }
},
{
  "model": "design.field",
  "pk": 146,
  "fields": {
    "label": "终点反应",
    "name": "zhong_dian_fan_ying",
    "pym": "zdfy",
    "erpsys_id": "2b08ed7c-1efd-11ef-9092-0e586f6f8a1e",
    "field_type": "CharField",
    "related_dictionary": null,
    "is_entity": false,
    "choice_type": null,
    "max_length": 100,
    "max_digits": 10,
    "decimal_places": 2,
    "api_field_type": null,
    "api_field_default_value": null,
    "computed_logic": null
  }
},
{
  "model": "design.field",
  "pk": 147,
  "fields": {
    "label": "患者签名",
    "name": "huan_zhe_qian_ming",
    "pym": "hzqm",
    "erpsys_id": "2b0905aa-1efd-11ef-9092-0e586f6f8a1e",
    "field_type": "CharField",
    "related_dictionary": null,
    "is_entity": false,
    "choice_type": null,
    "max_length": 100,
    "max_digits": 10,
    "decimal_places": 2,
    "api_field_type": null,
    "api_field_default_value": null,
    "computed_logic": null
  }
},
{
  "model": "design.field",
  "pk": 148,
  "fields": {
    "label": "操作人签名",
    "name": "cao_zuo_ren_qian_ming",
    "pym": "czrqm",
    "erpsys_id": "2b092012-1efd-11ef-9092-0e586f6f8a1e",
    "field_type": "CharField",
    "related_dictionary": null,
    "is_entity": false,
    "choice_type": null,
    "max_length": 100,
    "max_digits": 10,
    "decimal_places": 2,
    "api_field_type": null,
    "api_field_default_value": null,
    "computed_logic": null
  }
},
{
  "model": "design.field",
  "pk": 149,
  "fields": {
    "label": "病历号",
    "name": "bing_li_hao",
    "pym": "blh",
    "erpsys_id": "2b094344-1efd-11ef-9092-0e586f6f8a1e",
    "field_type": "CharField",
    "related_dictionary": null,
    "is_entity": false,
    "choice_type": null,
    "max_length": 100,
    "max_digits": 10,
    "decimal_places": 2,
    "api_field_type": null,
    "api_field_default_value": null,
    "computed_logic": null
  }
},
{
  "model": "design.field",
  "pk": 150,
  "fields": {
    "label": "次数",
    "name": "ci_shu",
    "pym": "cs",
    "erpsys_id": "2b096298-1efd-11ef-9092-0e586f6f8a1e",
    "field_type": "IntegerField",
    "related_dictionary": null,
    "is_entity": false,
    "choice_type": null,
    "max_length": 100,
    "max_digits": 10,
    "decimal_places": 2,
    "api_field_type": null,
    "api_field_default_value": null,
    "computed_logic": null
  }
},
{
  "model": "design.field",
  "pk": 151,
  "fields": {
    "label": "图例",
    "name": "tu_li",
    "pym": "tl",
    "erpsys_id": "2b097fbc-1efd-11ef-9092-0e586f6f8a1e",
    "field_type": "CharField",
    "related_dictionary": null,
    "is_entity": false,
    "choice_type": null,
    "max_length": 100,
    "max_digits": 10,
    "decimal_places": 2,
    "api_field_type": null,
    "api_field_default_value": null,
    "computed_logic": null
  }
},
{
  "model": "design.field",
  "pk": 152,
  "fields": {
    "label": "手术医生",
    "name": "shou_shu_yi_sheng",
    "pym": "ssys",
    "erpsys_id": "2b099e2a-1efd-11ef-9092-0e586f6f8a1e",
    "field_type": "CharField",
    "related_dictionary": null,
    "is_entity": false,
    "choice_type": null,
    "max_length": 100,
    "max_digits": 10,
    "decimal_places": 2,
    "api_field_type": null,
    "api_field_default_value": null,
    "computed_logic": null
  }
},
{
  "model": "design.field",
  "pk": 153,
  "fields": {
    "label": "患者知情同意签字",
    "name": "huan_zhe_zhi_qing_tong_yi_qian_zi",
    "pym": "hzzqtyqz",
    "erpsys_id": "2b09c7e2-1efd-11ef-9092-0e586f6f8a1e",
    "field_type": "CharField",
    "related_dictionary": null,
    "is_entity": false,
    "choice_type": null,
    "max_length": 100,
    "max_digits": 10,
    "decimal_places": 2,
    "api_field_type": null,
    "api_field_default_value": null,
    "computed_logic": null
  }
},
{
  "model": "design.field",
  "pk": 154,
  "fields": {
    "label": "随访记录",
    "name": "sui_fang_ji_lu",
    "pym": "sfjl",
    "erpsys_id": "2b09f3c0-1efd-11ef-9092-0e586f6f8a1e",
    "field_type": "TextField",
    "related_dictionary": null,
    "is_entity": false,
    "choice_type": null,
    "max_length": 100,
    "max_digits": 10,
    "decimal_places": 2,
    "api_field_type": null,
    "api_field_default_value": null,
    "computed_logic": null
  }
},
{
  "model": "design.field",
  "pk": 155,
  "fields": {
    "label": "波段",
    "name": "bo_duan",
    "pym": "bd",
    "erpsys_id": "2b0a23b8-1efd-11ef-9092-0e586f6f8a1e",
    "field_type": "IntegerField",
    "related_dictionary": null,
    "is_entity": false,
    "choice_type": null,
    "max_length": 100,
    "max_digits": 10,
    "decimal_places": 2,
    "api_field_type": null,
    "api_field_default_value": null,
    "computed_logic": null
  }
},
{
  "model": "design.field",
  "pk": 156,
  "fields": {
    "label": "频率",
    "name": "pin_lv",
    "pym": "pl",
    "erpsys_id": "2b0a3bbe-1efd-11ef-9092-0e586f6f8a1e",
    "field_type": "IntegerField",
    "related_dictionary": null,
    "is_entity": false,
    "choice_type": null,
    "max_length": 100,
    "max_digits": 10,
    "decimal_places": 2,
    "api_field_type": null,
    "api_field_default_value": null,
    "computed_logic": null
  }
},
{
  "model": "design.field",
  "pk": 157,
  "fields": {
    "label": "能量",
    "name": "neng_liang",
    "pym": "nl",
    "erpsys_id": "2b0a5cde-1efd-11ef-9092-0e586f6f8a1e",
    "field_type": "DecimalField",
    "related_dictionary": null,
    "is_entity": false,
    "choice_type": null,
    "max_length": 100,
    "max_digits": 10,
    "decimal_places": 2,
    "api_field_type": null,
    "api_field_default_value": null,
    "computed_logic": null
  }
},
{
  "model": "design.field",
  "pk": 158,
  "fields": {
    "label": "光斑",
    "name": "guang_ban",
    "pym": "gb",
    "erpsys_id": "2b0a7444-1efd-11ef-9092-0e586f6f8a1e",
    "field_type": "IntegerField",
    "related_dictionary": null,
    "is_entity": false,
    "choice_type": null,
    "max_length": 100,
    "max_digits": 10,
    "decimal_places": 2,
    "api_field_type": null,
    "api_field_default_value": null,
    "computed_logic": null
  }
},
{
  "model": "design.field",
  "pk": 159,
  "fields": {
    "label": "治疗次数",
    "name": "zhi_liao_ci_shu",
    "pym": "zlcs",
    "erpsys_id": "2b0aba3a-1efd-11ef-9092-0e586f6f8a1e",
    "field_type": "IntegerField",
    "related_dictionary": null,
    "is_entity": false,
    "choice_type": null,
    "max_length": 100,
    "max_digits": 10,
    "decimal_places": 2,
    "api_field_type": null,
    "api_field_default_value": null,
    "computed_logic": null
  }
},
{
  "model": "design.field",
  "pk": 160,
  "fields": {
    "label": "治疗日期",
    "name": "zhi_liao_ri_qi",
    "pym": "zlrq",
    "erpsys_id": "2b0ad7b8-1efd-11ef-9092-0e586f6f8a1e",
    "field_type": "DateField",
    "related_dictionary": null,
    "is_entity": false,
    "choice_type": null,
    "max_length": 100,
    "max_digits": 10,
    "decimal_places": 2,
    "api_field_type": null,
    "api_field_default_value": null,
    "computed_logic": null
  }
},
{
  "model": "design.field",
  "pk": 161,
  "fields": {
    "label": "酸浓度",
    "name": "suan_nong_du",
    "pym": "snd",
    "erpsys_id": "2b0af3b0-1efd-11ef-9092-0e586f6f8a1e",
    "field_type": "CharField",
    "related_dictionary": null,
    "is_entity": false,
    "choice_type": null,
    "max_length": 100,
    "max_digits": 10,
    "decimal_places": 2,
    "api_field_type": null,
    "api_field_default_value": null,
    "computed_logic": null
  }
},
{
  "model": "design.field",
  "pk": 162,
  "fields": {
    "label": "停留时间",
    "name": "ting_liu_shi_jian",
    "pym": "tlsj",
    "erpsys_id": "2b0b1c1e-1efd-11ef-9092-0e586f6f8a1e",
    "field_type": "CharField",
    "related_dictionary": null,
    "is_entity": false,
    "choice_type": null,
    "max_length": 100,
    "max_digits": 10,
    "decimal_places": 2,
    "api_field_type": null,
    "api_field_default_value": null,
    "computed_logic": null
  }
},
{
  "model": "design.field",
  "pk": 163,
  "fields": {
    "label": "红斑程度 (0-3分)",
    "name": "hong_ban_cheng_du_fen",
    "pym": "hbcd (0-3f)",
    "erpsys_id": "2b0b3730-1efd-11ef-9092-0e586f6f8a1e",
    "field_type": "IntegerField",
    "related_dictionary": null,
    "is_entity": false,
    "choice_type": null,
    "max_length": 100,
    "max_digits": 10,
    "decimal_places": 2,
    "api_field_type": null,
    "api_field_default_value": null,
    "computed_logic": null
  }
},
{
  "model": "design.field",
  "pk": 164,
  "fields": {
    "label": "刺痛发痒 (0-9分)",
    "name": "ci_tong_fa_yang_fen",
    "pym": "ctfy (0-9f)",
    "erpsys_id": "2b0b5364-1efd-11ef-9092-0e586f6f8a1e",
    "field_type": "IntegerField",
    "related_dictionary": null,
    "is_entity": false,
    "choice_type": null,
    "max_length": 100,
    "max_digits": 10,
    "decimal_places": 2,
    "api_field_type": null,
    "api_field_default_value": null,
    "computed_logic": null
  }
},
{
  "model": "design.field",
  "pk": 165,
  "fields": {
    "label": "发白结霜 (0-3分)",
    "name": "fa_bai_jie_shuang_fen",
    "pym": "fbjs (0-3f)",
    "erpsys_id": "2b0b6e58-1efd-11ef-9092-0e586f6f8a1e",
    "field_type": "CharField",
    "related_dictionary": null,
    "is_entity": false,
    "choice_type": null,
    "max_length": 100,
    "max_digits": 10,
    "decimal_places": 2,
    "api_field_type": null,
    "api_field_default_value": null,
    "computed_logic": null
  }
},
{
  "model": "design.field",
  "pk": 166,
  "fields": {
    "label": "操作签名",
    "name": "cao_zuo_qian_ming",
    "pym": "czqm",
    "erpsys_id": "2b0b97fc-1efd-11ef-9092-0e586f6f8a1e",
    "field_type": "CharField",
    "related_dictionary": null,
    "is_entity": false,
    "choice_type": null,
    "max_length": 100,
    "max_digits": 10,
    "decimal_places": 2,
    "api_field_type": null,
    "api_field_default_value": null,
    "computed_logic": null
  }
},
{
  "model": "design.field",
  "pk": 167,
  "fields": {
    "label": "岗位名称",
    "name": "gang_wei_ming_cheng",
    "pym": "gwmc",
    "erpsys_id": "34c300aa-1efd-11ef-9092-0e586f6f8a1e",
    "field_type": "CharField",
    "related_dictionary": null,
    "is_entity": false,
    "choice_type": null,
    "max_length": 100,
    "max_digits": 10,
    "decimal_places": 2,
    "api_field_type": null,
    "api_field_default_value": null,
    "computed_logic": null
  }
},
{
  "model": "design.field",
  "pk": 168,
  "fields": {
    "label": "岗位",
    "name": "gang_wei",
    "pym": "gw",
    "erpsys_id": "34c36694-1efd-11ef-9092-0e586f6f8a1e",
    "field_type": "DictionaryField",
    "related_dictionary": 36,
    "is_entity": false,
    "choice_type": null,
    "max_length": 100,
    "max_digits": 10,
    "decimal_places": 2,
    "api_field_type": null,
    "api_field_default_value": null,
    "computed_logic": null
  }
},
{
  "model": "design.field",
  "pk": 169,
  "fields": {
    "label": "会员名称",
    "name": "hui_yuan_ming_cheng",
    "pym": "hymc",
    "erpsys_id": "34c3bcd4-1efd-11ef-9092-0e586f6f8a1e",
    "field_type": "CharField",
    "related_dictionary": null,
    "is_entity": false,
    "choice_type": null,
    "max_length": 100,
    "max_digits": 10,
    "decimal_places": 2,
    "api_field_type": null,
    "api_field_default_value": null,
    "computed_logic": null
  }
},
{
  "model": "design.field",
  "pk": 170,
  "fields": {
    "label": "星级",
    "name": "xing_ji",
    "pym": "xj",
    "erpsys_id": "34c3f5be-1efd-11ef-9092-0e586f6f8a1e",
    "field_type": "CharField",
    "related_dictionary": null,
    "is_entity": false,
    "choice_type": null,
    "max_length": 100,
    "max_digits": 10,
    "decimal_places": 2,
    "api_field_type": null,
    "api_field_default_value": null,
    "computed_logic": null
  }
},
{
  "model": "design.field",
  "pk": 171,
  "fields": {
    "label": "充值金额",
    "name": "chong_zhi_jin_e",
    "pym": "czje",
    "erpsys_id": "34c42926-1efd-11ef-9092-0e586f6f8a1e",
    "field_type": "IntegerField",
    "related_dictionary": null,
    "is_entity": false,
    "choice_type": null,
    "max_length": 100,
    "max_digits": 10,
    "decimal_places": 2,
    "api_field_type": null,
    "api_field_default_value": null,
    "computed_logic": null
  }
},
{
  "model": "design.field",
  "pk": 172,
  "fields": {
    "label": "会员折扣",
    "name": "hui_yuan_zhe_kou",
    "pym": "hyzk",
    "erpsys_id": "34c45b44-1efd-11ef-9092-0e586f6f8a1e",
    "field_type": "DecimalField",
    "related_dictionary": null,
    "is_entity": false,
    "choice_type": null,
    "max_length": 100,
    "max_digits": 10,
    "decimal_places": 2,
    "api_field_type": null,
    "api_field_default_value": null,
    "computed_logic": null
  }
},
{
  "model": "design.field",
  "pk": 173,
  "fields": {
    "label": "会员",
    "name": "hui_yuan",
    "pym": "hy",
    "erpsys_id": "34c4d61e-1efd-11ef-9092-0e586f6f8a1e",
    "field_type": "DictionaryField",
    "related_dictionary": 37,
    "is_entity": false,
    "choice_type": null,
    "max_length": 100,
    "max_digits": 10,
    "decimal_places": 2,
    "api_field_type": null,
    "api_field_default_value": null,
    "computed_logic": null
  }
},
{
  "model": "design.field",
  "pk": 174,
  "fields": {
    "label": "服务类别",
    "name": "fu_wu_lei_bie",
    "pym": "fwlb",
    "erpsys_id": "34c57042-1efd-11ef-9092-0e586f6f8a1e",
    "field_type": "DictionaryField",
    "related_dictionary": 38,
    "is_entity": false,
    "choice_type": null,
    "max_length": 100,
    "max_digits": 10,
    "decimal_places": 2,
    "api_field_type": null,
    "api_field_default_value": null,
    "computed_logic": null
  }
},
{
  "model": "design.field",
  "pk": 175,
  "fields": {
    "label": "客户",
    "name": "ke_hu",
    "pym": "kh",
    "erpsys_id": "6ccd5f38-1f00-11ef-926c-0e586f6f8a1e",
    "field_type": "DictionaryField",
    "related_dictionary": 39,
    "is_entity": true,
    "choice_type": null,
    "max_length": 100,
    "max_digits": 10,
    "decimal_places": 2,
    "api_field_type": null,
    "api_field_default_value": null,
    "computed_logic": ""
  }
},
{
  "model": "design.field",
  "pk": 176,
  "fields": {
    "label": "作业员",
    "name": "zuo_ye_yuan",
    "pym": "zyy",
    "erpsys_id": "9afd914c-1f01-11ef-926c-0e586f6f8a1e",
    "field_type": "DictionaryField",
    "related_dictionary": 40,
    "is_entity": true,
    "choice_type": null,
    "max_length": 100,
    "max_digits": 10,
    "decimal_places": 2,
    "api_field_type": null,
    "api_field_default_value": null,
    "computed_logic": ""
  }
},
{
  "model": "design.field",
  "pk": 177,
  "fields": {
    "label": "标准工单",
    "name": "biao_zhun_gong_dan",
    "pym": "bzgd",
    "erpsys_id": "7f967d7a-1f19-11ef-a3a0-0e586f6f8a1e",
    "field_type": "DictionaryField",
    "related_dictionary": 41,
    "is_entity": false,
    "choice_type": null,
    "max_length": 100,
    "max_digits": 10,
    "decimal_places": 2,
    "api_field_type": null,
    "api_field_default_value": null,
    "computed_logic": ""
  }
},
{
  "model": "design.field",
  "pk": 178,
  "fields": {
    "label": "耗材",
    "name": "hao_cai",
    "pym": "hc",
    "erpsys_id": "8cfbdb8c-1f4f-11ef-9d26-0e586f6f8a1e",
    "field_type": "DictionaryField",
    "related_dictionary": 42,
    "is_entity": false,
    "choice_type": null,
    "max_length": 100,
    "max_digits": 10,
    "decimal_places": 2,
    "api_field_type": null,
    "api_field_default_value": null,
    "computed_logic": ""
  }
},
{
  "model": "design.field",
  "pk": 179,
  "fields": {
    "label": "一次性注射器",
    "name": "yi_ci_xing_zhu_she_qi",
    "pym": "ycxzsq",
    "erpsys_id": "d8ef78e6-1f4f-11ef-9d26-0e586f6f8a1e",
    "field_type": "DictionaryField",
    "related_dictionary": 42,
    "is_entity": false,
    "choice_type": null,
    "max_length": 100,
    "max_digits": 10,
    "decimal_places": 2,
    "api_field_type": null,
    "api_field_default_value": null,
    "computed_logic": ""
  }
},
{
  "model": "design.field",
  "pk": 180,
  "fields": {
    "label": "诊室",
    "name": "zhen_shi",
    "pym": "zs",
    "erpsys_id": "c28ee158-1f55-11ef-b907-0e586f6f8a1e",
    "field_type": "DictionaryField",
    "related_dictionary": 43,
    "is_entity": false,
    "choice_type": null,
    "max_length": 100,
    "max_digits": 10,
    "decimal_places": 2,
    "api_field_type": null,
    "api_field_default_value": null,
    "computed_logic": ""
  }
},
{
  "model": "design.field",
  "pk": 181,
  "fields": {
    "label": "治疗室",
    "name": "zhi_liao_shi",
    "pym": "zls",
    "erpsys_id": "d9551d9c-1f57-11ef-b907-0e586f6f8a1e",
    "field_type": "DictionaryField",
    "related_dictionary": 43,
    "is_entity": false,
    "choice_type": null,
    "max_length": 100,
    "max_digits": 10,
    "decimal_places": 2,
    "api_field_type": null,
    "api_field_default_value": null,
    "computed_logic": ""
  }
},
{
  "model": "design.field",
  "pk": 182,
  "fields": {
    "label": "服务项目",
    "name": "fu_wu_xiang_mu",
    "pym": "fwxm",
    "erpsys_id": "a2462708-1fb9-11ef-8ee7-0e586f6f8a1e",
    "field_type": "DictionaryField",
    "related_dictionary": 44,
    "is_entity": false,
    "choice_type": null,
    "max_length": 100,
    "max_digits": 10,
    "decimal_places": 2,
    "api_field_type": null,
    "api_field_default_value": null,
    "computed_logic": ""
  }
},
{
  "model": "design.field",
  "pk": 183,
  "fields": {
    "label": "预约日期",
    "name": "yu_yue_ri_qi",
    "pym": "yyrq",
    "erpsys_id": "898688ec-1fba-11ef-8ee7-0e586f6f8a1e",
    "field_type": "DateTimeField",
    "related_dictionary": null,
    "is_entity": false,
    "choice_type": null,
    "max_length": 100,
    "max_digits": 10,
    "decimal_places": 2,
    "api_field_type": null,
    "api_field_default_value": null,
    "computed_logic": ""
  }
},
{
  "model": "design.field",
  "pk": 184,
  "fields": {
    "label": "随访记录",
    "name": "sui_fang_ji_lu",
    "pym": "sfjl",
    "erpsys_id": "a10a72da-1fba-11ef-8ee7-0e586f6f8a1e",
    "field_type": "TextField",
    "related_dictionary": null,
    "is_entity": false,
    "choice_type": null,
    "max_length": 100,
    "max_digits": 10,
    "decimal_places": 2,
    "api_field_type": null,
    "api_field_default_value": null,
    "computed_logic": ""
  }
},
{
  "model": "design.field",
  "pk": 185,
  "fields": {
    "label": "预约服务项目",
    "name": "yu_yue_fu_wu_xiang_mu",
    "pym": "yyfwxm",
    "erpsys_id": "5bb885ee-1fbc-11ef-8ee7-0e586f6f8a1e",
    "field_type": "DictionaryField",
    "related_dictionary": 44,
    "is_entity": false,
    "choice_type": null,
    "max_length": 100,
    "max_digits": 10,
    "decimal_places": 2,
    "api_field_type": null,
    "api_field_default_value": null,
    "computed_logic": ""
  }
},
{
  "model": "design.field",
  "pk": 186,
  "fields": {
    "label": "随访服务项目",
    "name": "sui_fang_fu_wu_xiang_mu",
    "pym": "sffwxm",
    "erpsys_id": "65ad54f8-1fbc-11ef-8ee7-0e586f6f8a1e",
    "field_type": "DictionaryField",
    "related_dictionary": 44,
    "is_entity": false,
    "choice_type": null,
    "max_length": 100,
    "max_digits": 10,
    "decimal_places": 2,
    "api_field_type": null,
    "api_field_default_value": null,
    "computed_logic": ""
  }
},
{
  "model": "design.field",
  "pk": 187,
  "fields": {
    "label": "数量",
    "name": "shu_liang",
    "pym": "sl",
    "erpsys_id": "7f5f6734-1fc0-11ef-8759-0e586f6f8a1e",
    "field_type": "IntegerField",
    "related_dictionary": null,
    "is_entity": false,
    "choice_type": null,
    "max_length": 100,
    "max_digits": 10,
    "decimal_places": 2,
    "api_field_type": null,
    "api_field_default_value": null,
    "computed_logic": ""
  }
},
{
  "model": "design.field",
  "pk": 188,
  "fields": {
    "label": "剂量",
    "name": "ji_liang",
    "pym": "jl",
    "erpsys_id": "db3aa92c-1fe5-11ef-a2bd-0e586f6f8a1e",
    "field_type": "IntegerField",
    "related_dictionary": null,
    "is_entity": false,
    "choice_type": null,
    "max_length": 100,
    "max_digits": 10,
    "decimal_places": 2,
    "api_field_type": null,
    "api_field_default_value": null,
    "computed_logic": ""
  }
},
{
  "model": "design.field",
  "pk": 190,
  "fields": {
    "label": "注射位置",
    "name": "zhu_she_wei_zhi",
    "pym": "zswz",
    "erpsys_id": "93bda9f0-1fea-11ef-922d-0e586f6f8a1e",
    "field_type": "JSONField",
    "related_dictionary": null,
    "is_entity": false,
    "choice_type": null,
    "max_length": 100,
    "max_digits": 10,
    "decimal_places": 2,
    "api_field_type": null,
    "api_field_default_value": null,
    "computed_logic": ""
  }
},
{
  "model": "design.field",
  "pk": 191,
  "fields": {
    "label": "设备",
    "name": "she_bei",
    "pym": "sb",
    "erpsys_id": "e2bea392-23e6-11ef-a385-0e586f6f8a1e",
    "field_type": "DictionaryField",
    "related_dictionary": 45,
    "is_entity": false,
    "choice_type": null,
    "max_length": 100,
    "max_digits": 10,
    "decimal_places": 2,
    "api_field_type": null,
    "api_field_default_value": null,
    "computed_logic": ""
  }
},
{
  "model": "design.field",
  "pk": 192,
  "fields": {
    "label": "器材",
    "name": "qi_cai",
    "pym": "qc",
    "erpsys_id": "ea9cd502-23e6-11ef-a385-0e586f6f8a1e",
    "field_type": "CharField",
    "related_dictionary": 46,
    "is_entity": false,
    "choice_type": null,
    "max_length": 100,
    "max_digits": 10,
    "decimal_places": 2,
    "api_field_type": null,
    "api_field_default_value": null,
    "computed_logic": ""
  }
},
{
  "model": "design.dictionary",
  "pk": 1,
  "fields": {
    "label": "药品",
    "name": "yao_pin",
    "pym": "yp",
    "erpsys_id": "804e1c24-1e6e-11ef-ad48-0e586f6f8a1e",
    "bind_system_object": "Resource",
    "init_content": null
  }
},
{
  "model": "design.dictionary",
  "pk": 2,
  "fields": {
    "label": "婚否",
    "name": "hun_fou",
    "pym": "hf",
    "erpsys_id": "2aeb7fda-1efd-11ef-9092-0e586f6f8a1e",
    "bind_system_object": null,
    "init_content": "[{\"值\": \"已婚\"}, {\"值\": \"未婚\"}]"
  }
},
{
  "model": "design.dictionary",
  "pk": 3,
  "fields": {
    "label": "职业",
    "name": "zhi_ye",
    "pym": "zy",
    "erpsys_id": "2aed2510-1efd-11ef-9092-0e586f6f8a1e",
    "bind_system_object": null,
    "init_content": "[{\"值\": \"公务员\"}, {\"值\": \"自由职业\"}, {\"值\": \"企业管理人员\"}, {\"值\": \"企业主\"}, {\"值\": \"职员\"}, {\"值\": \"医生\"}, {\"值\": \"教师\"}, {\"值\": \"律师\"}, {\"值\": \"媒体人\"}, {\"值\": \"其他\"}]"
  }
},
{
  "model": "design.dictionary",
  "pk": 4,
  "fields": {
    "label": "来源",
    "name": "lai_yuan",
    "pym": "ly",
    "erpsys_id": "2aeddeb0-1efd-11ef-9092-0e586f6f8a1e",
    "bind_system_object": null,
    "init_content": "[{\"值\": \"微信公众号\"}, {\"值\": \"网络\"}, {\"值\": \"介绍\"}, {\"值\": \"广告\"}, {\"值\": \"其他\"}]"
  }
},
{
  "model": "design.dictionary",
  "pk": 5,
  "fields": {
    "label": "肤色",
    "name": "fu_se",
    "pym": "fs",
    "erpsys_id": "2af67908-1efd-11ef-9092-0e586f6f8a1e",
    "bind_system_object": null,
    "init_content": "[{\"值\": \"白皙\"}, {\"值\": \"中等\"}, {\"值\": \"萎黄\"}, {\"值\": \"暗黑\"}]"
  }
},
{
  "model": "design.dictionary",
  "pk": 6,
  "fields": {
    "label": "均匀度",
    "name": "jun_yun_du",
    "pym": "jyd",
    "erpsys_id": "2af6e672-1efd-11ef-9092-0e586f6f8a1e",
    "bind_system_object": null,
    "init_content": "[{\"值\": \"均匀\"}, {\"值\": \"中等\"}, {\"值\": \"不匀\"}]"
  }
},
{
  "model": "design.dictionary",
  "pk": 7,
  "fields": {
    "label": "光泽度",
    "name": "guang_ze_du",
    "pym": "gzd",
    "erpsys_id": "2af74a86-1efd-11ef-9092-0e586f6f8a1e",
    "bind_system_object": null,
    "init_content": "[{\"值\": \"明亮\"}, {\"值\": \"中等\"}, {\"值\": \"暗哑\"}]"
  }
},
{
  "model": "design.dictionary",
  "pk": 8,
  "fields": {
    "label": "弹性度",
    "name": "tan_xing_du",
    "pym": "txd",
    "erpsys_id": "2af7b642-1efd-11ef-9092-0e586f6f8a1e",
    "bind_system_object": null,
    "init_content": "[{\"值\": \"Q弹\"}, {\"值\": \"一般\"}, {\"值\": \"较松软\"}, {\"值\": \"松软\"}]"
  }
},
{
  "model": "design.dictionary",
  "pk": 9,
  "fields": {
    "label": "光滑度",
    "name": "guang_hua_du",
    "pym": "ghd",
    "erpsys_id": "2af834b4-1efd-11ef-9092-0e586f6f8a1e",
    "bind_system_object": null,
    "init_content": "[{\"值\": \"光滑\"}, {\"值\": \"较光滑\"}, {\"值\": \"中等\"}, {\"值\": \"较粗糙\"}, {\"值\": \"粗糙\"}]"
  }
},
{
  "model": "design.dictionary",
  "pk": 10,
  "fields": {
    "label": "毛孔",
    "name": "mao_kong",
    "pym": "mk",
    "erpsys_id": "2af8a750-1efd-11ef-9092-0e586f6f8a1e",
    "bind_system_object": null,
    "init_content": "[{\"值\": \"细腻\"}, {\"值\": \"较细腻\"}, {\"值\": \"中等\"}, {\"值\": \"较粗大\"}, {\"值\": \"粗大\"}]"
  }
},
{
  "model": "design.dictionary",
  "pk": 11,
  "fields": {
    "label": "皱纹",
    "name": "zhou_wen",
    "pym": "zw",
    "erpsys_id": "2af9278e-1efd-11ef-9092-0e586f6f8a1e",
    "bind_system_object": null,
    "init_content": "[{\"值\": \"静态纹\"}, {\"值\": \"动态纹\"}, {\"值\": \"静态+动态纹\"}]"
  }
},
{
  "model": "design.dictionary",
  "pk": 12,
  "fields": {
    "label": "大轮廓",
    "name": "da_lun_kuo",
    "pym": "dlk",
    "erpsys_id": "2af991ce-1efd-11ef-9092-0e586f6f8a1e",
    "bind_system_object": null,
    "init_content": "[{\"值\": \"下颌缘模糊\"}, {\"值\": \"双下巴\"}, {\"值\": \"太阳穴凹陷\"}, {\"值\": \"苹果肌移位\"}, {\"值\": \"侧颜线条不流畅\"}, {\"值\": \"咬肌肥大\"}, {\"值\": \"颊凹\"}]"
  }
},
{
  "model": "design.dictionary",
  "pk": 13,
  "fields": {
    "label": "小轮廓",
    "name": "xiao_lun_kuo",
    "pym": "xlk",
    "erpsys_id": "2af9fc7c-1efd-11ef-9092-0e586f6f8a1e",
    "bind_system_object": null,
    "init_content": "[{\"值\": \"印第安纹\"}, {\"值\": \"法令纹\"}, {\"值\": \"木偶纹\"}, {\"值\": \"泪沟\"}, {\"值\": \"眼袋\"}]"
  }
},
{
  "model": "design.dictionary",
  "pk": 14,
  "fields": {
    "label": "种类",
    "name": "zhong_lei",
    "pym": "zl",
    "erpsys_id": "2afa7706-1efd-11ef-9092-0e586f6f8a1e",
    "bind_system_object": null,
    "init_content": "[{\"值\": \"多种\"}, {\"值\": \"三种\"}, {\"值\": \"两种\"}, {\"值\": \"一种\"}]"
  }
},
{
  "model": "design.dictionary",
  "pk": 15,
  "fields": {
    "label": "颜色",
    "name": "yan_se",
    "pym": "ys",
    "erpsys_id": "2afae15a-1efd-11ef-9092-0e586f6f8a1e",
    "bind_system_object": null,
    "init_content": "[{\"值\": \"棕褐色\"}, {\"值\": \"棕黄色\"}, {\"值\": \"青褐色\"}, {\"值\": \"浅黑色\"}, {\"值\": \"浅黄色\"}]"
  }
},
{
  "model": "design.dictionary",
  "pk": 16,
  "fields": {
    "label": "并皮下炎症",
    "name": "bing_pi_xia_yan_zheng",
    "pym": "bpxyz",
    "erpsys_id": "2afb4938-1efd-11ef-9092-0e586f6f8a1e",
    "bind_system_object": null,
    "init_content": "[{\"值\": \"无\"}, {\"值\": \"轻度\"}, {\"值\": \"中度\"}, {\"值\": \"重度\"}]"
  }
},
{
  "model": "design.dictionary",
  "pk": 17,
  "fields": {
    "label": "形态",
    "name": "xing_tai",
    "pym": "xt",
    "erpsys_id": "2afbae46-1efd-11ef-9092-0e586f6f8a1e",
    "bind_system_object": null,
    "init_content": "[{\"值\": \"散在点状\"}, {\"值\": \"簇集点状\"}, {\"值\": \"点片状\"}, {\"值\": \"小片状\"}]"
  }
},
{
  "model": "design.dictionary",
  "pk": 18,
  "fields": {
    "label": "大片状",
    "name": "da_pian_zhuang",
    "pym": "dpz",
    "erpsys_id": "2afc1412-1efd-11ef-9092-0e586f6f8a1e",
    "bind_system_object": null,
    "init_content": "[{\"值\": \"边界清晰\"}, {\"值\": \"模糊\"}]"
  }
},
{
  "model": "design.dictionary",
  "pk": 19,
  "fields": {
    "label": "色斑活跃度",
    "name": "se_ban_huo_yue_du",
    "pym": "sbhyd",
    "erpsys_id": "2afc731c-1efd-11ef-9092-0e586f6f8a1e",
    "bind_system_object": null,
    "init_content": "[{\"值\": \"活跃\"}, {\"值\": \"静止\"}, {\"值\": \"退行\"}]"
  }
},
{
  "model": "design.dictionary",
  "pk": 20,
  "fields": {
    "label": "边界",
    "name": "bian_jie",
    "pym": "bj",
    "erpsys_id": "2afd7f46-1efd-11ef-9092-0e586f6f8a1e",
    "bind_system_object": null,
    "init_content": "[{\"值\": \"清晰\"}, {\"值\": \"模糊\"}]"
  }
},
{
  "model": "design.dictionary",
  "pk": 21,
  "fields": {
    "label": "增生情况",
    "name": "zeng_sheng_qing_kuang",
    "pym": "zsqk",
    "erpsys_id": "2afde7c4-1efd-11ef-9092-0e586f6f8a1e",
    "bind_system_object": null,
    "init_content": "[{\"值\": \"平滑无增生\"}, {\"值\": \"增生突出表皮\"}, {\"值\": \"角质化\"}]"
  }
},
{
  "model": "design.dictionary",
  "pk": 22,
  "fields": {
    "label": "玻片实验",
    "name": "bo_pian_shi_yan",
    "pym": "bpsy",
    "erpsys_id": "2afe4bd8-1efd-11ef-9092-0e586f6f8a1e",
    "bind_system_object": null,
    "init_content": "[{\"值\": \"不褪色\"}, {\"值\": \"部分褪色\"}, {\"值\": \"完全褪色\"}]"
  }
},
{
  "model": "design.dictionary",
  "pk": 23,
  "fields": {
    "label": "充盈速度",
    "name": "chong_ying_su_du",
    "pym": "cysd",
    "erpsys_id": "2afeb636-1efd-11ef-9092-0e586f6f8a1e",
    "bind_system_object": null,
    "init_content": "[{\"值\": \"快\"}, {\"值\": \"中等\"}, {\"值\": \"慢\"}]"
  }
},
{
  "model": "design.dictionary",
  "pk": 24,
  "fields": {
    "label": "皮疹种类",
    "name": "pi_zhen_zhong_lei",
    "pym": "pzzl",
    "erpsys_id": "2aff1e5a-1efd-11ef-9092-0e586f6f8a1e",
    "bind_system_object": null,
    "init_content": "[{\"值\": \"白头粉刺\"}, {\"值\": \"黑头粉刺\"}, {\"值\": \"炎性丘疹\"}, {\"值\": \"脓疱\"}, {\"值\": \"结节\"}, {\"值\": \"囊肿\"}, {\"值\": \"疤痕\"}]"
  }
},
{
  "model": "design.dictionary",
  "pk": 25,
  "fields": {
    "label": "临床分级",
    "name": "lin_chuang_fen_ji",
    "pym": "lcfj",
    "erpsys_id": "2aff8ebc-1efd-11ef-9092-0e586f6f8a1e",
    "bind_system_object": null,
    "init_content": "[{\"值\": \"I轻度\"}, {\"值\": \"II中度\"}, {\"值\": \"III中度\"}, {\"值\": \"IV重度\"}]"
  }
},
{
  "model": "design.dictionary",
  "pk": 26,
  "fields": {
    "label": "痘印颜色",
    "name": "dou_yin_yan_se",
    "pym": "dyys",
    "erpsys_id": "2b0005fe-1efd-11ef-9092-0e586f6f8a1e",
    "bind_system_object": null,
    "init_content": "[{\"值\": \"鲜红色\"}, {\"值\": \"暗红色\"}, {\"值\": \"红褐色\"}, {\"值\": \"浅褐色\"}, {\"值\": \"深褐色\"}]"
  }
},
{
  "model": "design.dictionary",
  "pk": 27,
  "fields": {
    "label": "痘坑类型",
    "name": "dou_keng_lei_xing",
    "pym": "dklx",
    "erpsys_id": "2b006c38-1efd-11ef-9092-0e586f6f8a1e",
    "bind_system_object": null,
    "init_content": "[{\"值\": \"冰锥样\"}, {\"值\": \"厢车样\"}, {\"值\": \"滚石样-密\"}, {\"值\": \"滚石样-疏\"}]"
  }
},
{
  "model": "design.dictionary",
  "pk": 28,
  "fields": {
    "label": "增生性疤痕",
    "name": "zeng_sheng_xing_ba_hen",
    "pym": "zsxbh",
    "erpsys_id": "2b00d1b4-1efd-11ef-9092-0e586f6f8a1e",
    "bind_system_object": null,
    "init_content": "[{\"值\": \"有\"}, {\"值\": \"无\"}]"
  }
},
{
  "model": "design.dictionary",
  "pk": 29,
  "fields": {
    "label": "密度",
    "name": "mi_du",
    "pym": "md",
    "erpsys_id": "2b013d7a-1efd-11ef-9092-0e586f6f8a1e",
    "bind_system_object": null,
    "init_content": "[{\"值\": \"过密\"}, {\"值\": \"中等\"}, {\"值\": \"稀疏\"}]"
  }
},
{
  "model": "design.dictionary",
  "pk": 30,
  "fields": {
    "label": "质地",
    "name": "zhi_di",
    "pym": "zd",
    "erpsys_id": "2b019a90-1efd-11ef-9092-0e586f6f8a1e",
    "bind_system_object": null,
    "init_content": "[{\"值\": \"毛糙\"}, {\"值\": \"中等\"}, {\"值\": \"光滑\"}]"
  }
},
{
  "model": "design.dictionary",
  "pk": 31,
  "fields": {
    "label": "韧度",
    "name": "ren_du",
    "pym": "rd",
    "erpsys_id": "2b020426-1efd-11ef-9092-0e586f6f8a1e",
    "bind_system_object": null,
    "init_content": "[{\"值\": \"脆弱\"}, {\"值\": \"中等\"}, {\"值\": \"强韧\"}]"
  }
},
{
  "model": "design.dictionary",
  "pk": 32,
  "fields": {
    "label": "光泽",
    "name": "guang_ze",
    "pym": "gz",
    "erpsys_id": "2b026c86-1efd-11ef-9092-0e586f6f8a1e",
    "bind_system_object": null,
    "init_content": "[{\"值\": \"佳\"}, {\"值\": \"中等\"}, {\"值\": \"不佳\"}]"
  }
},
{
  "model": "design.dictionary",
  "pk": 33,
  "fields": {
    "label": "油脂",
    "name": "you_zhi",
    "pym": "yz",
    "erpsys_id": "2b02ce9c-1efd-11ef-9092-0e586f6f8a1e",
    "bind_system_object": null,
    "init_content": "[{\"值\": \"旺盛\"}, {\"值\": \"中等\"}, {\"值\": \"干燥\"}]"
  }
},
{
  "model": "design.dictionary",
  "pk": 34,
  "fields": {
    "label": "脱屑",
    "name": "tuo_xie",
    "pym": "tx",
    "erpsys_id": "2b033a94-1efd-11ef-9092-0e586f6f8a1e",
    "bind_system_object": null,
    "init_content": "[{\"值\": \"无\"}, {\"值\": \"少\"}, {\"值\": \"多\"}]"
  }
},
{
  "model": "design.dictionary",
  "pk": 35,
  "fields": {
    "label": "炎症",
    "name": "yan_zheng",
    "pym": "yz",
    "erpsys_id": "2b03a89e-1efd-11ef-9092-0e586f6f8a1e",
    "bind_system_object": null,
    "init_content": "[{\"值\": \"无\"}, {\"值\": \"轻度\"}, {\"值\": \"中度\"}, {\"值\": \"重度\"}]"
  }
},
{
  "model": "design.dictionary",
  "pk": 36,
  "fields": {
    "label": "岗位",
    "name": "gang_wei",
    "pym": "gw",
    "erpsys_id": "34c2b8de-1efd-11ef-9092-0e586f6f8a1e",
    "bind_system_object": null,
    "init_content": "[{\"岗位名称\": \"医生\"}, {\"岗位名称\": \"护士\"}, {\"岗位名称\": \"客服\"}, {\"岗位名称\": \"管理员\"}]"
  }
},
{
  "model": "design.dictionary",
  "pk": 37,
  "fields": {
    "label": "会员",
    "name": "hui_yuan",
    "pym": "hy",
    "erpsys_id": "34c37ee0-1efd-11ef-9092-0e586f6f8a1e",
    "bind_system_object": null,
    "init_content": "[{\"会员名称\": \"VIP\", \"星级\": NaN, \"充值金额\": 10000, \"会员折扣\": 0.98}, {\"会员名称\": \"VIP\", \"星级\": \"二星\", \"充值金额\": 14800, \"会员折扣\": 0.96}, {\"会员名称\": \"VIP\", \"星级\": \"三星\", \"充值金额\": 18800, \"会员折扣\": 0.94}, {\"会员名称\": \"银卡\", \"星级\": NaN, \"充值金额\": 20000, \"会员折扣\": 0.92}, {\"会员名称\": \"银卡\", \"星级\": \"二星\", \"充值金额\": 30000, \"会员折扣\": 0.9}, {\"会员名称\": \"银卡\", \"星级\": \"三星\", \"充值金额\": 40000, \"会员折扣\": 0.88}, {\"会员名称\": \"金卡\", \"星级\": NaN, \"充值金额\": 60000, \"会员折扣\": 0.86}, {\"会员名称\": \"金卡\", \"星级\": \"二星\", \"充值金额\": 80000, \"会员折扣\": 0.84}, {\"会员名称\": \"金卡\", \"星级\": \"三星\", \"充值金额\": 100000, \"会员折扣\": 0.82}, {\"会员名称\": \"白金卡\", \"星级\": NaN, \"充值金额\": 150000, \"会员折扣\": 0.8}, {\"会员名称\": \"白金卡\", \"星级\": \"二星\", \"充值金额\": 200000, \"会员折扣\": 0.78}, {\"会员名称\": \"白金卡\", \"星级\": \"三星\", \"充值金额\": 300000, \"会员折扣\": 0.76}, {\"会员名称\": \"钻石卡\", \"星级\": NaN, \"充值金额\": 500000, \"会员折扣\": 0.74}, {\"会员名称\": \"钻石卡\", \"星级\": \"二星\", \"充值金额\": 900000, \"会员折扣\": 0.71}, {\"会员名称\": \"钻石卡\", \"星级\": \"三星\", \"充值金额\": 1400000, \"会员折扣\": 0.68}]"
  }
},
{
  "model": "design.dictionary",
  "pk": 38,
  "fields": {
    "label": "服务类别",
    "name": "fu_wu_lei_bie",
    "pym": "fwlb",
    "erpsys_id": "34c4f45a-1efd-11ef-9092-0e586f6f8a1e",
    "bind_system_object": null,
    "init_content": "[{\"值\": \"光电类\"}, {\"值\": \"护肤品\"}, {\"值\": \"化学焕肤\"}, {\"值\": \"手术类\"}, {\"值\": \"仪器类\"}, {\"值\": \"注射填充类\"}]"
  }
},
{
  "model": "design.dictionary",
  "pk": 39,
  "fields": {
    "label": "客户",
    "name": "ke_hu",
    "pym": "kh",
    "erpsys_id": "54577010-1f00-11ef-926c-0e586f6f8a1e",
    "bind_system_object": "User",
    "init_content": null
  }
},
{
  "model": "design.dictionary",
  "pk": 40,
  "fields": {
    "label": "作业员",
    "name": "zuo_ye_yuan",
    "pym": "zyy",
    "erpsys_id": "e97bb908-1f00-11ef-926c-0e586f6f8a1e",
    "bind_system_object": "User",
    "init_content": null
  }
},
{
  "model": "design.dictionary",
  "pk": 41,
  "fields": {
    "label": "标准工单",
    "name": "biao_zhun_gong_dan",
    "pym": "bzgd",
    "erpsys_id": "7517abc6-1f19-11ef-a3a0-0e586f6f8a1e",
    "bind_system_object": null,
    "init_content": null
  }
},
{
  "model": "design.dictionary",
  "pk": 42,
  "fields": {
    "label": "耗材",
    "name": "hao_cai",
    "pym": "hc",
    "erpsys_id": "6940dda0-1f4f-11ef-9d26-0e586f6f8a1e",
    "bind_system_object": "Resource",
    "init_content": null
  }
},
{
  "model": "design.dictionary",
  "pk": 43,
  "fields": {
    "label": "诊室",
    "name": "zhen_shi",
    "pym": "zs",
    "erpsys_id": "b5d4d7e2-1f55-11ef-b907-0e586f6f8a1e",
    "bind_system_object": "Resource",
    "init_content": null
  }
},
{
  "model": "design.dictionary",
  "pk": 44,
  "fields": {
    "label": "服务项目",
    "name": "fu_wu_xiang_mu",
    "pym": "fwxm",
    "erpsys_id": "7cde3d34-1fb9-11ef-8ee7-0e586f6f8a1e",
    "bind_system_object": "Service",
    "init_content": null
  }
},
{
  "model": "design.dictionary",
  "pk": 45,
  "fields": {
    "label": "设备",
    "name": "she_bei",
    "pym": "sb",
    "erpsys_id": "cd0bf46e-23e6-11ef-a385-0e586f6f8a1e",
    "bind_system_object": "Resource",
    "init_content": null
  }
},
{
  "model": "design.dictionary",
  "pk": 46,
  "fields": {
    "label": "器材",
    "name": "qi_cai",
    "pym": "qc",
    "erpsys_id": "d449c10c-23e6-11ef-a385-0e586f6f8a1e",
    "bind_system_object": "Resource",
    "init_content": null
  }
},
{
  "model": "design.dictionary",
  "pk": 47,
  "fields": {
    "label": "费用",
    "name": "fei_yong",
    "pym": "fy",
    "erpsys_id": "5e0dbe98-23e7-11ef-a385-0e586f6f8a1e",
    "bind_system_object": "Resource",
    "init_content": null
  }
},
{
  "model": "design.dictionary",
  "pk": 48,
  "fields": {
    "label": "注意事项",
    "name": "zhu_yi_shi_xiang",
    "pym": "zysx",
    "erpsys_id": "a229efac-23e7-11ef-a385-0e586f6f8a1e",
    "bind_system_object": "Resource",
    "init_content": null
  }
},
{
  "model": "design.dictionary",
  "pk": 49,
  "fields": {
    "label": "知情同意书",
    "name": "zhi_qing_tong_yi_shu",
    "pym": "zqtys",
    "erpsys_id": "ace47610-23e7-11ef-a385-0e586f6f8a1e",
    "bind_system_object": "Resource",
    "init_content": null
  }
},
{
  "model": "design.dictionaryfields",
  "pk": 1,
  "fields": {
    "dictionary": 1,
    "field": 16,
    "is_multivalued": false,
    "default_value_char": null,
    "order": 10
  }
},
{
  "model": "design.dictionaryfields",
  "pk": 2,
  "fields": {
    "dictionary": 1,
    "field": 17,
    "is_multivalued": false,
    "default_value_char": null,
    "order": 10
  }
},
{
  "model": "design.dictionaryfields",
  "pk": 3,
  "fields": {
    "dictionary": 1,
    "field": 20,
    "is_multivalued": false,
    "default_value_char": null,
    "order": 10
  }
},
{
  "model": "design.dictionaryfields",
  "pk": 4,
  "fields": {
    "dictionary": 1,
    "field": 21,
    "is_multivalued": false,
    "default_value_char": null,
    "order": 10
  }
},
{
  "model": "design.dictionaryfields",
  "pk": 5,
  "fields": {
    "dictionary": 1,
    "field": 22,
    "is_multivalued": false,
    "default_value_char": null,
    "order": 10
  }
},
{
  "model": "design.dictionaryfields",
  "pk": 6,
  "fields": {
    "dictionary": 1,
    "field": 23,
    "is_multivalued": false,
    "default_value_char": null,
    "order": 10
  }
},
{
  "model": "design.dictionaryfields",
  "pk": 7,
  "fields": {
    "dictionary": 1,
    "field": 24,
    "is_multivalued": false,
    "default_value_char": null,
    "order": 10
  }
},
{
  "model": "design.dictionaryfields",
  "pk": 8,
  "fields": {
    "dictionary": 2,
    "field": 15,
    "is_multivalued": false,
    "default_value_char": null,
    "order": 10
  }
},
{
  "model": "design.dictionaryfields",
  "pk": 9,
  "fields": {
    "dictionary": 3,
    "field": 15,
    "is_multivalued": false,
    "default_value_char": null,
    "order": 10
  }
},
{
  "model": "design.dictionaryfields",
  "pk": 10,
  "fields": {
    "dictionary": 4,
    "field": 15,
    "is_multivalued": false,
    "default_value_char": null,
    "order": 10
  }
},
{
  "model": "design.dictionaryfields",
  "pk": 11,
  "fields": {
    "dictionary": 5,
    "field": 15,
    "is_multivalued": false,
    "default_value_char": null,
    "order": 10
  }
},
{
  "model": "design.dictionaryfields",
  "pk": 12,
  "fields": {
    "dictionary": 6,
    "field": 15,
    "is_multivalued": false,
    "default_value_char": null,
    "order": 10
  }
},
{
  "model": "design.dictionaryfields",
  "pk": 13,
  "fields": {
    "dictionary": 7,
    "field": 15,
    "is_multivalued": false,
    "default_value_char": null,
    "order": 10
  }
},
{
  "model": "design.dictionaryfields",
  "pk": 14,
  "fields": {
    "dictionary": 8,
    "field": 15,
    "is_multivalued": false,
    "default_value_char": null,
    "order": 10
  }
},
{
  "model": "design.dictionaryfields",
  "pk": 15,
  "fields": {
    "dictionary": 9,
    "field": 15,
    "is_multivalued": false,
    "default_value_char": null,
    "order": 10
  }
},
{
  "model": "design.dictionaryfields",
  "pk": 16,
  "fields": {
    "dictionary": 10,
    "field": 15,
    "is_multivalued": false,
    "default_value_char": null,
    "order": 10
  }
},
{
  "model": "design.dictionaryfields",
  "pk": 17,
  "fields": {
    "dictionary": 11,
    "field": 15,
    "is_multivalued": false,
    "default_value_char": null,
    "order": 10
  }
},
{
  "model": "design.dictionaryfields",
  "pk": 18,
  "fields": {
    "dictionary": 12,
    "field": 15,
    "is_multivalued": false,
    "default_value_char": null,
    "order": 10
  }
},
{
  "model": "design.dictionaryfields",
  "pk": 19,
  "fields": {
    "dictionary": 13,
    "field": 15,
    "is_multivalued": false,
    "default_value_char": null,
    "order": 10
  }
},
{
  "model": "design.dictionaryfields",
  "pk": 20,
  "fields": {
    "dictionary": 14,
    "field": 15,
    "is_multivalued": false,
    "default_value_char": null,
    "order": 10
  }
},
{
  "model": "design.dictionaryfields",
  "pk": 21,
  "fields": {
    "dictionary": 15,
    "field": 15,
    "is_multivalued": false,
    "default_value_char": null,
    "order": 10
  }
},
{
  "model": "design.dictionaryfields",
  "pk": 22,
  "fields": {
    "dictionary": 16,
    "field": 15,
    "is_multivalued": false,
    "default_value_char": null,
    "order": 10
  }
},
{
  "model": "design.dictionaryfields",
  "pk": 23,
  "fields": {
    "dictionary": 17,
    "field": 15,
    "is_multivalued": false,
    "default_value_char": null,
    "order": 10
  }
},
{
  "model": "design.dictionaryfields",
  "pk": 24,
  "fields": {
    "dictionary": 18,
    "field": 15,
    "is_multivalued": false,
    "default_value_char": null,
    "order": 10
  }
},
{
  "model": "design.dictionaryfields",
  "pk": 25,
  "fields": {
    "dictionary": 19,
    "field": 15,
    "is_multivalued": false,
    "default_value_char": null,
    "order": 10
  }
},
{
  "model": "design.dictionaryfields",
  "pk": 26,
  "fields": {
    "dictionary": 20,
    "field": 15,
    "is_multivalued": false,
    "default_value_char": null,
    "order": 10
  }
},
{
  "model": "design.dictionaryfields",
  "pk": 27,
  "fields": {
    "dictionary": 21,
    "field": 15,
    "is_multivalued": false,
    "default_value_char": null,
    "order": 10
  }
},
{
  "model": "design.dictionaryfields",
  "pk": 28,
  "fields": {
    "dictionary": 22,
    "field": 15,
    "is_multivalued": false,
    "default_value_char": null,
    "order": 10
  }
},
{
  "model": "design.dictionaryfields",
  "pk": 29,
  "fields": {
    "dictionary": 23,
    "field": 15,
    "is_multivalued": false,
    "default_value_char": null,
    "order": 10
  }
},
{
  "model": "design.dictionaryfields",
  "pk": 30,
  "fields": {
    "dictionary": 24,
    "field": 15,
    "is_multivalued": false,
    "default_value_char": null,
    "order": 10
  }
},
{
  "model": "design.dictionaryfields",
  "pk": 31,
  "fields": {
    "dictionary": 25,
    "field": 15,
    "is_multivalued": false,
    "default_value_char": null,
    "order": 10
  }
},
{
  "model": "design.dictionaryfields",
  "pk": 32,
  "fields": {
    "dictionary": 26,
    "field": 15,
    "is_multivalued": false,
    "default_value_char": null,
    "order": 10
  }
},
{
  "model": "design.dictionaryfields",
  "pk": 33,
  "fields": {
    "dictionary": 27,
    "field": 15,
    "is_multivalued": false,
    "default_value_char": null,
    "order": 10
  }
},
{
  "model": "design.dictionaryfields",
  "pk": 34,
  "fields": {
    "dictionary": 28,
    "field": 15,
    "is_multivalued": false,
    "default_value_char": null,
    "order": 10
  }
},
{
  "model": "design.dictionaryfields",
  "pk": 35,
  "fields": {
    "dictionary": 29,
    "field": 15,
    "is_multivalued": false,
    "default_value_char": null,
    "order": 10
  }
},
{
  "model": "design.dictionaryfields",
  "pk": 36,
  "fields": {
    "dictionary": 30,
    "field": 15,
    "is_multivalued": false,
    "default_value_char": null,
    "order": 10
  }
},
{
  "model": "design.dictionaryfields",
  "pk": 37,
  "fields": {
    "dictionary": 31,
    "field": 15,
    "is_multivalued": false,
    "default_value_char": null,
    "order": 10
  }
},
{
  "model": "design.dictionaryfields",
  "pk": 38,
  "fields": {
    "dictionary": 32,
    "field": 15,
    "is_multivalued": false,
    "default_value_char": null,
    "order": 10
  }
},
{
  "model": "design.dictionaryfields",
  "pk": 39,
  "fields": {
    "dictionary": 33,
    "field": 15,
    "is_multivalued": false,
    "default_value_char": null,
    "order": 10
  }
},
{
  "model": "design.dictionaryfields",
  "pk": 40,
  "fields": {
    "dictionary": 34,
    "field": 15,
    "is_multivalued": false,
    "default_value_char": null,
    "order": 10
  }
},
{
  "model": "design.dictionaryfields",
  "pk": 41,
  "fields": {
    "dictionary": 35,
    "field": 15,
    "is_multivalued": false,
    "default_value_char": null,
    "order": 10
  }
},
{
  "model": "design.dictionaryfields",
  "pk": 42,
  "fields": {
    "dictionary": 36,
    "field": 167,
    "is_multivalued": true,
    "default_value_char": null,
    "order": 10
  }
},
{
  "model": "design.dictionaryfields",
  "pk": 43,
  "fields": {
    "dictionary": 37,
    "field": 169,
    "is_multivalued": false,
    "default_value_char": null,
    "order": 10
  }
},
{
  "model": "design.dictionaryfields",
  "pk": 44,
  "fields": {
    "dictionary": 37,
    "field": 170,
    "is_multivalued": false,
    "default_value_char": null,
    "order": 10
  }
},
{
  "model": "design.dictionaryfields",
  "pk": 45,
  "fields": {
    "dictionary": 37,
    "field": 171,
    "is_multivalued": false,
    "default_value_char": null,
    "order": 10
  }
},
{
  "model": "design.dictionaryfields",
  "pk": 46,
  "fields": {
    "dictionary": 37,
    "field": 172,
    "is_multivalued": false,
    "default_value_char": null,
    "order": 10
  }
},
{
  "model": "design.dictionaryfields",
  "pk": 47,
  "fields": {
    "dictionary": 38,
    "field": 15,
    "is_multivalued": false,
    "default_value_char": null,
    "order": 10
  }
},
{
  "model": "design.dictionaryfields",
  "pk": 48,
  "fields": {
    "dictionary": 39,
    "field": 1,
    "is_multivalued": false,
    "default_value_char": null,
    "order": 10
  }
},
{
  "model": "design.dictionaryfields",
  "pk": 49,
  "fields": {
    "dictionary": 39,
    "field": 2,
    "is_multivalued": false,
    "default_value_char": null,
    "order": 10
  }
},
{
  "model": "design.dictionaryfields",
  "pk": 50,
  "fields": {
    "dictionary": 39,
    "field": 26,
    "is_multivalued": false,
    "default_value_char": null,
    "order": 10
  }
},
{
  "model": "design.dictionaryfields",
  "pk": 51,
  "fields": {
    "dictionary": 39,
    "field": 33,
    "is_multivalued": false,
    "default_value_char": null,
    "order": 10
  }
},
{
  "model": "design.dictionaryfields",
  "pk": 52,
  "fields": {
    "dictionary": 39,
    "field": 173,
    "is_multivalued": false,
    "default_value_char": null,
    "order": 10
  }
},
{
  "model": "design.dictionaryfields",
  "pk": 53,
  "fields": {
    "dictionary": 40,
    "field": 1,
    "is_multivalued": false,
    "default_value_char": null,
    "order": 10
  }
},
{
  "model": "design.dictionaryfields",
  "pk": 54,
  "fields": {
    "dictionary": 40,
    "field": 168,
    "is_multivalued": false,
    "default_value_char": null,
    "order": 10
  }
},
{
  "model": "design.dictionaryfields",
  "pk": 55,
  "fields": {
    "dictionary": 41,
    "field": 175,
    "is_multivalued": false,
    "default_value_char": null,
    "order": 10
  }
},
{
  "model": "design.dictionaryfields",
  "pk": 56,
  "fields": {
    "dictionary": 41,
    "field": 182,
    "is_multivalued": false,
    "default_value_char": null,
    "order": 10
  }
},
{
  "model": "design.dictionaryfields",
  "pk": 57,
  "fields": {
    "dictionary": 41,
    "field": 131,
    "is_multivalued": false,
    "default_value_char": null,
    "order": 10
  }
},
{
  "model": "design.dictionaryfields",
  "pk": 58,
  "fields": {
    "dictionary": 42,
    "field": 16,
    "is_multivalued": false,
    "default_value_char": null,
    "order": 10
  }
},
{
  "model": "design.dictionaryfields",
  "pk": 59,
  "fields": {
    "dictionary": 42,
    "field": 17,
    "is_multivalued": false,
    "default_value_char": null,
    "order": 10
  }
},
{
  "model": "design.dictionaryfields",
  "pk": 60,
  "fields": {
    "dictionary": 42,
    "field": 20,
    "is_multivalued": false,
    "default_value_char": null,
    "order": 10
  }
},
{
  "model": "design.dictionaryfields",
  "pk": 61,
  "fields": {
    "dictionary": 42,
    "field": 21,
    "is_multivalued": false,
    "default_value_char": null,
    "order": 10
  }
},
{
  "model": "design.dictionaryfields",
  "pk": 62,
  "fields": {
    "dictionary": 42,
    "field": 22,
    "is_multivalued": false,
    "default_value_char": null,
    "order": 10
  }
},
{
  "model": "design.dictionaryfields",
  "pk": 63,
  "fields": {
    "dictionary": 42,
    "field": 23,
    "is_multivalued": false,
    "default_value_char": null,
    "order": 10
  }
},
{
  "model": "design.dictionaryfields",
  "pk": 64,
  "fields": {
    "dictionary": 42,
    "field": 24,
    "is_multivalued": false,
    "default_value_char": null,
    "order": 10
  }
},
{
  "model": "design.dictionaryfields",
  "pk": 65,
  "fields": {
    "dictionary": 43,
    "field": 16,
    "is_multivalued": false,
    "default_value_char": null,
    "order": 10
  }
},
{
  "model": "design.dictionaryfields",
  "pk": 66,
  "fields": {
    "dictionary": 43,
    "field": 17,
    "is_multivalued": false,
    "default_value_char": null,
    "order": 10
  }
},
{
  "model": "design.dictionaryfields",
  "pk": 67,
  "fields": {
    "dictionary": 41,
    "field": 176,
    "is_multivalued": false,
    "default_value_char": null,
    "order": 10
  }
},
{
  "model": "design.form",
  "pk": 1,
  "fields": {
    "label": "预约记录单",
    "name": "yu_yue_ji_lu_dan",
    "pym": "yyjld",
    "erpsys_id": "1eda2060-1fbc-11ef-8ee7-0e586f6f8a1e",
    "form_type": "PRODUCE",
    "description": null
  }
},
{
  "model": "design.form",
  "pk": 2,
  "fields": {
    "label": "随访记录单",
    "name": "sui_fang_ji_lu_dan",
    "pym": "sfjld",
    "erpsys_id": "1329b018-1fbd-11ef-8ee7-0e586f6f8a1e",
    "form_type": "PRODUCE",
    "description": null
  }
},
{
  "model": "design.form",
  "pk": 3,
  "fields": {
    "label": "耗材领料单",
    "name": "hao_cai_ling_liao_dan",
    "pym": "hclld",
    "erpsys_id": "d99523d8-1fc0-11ef-8759-0e586f6f8a1e",
    "form_type": "PRODUCE",
    "description": null
  }
},
{
  "model": "design.form",
  "pk": 4,
  "fields": {
    "label": "药品领料单",
    "name": "yao_pin_ling_liao_dan",
    "pym": "yplld",
    "erpsys_id": "0ec95376-1fc1-11ef-8759-0e586f6f8a1e",
    "form_type": "PRODUCE",
    "description": null
  }
},
{
  "model": "design.form",
  "pk": 5,
  "fields": {
    "label": "注射单",
    "name": "zhu_she_dan",
    "pym": "zsd",
    "erpsys_id": "c3e0606e-1fe5-11ef-a2bd-0e586f6f8a1e",
    "form_type": "PRODUCE",
    "description": null
  }
},
{
  "model": "design.form",
  "pk": 6,
  "fields": {
    "label": "肉毒素治疗记录单",
    "name": "rou_du_su_zhi_liao_ji_lu_dan",
    "pym": "rdszljld",
    "erpsys_id": "9bbd2808-1fe8-11ef-a2bd-0e586f6f8a1e",
    "form_type": "PRODUCE",
    "description": null
  }
},
{
  "model": "design.formcomponents",
  "pk": 1,
  "fields": {
    "form": 1,
    "field": 175,
    "default_value": null,
    "inherit_value": true,
    "is_required": false,
    "order": 10
  }
},
{
  "model": "design.formcomponents",
  "pk": 2,
  "fields": {
    "form": 1,
    "field": 185,
    "default_value": null,
    "inherit_value": true,
    "is_required": false,
    "order": 10
  }
},
{
  "model": "design.formcomponents",
  "pk": 3,
  "fields": {
    "form": 1,
    "field": 183,
    "default_value": null,
    "inherit_value": true,
    "is_required": false,
    "order": 10
  }
},
{
  "model": "design.formcomponents",
  "pk": 4,
  "fields": {
    "form": 1,
    "field": 176,
    "default_value": null,
    "inherit_value": true,
    "is_required": false,
    "order": 10
  }
},
{
  "model": "design.formcomponents",
  "pk": 5,
  "fields": {
    "form": 2,
    "field": 175,
    "default_value": null,
    "inherit_value": true,
    "is_required": false,
    "order": 10
  }
},
{
  "model": "design.formcomponents",
  "pk": 6,
  "fields": {
    "form": 2,
    "field": 186,
    "default_value": null,
    "inherit_value": true,
    "is_required": false,
    "order": 10
  }
},
{
  "model": "design.formcomponents",
  "pk": 7,
  "fields": {
    "form": 2,
    "field": 184,
    "default_value": null,
    "inherit_value": true,
    "is_required": false,
    "order": 10
  }
},
{
  "model": "design.formcomponents",
  "pk": 8,
  "fields": {
    "form": 2,
    "field": 131,
    "default_value": null,
    "inherit_value": true,
    "is_required": false,
    "order": 10
  }
},
{
  "model": "design.formcomponents",
  "pk": 9,
  "fields": {
    "form": 2,
    "field": 176,
    "default_value": null,
    "inherit_value": true,
    "is_required": false,
    "order": 10
  }
},
{
  "model": "design.formcomponents",
  "pk": 10,
  "fields": {
    "form": 3,
    "field": 178,
    "default_value": null,
    "inherit_value": true,
    "is_required": false,
    "order": 10
  }
},
{
  "model": "design.formcomponents",
  "pk": 11,
  "fields": {
    "form": 3,
    "field": 187,
    "default_value": null,
    "inherit_value": true,
    "is_required": false,
    "order": 10
  }
},
{
  "model": "design.formcomponents",
  "pk": 12,
  "fields": {
    "form": 3,
    "field": 131,
    "default_value": null,
    "inherit_value": true,
    "is_required": false,
    "order": 10
  }
},
{
  "model": "design.formcomponents",
  "pk": 13,
  "fields": {
    "form": 3,
    "field": 176,
    "default_value": null,
    "inherit_value": true,
    "is_required": false,
    "order": 10
  }
},
{
  "model": "design.formcomponents",
  "pk": 14,
  "fields": {
    "form": 4,
    "field": 18,
    "default_value": null,
    "inherit_value": true,
    "is_required": false,
    "order": 10
  }
},
{
  "model": "design.formcomponents",
  "pk": 15,
  "fields": {
    "form": 4,
    "field": 187,
    "default_value": null,
    "inherit_value": true,
    "is_required": false,
    "order": 10
  }
},
{
  "model": "design.formcomponents",
  "pk": 16,
  "fields": {
    "form": 4,
    "field": 131,
    "default_value": null,
    "inherit_value": true,
    "is_required": false,
    "order": 10
  }
},
{
  "model": "design.formcomponents",
  "pk": 17,
  "fields": {
    "form": 4,
    "field": 176,
    "default_value": null,
    "inherit_value": true,
    "is_required": false,
    "order": 10
  }
},
{
  "model": "design.formcomponents",
  "pk": 18,
  "fields": {
    "form": 5,
    "field": 175,
    "default_value": null,
    "inherit_value": true,
    "is_required": false,
    "order": 10
  }
},
{
  "model": "design.formcomponents",
  "pk": 19,
  "fields": {
    "form": 5,
    "field": 18,
    "default_value": null,
    "inherit_value": true,
    "is_required": false,
    "order": 10
  }
},
{
  "model": "design.formcomponents",
  "pk": 20,
  "fields": {
    "form": 5,
    "field": 188,
    "default_value": null,
    "inherit_value": true,
    "is_required": false,
    "order": 10
  }
},
{
  "model": "design.formcomponents",
  "pk": 21,
  "fields": {
    "form": 5,
    "field": 131,
    "default_value": null,
    "inherit_value": true,
    "is_required": false,
    "order": 10
  }
},
{
  "model": "design.formcomponents",
  "pk": 22,
  "fields": {
    "form": 5,
    "field": 176,
    "default_value": null,
    "inherit_value": true,
    "is_required": false,
    "order": 10
  }
},
{
  "model": "design.formcomponents",
  "pk": 23,
  "fields": {
    "form": 6,
    "field": 175,
    "default_value": null,
    "inherit_value": true,
    "is_required": false,
    "order": 10
  }
},
{
  "model": "design.formcomponents",
  "pk": 24,
  "fields": {
    "form": 6,
    "field": 149,
    "default_value": null,
    "inherit_value": true,
    "is_required": false,
    "order": 10
  }
},
{
  "model": "design.formcomponents",
  "pk": 25,
  "fields": {
    "form": 6,
    "field": 150,
    "default_value": null,
    "inherit_value": true,
    "is_required": false,
    "order": 10
  }
},
{
  "model": "design.formcomponents",
  "pk": 26,
  "fields": {
    "form": 6,
    "field": 190,
    "default_value": null,
    "inherit_value": true,
    "is_required": false,
    "order": 10
  }
},
{
  "model": "design.formcomponents",
  "pk": 27,
  "fields": {
    "form": 6,
    "field": 131,
    "default_value": null,
    "inherit_value": true,
    "is_required": false,
    "order": 10
  }
},
{
  "model": "design.formcomponents",
  "pk": 28,
  "fields": {
    "form": 6,
    "field": 176,
    "default_value": null,
    "inherit_value": true,
    "is_required": false,
    "order": 10
  }
},
{
  "model": "design.resourcebusinesstype",
  "pk": 1,
  "fields": {
    "label": "药品",
    "name": "yao_pin",
    "pym": "yp",
    "erpsys_id": "e52592ea-23e5-11ef-8242-0e586f6f8a1e",
    "dictionary": 1,
    "resource_type": "MATERIAL"
  }
},
{
  "model": "design.resourcebusinesstype",
  "pk": 2,
  "fields": {
    "label": "耗材",
    "name": "hao_cai",
    "pym": "hc",
    "erpsys_id": "ed98b0b0-23e5-11ef-8242-0e586f6f8a1e",
    "dictionary": 42,
    "resource_type": "MATERIAL"
  }
},
{
  "model": "design.resourcebusinesstype",
  "pk": 3,
  "fields": {
    "label": "诊室",
    "name": "zhen_shi",
    "pym": "zs",
    "erpsys_id": "094b9444-23e6-11ef-8242-0e586f6f8a1e",
    "dictionary": 43,
    "resource_type": "SPACE"
  }
},
{
  "model": "design.resourcebusinesstype",
  "pk": 4,
  "fields": {
    "label": "设备",
    "name": "she_bei",
    "pym": "sb",
    "erpsys_id": "0261ce04-23e7-11ef-a385-0e586f6f8a1e",
    "dictionary": 45,
    "resource_type": "EQUIPMENT"
  }
},
{
  "model": "design.resourcebusinesstype",
  "pk": 5,
  "fields": {
    "label": "器材",
    "name": "qi_cai",
    "pym": "qc",
    "erpsys_id": "0f192cc8-23e7-11ef-a385-0e586f6f8a1e",
    "dictionary": 46,
    "resource_type": "DEVICE"
  }
},
{
  "model": "design.resourcebusinesstype",
  "pk": 6,
  "fields": {
    "label": "作业员",
    "name": "zuo_ye_yuan",
    "pym": "zyy",
    "erpsys_id": "36541348-23e7-11ef-a385-0e586f6f8a1e",
    "dictionary": 40,
    "resource_type": "OPERATOR"
  }
},
{
  "model": "design.resourcebusinesstype",
  "pk": 7,
  "fields": {
    "label": "客户",
    "name": "ke_hu",
    "pym": "kh",
    "erpsys_id": "3e226d40-23e7-11ef-a385-0e586f6f8a1e",
    "dictionary": 39,
    "resource_type": "OPERATOR"
  }
},
{
  "model": "design.resourcebusinesstype",
  "pk": 8,
  "fields": {
    "label": "费用",
    "name": "fei_yong",
    "pym": "fy",
    "erpsys_id": "7ba485e0-23e7-11ef-a385-0e586f6f8a1e",
    "dictionary": 47,
    "resource_type": "CAPITAL"
  }
},
{
  "model": "design.resourcebusinesstype",
  "pk": 9,
  "fields": {
    "label": "注意事项",
    "name": "zhu_yi_shi_xiang",
    "pym": "zysx",
    "erpsys_id": "d117adb8-23e7-11ef-a385-0e586f6f8a1e",
    "dictionary": 48,
    "resource_type": "KNOWLEDGE"
  }
},
{
  "model": "design.resourcebusinesstype",
  "pk": 10,
  "fields": {
    "label": "知情同意书",
    "name": "zhi_qing_tong_yi_shu",
    "pym": "zqtys",
    "erpsys_id": "dbdf3158-23e7-11ef-a385-0e586f6f8a1e",
    "dictionary": 49,
    "resource_type": "KNOWLEDGE"
  }
},
{
  "model": "design.resource",
  "pk": 1,
  "fields": {
    "label": "保妥适",
    "name": "bao_tuo_shi",
    "pym": "bts",
    "erpsys_id": "a02e2840-1e6e-11ef-ad48-0e586f6f8a1e",
    "representation": 19,
    "resource_business_type": 1
  }
},
{
  "model": "design.resource",
  "pk": 2,
  "fields": {
    "label": "乔雅登极致",
    "name": "qiao_ya_deng_ji_zhi",
    "pym": "qydjz",
    "erpsys_id": "16e79f4a-1e8b-11ef-9fcc-0e586f6f8a1e",
    "representation": 25,
    "resource_business_type": 1
  }
},
{
  "model": "design.resource",
  "pk": 3,
  "fields": {
    "label": "一次性注射器",
    "name": "yi_ci_xing_zhu_she_qi",
    "pym": "ycxzsq",
    "erpsys_id": "b96cd2e8-1f4f-11ef-9d26-0e586f6f8a1e",
    "representation": 179,
    "resource_business_type": 2
  }
},
{
  "model": "design.resource",
  "pk": 4,
  "fields": {
    "label": "治疗室",
    "name": "zhi_liao_shi",
    "pym": "zls",
    "erpsys_id": "d914bbaa-1f55-11ef-b907-0e586f6f8a1e",
    "representation": 181,
    "resource_business_type": 3
  }
},
{
  "model": "design.service",
  "pk": 1,
  "fields": {
    "label": "肉毒素治疗",
    "name": "rou_du_su_zhi_liao",
    "pym": "rdszl",
    "erpsys_id": "88e73c20-1f1e-11ef-b5e7-0e586f6f8a1e",
    "form": 6,
    "work_order": 41,
    "program": null,
    "service_type": "SERVICE",
    "estimated_time": 60,
    "estimated_cost": null,
    "unit": null
  }
},
{
  "model": "design.service",
  "pk": 2,
  "fields": {
    "label": "注射",
    "name": "zhu_she",
    "pym": "zs",
    "erpsys_id": "8c8b5334-1f4b-11ef-b5e7-0e586f6f8a1e",
    "form": 5,
    "work_order": 41,
    "program": null,
    "service_type": "OPERATION",
    "estimated_time": 30,
    "estimated_cost": null,
    "unit": null
  }
},
{
  "model": "design.service",
  "pk": 3,
  "fields": {
    "label": "领药",
    "name": "ling_yao",
    "pym": "ly",
    "erpsys_id": "dfd3eb82-1f4b-11ef-9d26-0e586f6f8a1e",
    "form": 4,
    "work_order": 41,
    "program": null,
    "service_type": "OPERATION",
    "estimated_time": 5,
    "estimated_cost": null,
    "unit": null
  }
},
{
  "model": "design.service",
  "pk": 4,
  "fields": {
    "label": "领耗材",
    "name": "ling_hao_cai",
    "pym": "lhc",
    "erpsys_id": "f6e7f7ca-1f4e-11ef-9d26-0e586f6f8a1e",
    "form": 3,
    "work_order": 41,
    "program": null,
    "service_type": "OPERATION",
    "estimated_time": 5,
    "estimated_cost": null,
    "unit": null
  }
},
{
  "model": "design.service",
  "pk": 5,
  "fields": {
    "label": "预约",
    "name": "yu_yue",
    "pym": "yy",
    "erpsys_id": "859444c4-1f59-11ef-b907-0e586f6f8a1e",
    "form": 1,
    "work_order": 41,
    "program": null,
    "service_type": "OPERATION",
    "estimated_time": 5,
    "estimated_cost": null,
    "unit": null
  }
},
{
  "model": "design.service",
  "pk": 6,
  "fields": {
    "label": "随访",
    "name": "sui_fang",
    "pym": "sf",
    "erpsys_id": "44065154-1f5a-11ef-9e76-0e586f6f8a1e",
    "form": 2,
    "work_order": 41,
    "program": null,
    "service_type": "OPERATION",
    "estimated_time": 15,
    "estimated_cost": null,
    "unit": null
  }
},
{
  "model": "design.servicedependency",
  "pk": 1,
  "fields": {
    "parent": 1,
    "child": 2,
    "quantity": 1
  }
},
{
  "model": "design.servicedependency",
  "pk": 2,
  "fields": {
    "parent": 1,
    "child": 3,
    "quantity": 1
  }
},
{
  "model": "design.servicedependency",
  "pk": 3,
  "fields": {
    "parent": 1,
    "child": 4,
    "quantity": 1
  }
},
{
  "model": "design.resourcedependency",
  "pk": 1,
  "fields": {
    "service": 1,
    "resource_object": 1,
    "quantity": 1
  }
},
{
  "model": "design.resourcedependency",
  "pk": 2,
  "fields": {
    "service": 1,
    "resource_object": 3,
    "quantity": 1
  }
},
{
  "model": "design.resourcedependency",
  "pk": 3,
  "fields": {
    "service": 1,
    "resource_object": 4,
    "quantity": 1
  }
},
{
  "model": "design.project",
  "pk": 1,
  "fields": {
    "label": "Maor",
    "name": "",
    "pym": "Maor",
    "erpsys_id": "32259010-2321-11ef-813e-0e586f6f8a1e",
    "domain": "127.0.0.1",
    "description": null,
    "services": [
      1
    ]
  }
}
]
