[
    {
        "model": "auth.user",
        "pk": 1,
        "fields": {
            "password": "pbkdf2_sha256$600000$KzGsVmdaCn1iGxs77aoIwP$zuCQKkpa1M0XOQd1vKmZZHKGBFNhjZYISwDB31phQYs=",
            "last_login": "2024-06-11T15:28:43.649Z",
            "is_superuser": true,
            "username": "admin",
            "first_name": "",
            "last_name": "",
            "email": "admin@example.com",
            "is_staff": true,
            "is_active": true,
            "date_joined": "2024-06-11T12:12:13.483Z",
            "groups": [],
            "user_permissions": []
        }
    },
    {
        "model": "design.dataitem",
        "pk": 1,
        "fields": {
            "label": "\u836f\u54c1",
            "name": "yao_pin",
            "pym": "yp",
            "erpsys_id": "389fd296-27ec-11ef-a526-0e586f6f8a1e",
            "vocabulary": null,
            "field_type": "DictionaryField",
            "related_dictionary": 1,
            "max_length": 100,
            "max_digits": 10,
            "decimal_places": 2,
            "computed_logic": null,
            "is_entity": false
        }
    },
    {
        "model": "design.dataitem",
        "pk": 2,
        "fields": {
            "label": "\u5ba2\u6237",
            "name": "ke_hu",
            "pym": "kh",
            "erpsys_id": "46a91014-27ec-11ef-a526-0e586f6f8a1e",
            "vocabulary": null,
            "field_type": "DictionaryField",
            "related_dictionary": 2,
            "max_length": 100,
            "max_digits": 10,
            "decimal_places": 2,
            "computed_logic": null,
            "is_entity": false
        }
    },
    {
        "model": "design.dataitem",
        "pk": 3,
        "fields": {
            "label": "\u4f5c\u4e1a\u5458",
            "name": "zuo_ye_yuan",
            "pym": "zyy",
            "erpsys_id": "4f15f8a2-27ec-11ef-a526-0e586f6f8a1e",
            "vocabulary": null,
            "field_type": "DictionaryField",
            "related_dictionary": 3,
            "max_length": 100,
            "max_digits": 10,
            "decimal_places": 2,
            "computed_logic": null,
            "is_entity": false
        }
    },
    {
        "model": "design.dataitem",
        "pk": 4,
        "fields": {
            "label": "\u5de5\u5355",
            "name": "gong_dan",
            "pym": "gd",
            "erpsys_id": "8b7686a4-27ec-11ef-a526-0e586f6f8a1e",
            "vocabulary": null,
            "field_type": "DictionaryField",
            "related_dictionary": 4,
            "max_length": 100,
            "max_digits": 10,
            "decimal_places": 2,
            "computed_logic": "",
            "is_entity": false
        }
    },
    {
        "model": "design.dataitem",
        "pk": 5,
        "fields": {
            "label": "\u8017\u6750",
            "name": "hao_cai",
            "pym": "hc",
            "erpsys_id": "9e992020-27ec-11ef-a526-0e586f6f8a1e",
            "vocabulary": null,
            "field_type": "DictionaryField",
            "related_dictionary": 5,
            "max_length": 100,
            "max_digits": 10,
            "decimal_places": 2,
            "computed_logic": null,
            "is_entity": false
        }
    },
    {
        "model": "design.dataitem",
        "pk": 6,
        "fields": {
            "label": "\u8bca\u5ba4",
            "name": "zhen_shi",
            "pym": "zs",
            "erpsys_id": "a745868c-27ec-11ef-a526-0e586f6f8a1e",
            "vocabulary": null,
            "field_type": "DictionaryField",
            "related_dictionary": 6,
            "max_length": 100,
            "max_digits": 10,
            "decimal_places": 2,
            "computed_logic": null,
            "is_entity": false
        }
    },
    {
        "model": "design.dataitem",
        "pk": 7,
        "fields": {
            "label": "\u8bbe\u5907",
            "name": "she_bei",
            "pym": "sb",
            "erpsys_id": "b3abaa5a-27ec-11ef-a526-0e586f6f8a1e",
            "vocabulary": null,
            "field_type": "DictionaryField",
            "related_dictionary": 7,
            "max_length": 100,
            "max_digits": 10,
            "decimal_places": 2,
            "computed_logic": null,
            "is_entity": false
        }
    },
    {
        "model": "design.dataitem",
        "pk": 8,
        "fields": {
            "label": "\u5668\u6750",
            "name": "qi_cai",
            "pym": "qc",
            "erpsys_id": "bba6bcd6-27ec-11ef-a526-0e586f6f8a1e",
            "vocabulary": null,
            "field_type": "DictionaryField",
            "related_dictionary": 8,
            "max_length": 100,
            "max_digits": 10,
            "decimal_places": 2,
            "computed_logic": null,
            "is_entity": false
        }
    },
    {
        "model": "design.dataitem",
        "pk": 9,
        "fields": {
            "label": "\u8d39\u7528",
            "name": "fei_yong",
            "pym": "fy",
            "erpsys_id": "c5eabb34-27ec-11ef-a526-0e586f6f8a1e",
            "vocabulary": null,
            "field_type": "DictionaryField",
            "related_dictionary": 9,
            "max_length": 100,
            "max_digits": 10,
            "decimal_places": 2,
            "computed_logic": null,
            "is_entity": false
        }
    },
    {
        "model": "design.dataitem",
        "pk": 10,
        "fields": {
            "label": "\u6ce8\u610f\u4e8b\u9879",
            "name": "zhu_yi_shi_xiang",
            "pym": "zysx",
            "erpsys_id": "cff299a8-27ec-11ef-a526-0e586f6f8a1e",
            "vocabulary": null,
            "field_type": "DictionaryField",
            "related_dictionary": 10,
            "max_length": 100,
            "max_digits": 10,
            "decimal_places": 2,
            "computed_logic": null,
            "is_entity": false
        }
    },
    {
        "model": "design.dataitem",
        "pk": 11,
        "fields": {
            "label": "\u77e5\u60c5\u540c\u610f\u4e66",
            "name": "zhi_qing_tong_yi_shu",
            "pym": "zqtys",
            "erpsys_id": "d8f1c5ec-27ec-11ef-a526-0e586f6f8a1e",
            "vocabulary": null,
            "field_type": "DictionaryField",
            "related_dictionary": 11,
            "max_length": 100,
            "max_digits": 10,
            "decimal_places": 2,
            "computed_logic": null,
            "is_entity": false
        }
    },
    {
        "model": "design.dataitem",
        "pk": 12,
        "fields": {
            "label": "\u670d\u52a1\u9879\u76ee",
            "name": "fu_wu_xiang_mu",
            "pym": "fwxm",
            "erpsys_id": "f73a6c98-27ec-11ef-a526-0e586f6f8a1e",
            "vocabulary": null,
            "field_type": "DictionaryField",
            "related_dictionary": 12,
            "max_length": 100,
            "max_digits": 10,
            "decimal_places": 2,
            "computed_logic": null,
            "is_entity": false
        }
    },
    {
        "model": "design.dataitem",
        "pk": 13,
        "fields": {
            "label": "\u4fdd\u59a5\u9002",
            "name": "bao_tuo_shi",
            "pym": "bts",
            "erpsys_id": "26ecd3ea-27ed-11ef-a526-0e586f6f8a1e",
            "vocabulary": null,
            "field_type": "BusinessObject",
            "related_dictionary": 1,
            "max_length": 100,
            "max_digits": 10,
            "decimal_places": 2,
            "computed_logic": "",
            "is_entity": false
        }
    },
    {
        "model": "design.dataitem",
        "pk": 14,
        "fields": {
            "label": "\u4e54\u96c5\u767b\u6781\u81f4",
            "name": "qiao_ya_deng_ji_zhi",
            "pym": "qydjz",
            "erpsys_id": "3121d28e-27ed-11ef-a526-0e586f6f8a1e",
            "vocabulary": null,
            "field_type": "BusinessObject",
            "related_dictionary": 1,
            "max_length": 100,
            "max_digits": 10,
            "decimal_places": 2,
            "computed_logic": "",
            "is_entity": false
        }
    },
    {
        "model": "design.dataitem",
        "pk": 15,
        "fields": {
            "label": "\u4e00\u6b21\u6027\u6ce8\u5c04\u5668",
            "name": "yi_ci_xing_zhu_she_qi",
            "pym": "ycxzsq",
            "erpsys_id": "3d3a9e48-27ed-11ef-a526-0e586f6f8a1e",
            "vocabulary": null,
            "field_type": "BusinessObject",
            "related_dictionary": 5,
            "max_length": 100,
            "max_digits": 10,
            "decimal_places": 2,
            "computed_logic": "",
            "is_entity": false
        }
    },
    {
        "model": "design.dataitem",
        "pk": 16,
        "fields": {
            "label": "\u6cbb\u7597\u5ba4",
            "name": "zhi_liao_shi",
            "pym": "zls",
            "erpsys_id": "57b934a0-27ed-11ef-a526-0e586f6f8a1e",
            "vocabulary": null,
            "field_type": "BusinessObject",
            "related_dictionary": 6,
            "max_length": 100,
            "max_digits": 10,
            "decimal_places": 2,
            "computed_logic": "",
            "is_entity": false
        }
    },
    {
        "model": "design.dataitem",
        "pk": 17,
        "fields": {
            "label": "\u6807\u51c6\u5de5\u5355",
            "name": "biao_zhun_gong_dan",
            "pym": "bzgd",
            "erpsys_id": "0682610a-2807-11ef-8563-0e586f6f8a1e",
            "vocabulary": null,
            "field_type": "BusinessObject",
            "related_dictionary": 4,
            "max_length": 100,
            "max_digits": 10,
            "decimal_places": 2,
            "computed_logic": "",
            "is_entity": false
        }
    },
    {
        "model": "design.dataitemdict",
        "pk": 1,
        "fields": {
            "label": "\u836f\u54c1",
            "name": "yao_pin",
            "pym": "yp",
            "erpsys_id": "389eb19a-27ec-11ef-a526-0e586f6f8a1e",
            "data_item": 1,
            "system_resource_type": "MATERIAL",
            "bind_system_object": null,
            "init_content": null
        }
    },
    {
        "model": "design.dataitemdict",
        "pk": 2,
        "fields": {
            "label": "\u5ba2\u6237",
            "name": "ke_hu",
            "pym": "kh",
            "erpsys_id": "46a884c8-27ec-11ef-a526-0e586f6f8a1e",
            "data_item": 2,
            "system_resource_type": "OPERATOR",
            "bind_system_object": "User",
            "init_content": null
        }
    },
    {
        "model": "design.dataitemdict",
        "pk": 3,
        "fields": {
            "label": "\u4f5c\u4e1a\u5458",
            "name": "zuo_ye_yuan",
            "pym": "zyy",
            "erpsys_id": "4f155a78-27ec-11ef-a526-0e586f6f8a1e",
            "data_item": 3,
            "system_resource_type": "OPERATOR",
            "bind_system_object": "User",
            "init_content": null
        }
    },
    {
        "model": "design.dataitemdict",
        "pk": 4,
        "fields": {
            "label": "\u5de5\u5355",
            "name": "gong_dan",
            "pym": "gd",
            "erpsys_id": "8b75f702-27ec-11ef-a526-0e586f6f8a1e",
            "data_item": 4,
            "system_resource_type": "INFORMATION",
            "bind_system_object": null,
            "init_content": null
        }
    },
    {
        "model": "design.dataitemdict",
        "pk": 5,
        "fields": {
            "label": "\u8017\u6750",
            "name": "hao_cai",
            "pym": "hc",
            "erpsys_id": "9e98b658-27ec-11ef-a526-0e586f6f8a1e",
            "data_item": 5,
            "system_resource_type": "MATERIAL",
            "bind_system_object": null,
            "init_content": null
        }
    },
    {
        "model": "design.dataitemdict",
        "pk": 6,
        "fields": {
            "label": "\u8bca\u5ba4",
            "name": "zhen_shi",
            "pym": "zs",
            "erpsys_id": "a744fbae-27ec-11ef-a526-0e586f6f8a1e",
            "data_item": 6,
            "system_resource_type": "SPACE",
            "bind_system_object": null,
            "init_content": null
        }
    },
    {
        "model": "design.dataitemdict",
        "pk": 7,
        "fields": {
            "label": "\u8bbe\u5907",
            "name": "she_bei",
            "pym": "sb",
            "erpsys_id": "b3ab08f2-27ec-11ef-a526-0e586f6f8a1e",
            "data_item": 7,
            "system_resource_type": "EQUIPMENT",
            "bind_system_object": null,
            "init_content": null
        }
    },
    {
        "model": "design.dataitemdict",
        "pk": 8,
        "fields": {
            "label": "\u5668\u6750",
            "name": "qi_cai",
            "pym": "qc",
            "erpsys_id": "bba65e12-27ec-11ef-a526-0e586f6f8a1e",
            "data_item": 8,
            "system_resource_type": "DEVICE",
            "bind_system_object": null,
            "init_content": null
        }
    },
    {
        "model": "design.dataitemdict",
        "pk": 9,
        "fields": {
            "label": "\u8d39\u7528",
            "name": "fei_yong",
            "pym": "fy",
            "erpsys_id": "c5ea3f74-27ec-11ef-a526-0e586f6f8a1e",
            "data_item": 9,
            "system_resource_type": "CAPITAL",
            "bind_system_object": null,
            "init_content": null
        }
    },
    {
        "model": "design.dataitemdict",
        "pk": 10,
        "fields": {
            "label": "\u6ce8\u610f\u4e8b\u9879",
            "name": "zhu_yi_shi_xiang",
            "pym": "zysx",
            "erpsys_id": "cff216e0-27ec-11ef-a526-0e586f6f8a1e",
            "data_item": 10,
            "system_resource_type": "INFORMATION",
            "bind_system_object": null,
            "init_content": null
        }
    },
    {
        "model": "design.dataitemdict",
        "pk": 11,
        "fields": {
            "label": "\u77e5\u60c5\u540c\u610f\u4e66",
            "name": "zhi_qing_tong_yi_shu",
            "pym": "zqtys",
            "erpsys_id": "d8f1595e-27ec-11ef-a526-0e586f6f8a1e",
            "data_item": 11,
            "system_resource_type": "INFORMATION",
            "bind_system_object": null,
            "init_content": null
        }
    },
    {
        "model": "design.dataitemdict",
        "pk": 12,
        "fields": {
            "label": "\u670d\u52a1\u9879\u76ee",
            "name": "fu_wu_xiang_mu",
            "pym": "fwxm",
            "erpsys_id": "f739f8f8-27ec-11ef-a526-0e586f6f8a1e",
            "data_item": 12,
            "system_resource_type": "SERVICE",
            "bind_system_object": null,
            "init_content": null
        }
    },
    {
        "model": "design.service",
        "pk": 1,
        "fields": {
            "label": "\u8089\u6bd2\u7d20\u6cbb\u7597",
            "name": "rou_du_su_zhi_liao",
            "pym": "rdszl",
            "erpsys_id": "88e73c20-1f1e-11ef-b5e7-0e586f6f8a1e",
            "vocabulary": null,
            "form": 6,
            "work_order": null,
            "program": null,
            "service_type": "SERVICE",
            "estimated_time": 60,
            "estimated_cost": null
        }
    },
    {
        "model": "design.service",
        "pk": 2,
        "fields": {
            "label": "\u6ce8\u5c04",
            "name": "zhu_she",
            "pym": "zs",
            "erpsys_id": "8c8b5334-1f4b-11ef-b5e7-0e586f6f8a1e",
            "vocabulary": null,
            "form": 5,
            "work_order": null,
            "program": null,
            "service_type": "OPERATION",
            "estimated_time": 30,
            "estimated_cost": null
        }
    },
    {
        "model": "design.service",
        "pk": 3,
        "fields": {
            "label": "\u9886\u836f",
            "name": "ling_yao",
            "pym": "ly",
            "erpsys_id": "dfd3eb82-1f4b-11ef-9d26-0e586f6f8a1e",
            "vocabulary": null,
            "form": 4,
            "work_order": null,
            "program": null,
            "service_type": "OPERATION",
            "estimated_time": 5,
            "estimated_cost": null
        }
    },
    {
        "model": "design.service",
        "pk": 4,
        "fields": {
            "label": "\u9886\u8017\u6750",
            "name": "ling_hao_cai",
            "pym": "lhc",
            "erpsys_id": "f6e7f7ca-1f4e-11ef-9d26-0e586f6f8a1e",
            "vocabulary": null,
            "form": 3,
            "work_order": 17,
            "program": null,
            "service_type": "OPERATION",
            "estimated_time": 5,
            "estimated_cost": null
        }
    },
    {
        "model": "design.service",
        "pk": 5,
        "fields": {
            "label": "\u9884\u7ea6",
            "name": "yu_yue",
            "pym": "yy",
            "erpsys_id": "859444c4-1f59-11ef-b907-0e586f6f8a1e",
            "vocabulary": null,
            "form": 1,
            "work_order": null,
            "program": null,
            "service_type": "OPERATION",
            "estimated_time": 5,
            "estimated_cost": null
        }
    },
    {
        "model": "design.service",
        "pk": 6,
        "fields": {
            "label": "\u968f\u8bbf",
            "name": "sui_fang",
            "pym": "sf",
            "erpsys_id": "44065154-1f5a-11ef-9e76-0e586f6f8a1e",
            "vocabulary": null,
            "form": 2,
            "work_order": null,
            "program": null,
            "service_type": "OPERATION",
            "estimated_time": 15,
            "estimated_cost": null
        }
    },
    {
        "model": "design.servicedependency",
        "pk": 1,
        "fields": {
            "parent": 1,
            "child": 2,
            "quantity": 1
        }
    },
    {
        "model": "design.servicedependency",
        "pk": 2,
        "fields": {
            "parent": 1,
            "child": 3,
            "quantity": 1
        }
    },
    {
        "model": "design.servicedependency",
        "pk": 3,
        "fields": {
            "parent": 1,
            "child": 4,
            "quantity": 1
        }
    },
    {
        "model": "design.form",
        "pk": 1,
        "fields": {
            "label": "\u9884\u7ea6\u8bb0\u5f55\u5355",
            "name": "yu_yue_ji_lu_dan",
            "pym": "yyjld",
            "erpsys_id": "1eda2060-1fbc-11ef-8ee7-0e586f6f8a1e",
            "form_type": "PRODUCE"
        }
    },
    {
        "model": "design.form",
        "pk": 2,
        "fields": {
            "label": "\u968f\u8bbf\u8bb0\u5f55\u5355",
            "name": "sui_fang_ji_lu_dan",
            "pym": "sfjld",
            "erpsys_id": "1329b018-1fbd-11ef-8ee7-0e586f6f8a1e",
            "form_type": "PRODUCE"
        }
    },
    {
        "model": "design.form",
        "pk": 3,
        "fields": {
            "label": "\u8017\u6750\u9886\u6599\u5355",
            "name": "hao_cai_ling_liao_dan",
            "pym": "hclld",
            "erpsys_id": "d99523d8-1fc0-11ef-8759-0e586f6f8a1e",
            "form_type": "PRODUCE"
        }
    },
    {
        "model": "design.form",
        "pk": 4,
        "fields": {
            "label": "\u836f\u54c1\u9886\u6599\u5355",
            "name": "yao_pin_ling_liao_dan",
            "pym": "yplld",
            "erpsys_id": "0ec95376-1fc1-11ef-8759-0e586f6f8a1e",
            "form_type": "PRODUCE"
        }
    },
    {
        "model": "design.form",
        "pk": 5,
        "fields": {
            "label": "\u6ce8\u5c04\u5355",
            "name": "zhu_she_dan",
            "pym": "zsd",
            "erpsys_id": "c3e0606e-1fe5-11ef-a2bd-0e586f6f8a1e",
            "form_type": "PRODUCE"
        }
    },
    {
        "model": "design.form",
        "pk": 6,
        "fields": {
            "label": "\u8089\u6bd2\u7d20\u6cbb\u7597\u8bb0\u5f55\u5355",
            "name": "rou_du_su_zhi_liao_ji_lu_dan",
            "pym": "rdszljld",
            "erpsys_id": "9bbd2808-1fe8-11ef-a2bd-0e586f6f8a1e",
            "form_type": "PRODUCE"
        }
    },
    {
        "model": "design.project",
        "pk": 1,
        "fields": {
            "label": "Maor",
            "name": "",
            "pym": "Maor",
            "erpsys_id": "32259010-2321-11ef-813e-0e586f6f8a1e",
            "domain": "127.0.0.1",
            "description": null,
            "services": [
                1
            ]
        }
    }
]