[
    {
        "model": "auth.user",
        "pk": 1,
        "fields": {
            "password": "pbkdf2_sha256$600000$KzGsVmdaCn1iGxs77aoIwP$zuCQKkpa1M0XOQd1vKmZZHKGBFNhjZYISwDB31phQYs=",
            "last_login": "2024-06-23T05:51:37.152Z",
            "is_superuser": true,
            "username": "admin",
            "first_name": "",
            "last_name": "",
            "email": "admin@example.com",
            "is_staff": true,
            "is_active": true,
            "date_joined": "2024-06-11T12:12:13.483Z",
            "groups": [],
            "user_permissions": []
        }
    },
    {
        "model": "design.dataitem",
        "pk": 14,
        "fields": {
            "label": "\u540d\u79f0",
            "name": "ming_cheng",
            "pym": "mc",
            "erpsys_id": "360cc6d4-2a2f-11ef-a3b6-0e586f6f8a1e",
            "field_type": "CharField",
            "business_type": null,
            "inherit": null,
            "bind_system_object": null,
            "max_length": 100,
            "max_digits": 10,
            "decimal_places": 2,
            "computed_logic": "",
            "init_content": null
        }
    },
    {
        "model": "design.dataitem",
        "pk": 15,
        "fields": {
            "label": "\u59d3\u540d",
            "name": "xing_ming",
            "pym": "xm",
            "erpsys_id": "3c736910-2a2f-11ef-a3b6-0e586f6f8a1e",
            "field_type": "CharField",
            "business_type": null,
            "inherit": null,
            "bind_system_object": null,
            "max_length": 100,
            "max_digits": 10,
            "decimal_places": 2,
            "computed_logic": "",
            "init_content": null
        }
    },
    {
        "model": "design.dataitem",
        "pk": 16,
        "fields": {
            "label": "\u4eba\u5458",
            "name": "ren_yuan",
            "pym": "ry",
            "erpsys_id": "1e675d54-2a30-11ef-8c28-0e586f6f8a1e",
            "field_type": "TypeField",
            "business_type": null,
            "inherit": 38,
            "bind_system_object": null,
            "max_length": 100,
            "max_digits": 10,
            "decimal_places": 2,
            "computed_logic": "",
            "init_content": null
        }
    },
    {
        "model": "design.dataitem",
        "pk": 18,
        "fields": {
            "label": "\u7269\u6599",
            "name": "wu_liao",
            "pym": "wl",
            "erpsys_id": "6c35906e-2a30-11ef-8c28-0e586f6f8a1e",
            "field_type": "TypeField",
            "business_type": null,
            "inherit": 38,
            "bind_system_object": null,
            "max_length": 100,
            "max_digits": 10,
            "decimal_places": 2,
            "computed_logic": "",
            "init_content": null
        }
    },
    {
        "model": "design.dataitem",
        "pk": 19,
        "fields": {
            "label": "\u8bbe\u5907",
            "name": "she_bei",
            "pym": "sb",
            "erpsys_id": "793baa96-2a30-11ef-8c28-0e586f6f8a1e",
            "field_type": "TypeField",
            "business_type": null,
            "inherit": 38,
            "bind_system_object": null,
            "max_length": 100,
            "max_digits": 10,
            "decimal_places": 2,
            "computed_logic": "",
            "init_content": null
        }
    },
    {
        "model": "design.dataitem",
        "pk": 20,
        "fields": {
            "label": "\u5de5\u5177",
            "name": "gong_ju",
            "pym": "gj",
            "erpsys_id": "88656aca-2a30-11ef-8c28-0e586f6f8a1e",
            "field_type": "TypeField",
            "business_type": null,
            "inherit": 38,
            "bind_system_object": null,
            "max_length": 100,
            "max_digits": 10,
            "decimal_places": 2,
            "computed_logic": "",
            "init_content": null
        }
    },
    {
        "model": "design.dataitem",
        "pk": 21,
        "fields": {
            "label": "\u8d44\u91d1",
            "name": "zi_jin",
            "pym": "zj",
            "erpsys_id": "9cc2ba4a-2a30-11ef-8c28-0e586f6f8a1e",
            "field_type": "TypeField",
            "business_type": null,
            "inherit": 38,
            "bind_system_object": null,
            "max_length": 100,
            "max_digits": 10,
            "decimal_places": 2,
            "computed_logic": "",
            "init_content": null
        }
    },
    {
        "model": "design.dataitem",
        "pk": 22,
        "fields": {
            "label": "\u7a7a\u95f4",
            "name": "kong_jian",
            "pym": "kj",
            "erpsys_id": "b7b59c78-2a30-11ef-8c28-0e586f6f8a1e",
            "field_type": "TypeField",
            "business_type": null,
            "inherit": 38,
            "bind_system_object": null,
            "max_length": 100,
            "max_digits": 10,
            "decimal_places": 2,
            "computed_logic": "",
            "init_content": null
        }
    },
    {
        "model": "design.dataitem",
        "pk": 23,
        "fields": {
            "label": "\u4fe1\u606f",
            "name": "xin_xi",
            "pym": "xx",
            "erpsys_id": "d9ce1772-2a30-11ef-8c28-0e586f6f8a1e",
            "field_type": "TypeField",
            "business_type": null,
            "inherit": 38,
            "bind_system_object": null,
            "max_length": 100,
            "max_digits": 10,
            "decimal_places": 2,
            "computed_logic": "",
            "init_content": null
        }
    },
    {
        "model": "design.dataitem",
        "pk": 24,
        "fields": {
            "label": "\u670d\u52a1\u9879\u76ee",
            "name": "fu_wu_xiang_mu",
            "pym": "fwxm",
            "erpsys_id": "e66128a8-2a30-11ef-8c28-0e586f6f8a1e",
            "field_type": "TypeField",
            "business_type": null,
            "inherit": 38,
            "bind_system_object": null,
            "max_length": 100,
            "max_digits": 10,
            "decimal_places": 2,
            "computed_logic": "",
            "init_content": null
        }
    },
    {
        "model": "design.dataitem",
        "pk": 25,
        "fields": {
            "label": "\u64cd\u4f5c\u5458",
            "name": "cao_zuo_yuan",
            "pym": "czy",
            "erpsys_id": "caff453a-2a31-11ef-ba21-0e586f6f8a1e",
            "field_type": "TypeField",
            "business_type": null,
            "inherit": 16,
            "bind_system_object": null,
            "max_length": 100,
            "max_digits": 10,
            "decimal_places": 2,
            "computed_logic": "",
            "init_content": null
        }
    },
    {
        "model": "design.dataitem",
        "pk": 26,
        "fields": {
            "label": "\u5ba2\u6237",
            "name": "ke_hu",
            "pym": "kh",
            "erpsys_id": "88980352-2a32-11ef-946b-0e586f6f8a1e",
            "field_type": "TypeField",
            "business_type": null,
            "inherit": 25,
            "bind_system_object": null,
            "max_length": 100,
            "max_digits": 10,
            "decimal_places": 2,
            "computed_logic": "",
            "init_content": null
        }
    },
    {
        "model": "design.dataitem",
        "pk": 27,
        "fields": {
            "label": "\u804c\u5458",
            "name": "zhi_yuan",
            "pym": "zy",
            "erpsys_id": "99f7a5b2-2a32-11ef-946b-0e586f6f8a1e",
            "field_type": "TypeField",
            "business_type": null,
            "inherit": 25,
            "bind_system_object": null,
            "max_length": 100,
            "max_digits": 10,
            "decimal_places": 2,
            "computed_logic": "",
            "init_content": null
        }
    },
    {
        "model": "design.dataitem",
        "pk": 30,
        "fields": {
            "label": "\u5de5\u5355",
            "name": "gong_dan",
            "pym": "gd",
            "erpsys_id": "5abb3476-2a33-11ef-b9c0-0e586f6f8a1e",
            "field_type": "TypeField",
            "business_type": null,
            "inherit": 23,
            "bind_system_object": null,
            "max_length": 100,
            "max_digits": 10,
            "decimal_places": 2,
            "computed_logic": "",
            "init_content": null
        }
    },
    {
        "model": "design.dataitem",
        "pk": 31,
        "fields": {
            "label": "\u8bca\u5ba4",
            "name": "zhen_shi",
            "pym": "zs",
            "erpsys_id": "6adc9430-2a33-11ef-b9c0-0e586f6f8a1e",
            "field_type": "TypeField",
            "business_type": null,
            "inherit": 22,
            "bind_system_object": null,
            "max_length": 100,
            "max_digits": 10,
            "decimal_places": 2,
            "computed_logic": "",
            "init_content": null
        }
    },
    {
        "model": "design.dataitem",
        "pk": 32,
        "fields": {
            "label": "\u533b\u751f",
            "name": "yi_sheng",
            "pym": "ys",
            "erpsys_id": "a22f5c10-2a33-11ef-b9c0-0e586f6f8a1e",
            "field_type": "TypeField",
            "business_type": null,
            "inherit": 27,
            "bind_system_object": null,
            "max_length": 100,
            "max_digits": 10,
            "decimal_places": 2,
            "computed_logic": "",
            "init_content": null
        }
    },
    {
        "model": "design.dataitem",
        "pk": 33,
        "fields": {
            "label": "\u62a4\u58eb",
            "name": "hu_shi",
            "pym": "hs",
            "erpsys_id": "b01b7c96-2a33-11ef-b9c0-0e586f6f8a1e",
            "field_type": "TypeField",
            "business_type": null,
            "inherit": 27,
            "bind_system_object": null,
            "max_length": 100,
            "max_digits": 10,
            "decimal_places": 2,
            "computed_logic": "",
            "init_content": null
        }
    },
    {
        "model": "design.dataitem",
        "pk": 34,
        "fields": {
            "label": "\u5ba2\u670d",
            "name": "ke_fu",
            "pym": "kf",
            "erpsys_id": "c2397b9e-2a33-11ef-b9c0-0e586f6f8a1e",
            "field_type": "TypeField",
            "business_type": null,
            "inherit": 27,
            "bind_system_object": null,
            "max_length": 100,
            "max_digits": 10,
            "decimal_places": 2,
            "computed_logic": "",
            "init_content": null
        }
    },
    {
        "model": "design.dataitem",
        "pk": 35,
        "fields": {
            "label": "\u4fdd\u59a5\u9002",
            "name": "bao_tuo_shi",
            "pym": "bts",
            "erpsys_id": "f18adca8-2a33-11ef-b9c0-0e586f6f8a1e",
            "field_type": "InstanceField",
            "business_type": 18,
            "inherit": null,
            "bind_system_object": null,
            "max_length": 100,
            "max_digits": 10,
            "decimal_places": 2,
            "computed_logic": "",
            "init_content": null
        }
    },
    {
        "model": "design.dataitem",
        "pk": 36,
        "fields": {
            "label": "\u4e54\u96c5\u767b\u6781\u81f4",
            "name": "qiao_ya_deng_ji_zhi",
            "pym": "qydjz",
            "erpsys_id": "fee23f2c-2a33-11ef-b9c0-0e586f6f8a1e",
            "field_type": "InstanceField",
            "business_type": 18,
            "inherit": null,
            "bind_system_object": null,
            "max_length": 100,
            "max_digits": 10,
            "decimal_places": 2,
            "computed_logic": "",
            "init_content": null
        }
    },
    {
        "model": "design.dataitem",
        "pk": 37,
        "fields": {
            "label": "\u4e00\u6b21\u6027\u6ce8\u5c04\u5668",
            "name": "yi_ci_xing_zhu_she_qi",
            "pym": "ycxzsq",
            "erpsys_id": "194cc580-2a34-11ef-b9c0-0e586f6f8a1e",
            "field_type": "InstanceField",
            "business_type": 18,
            "inherit": null,
            "bind_system_object": null,
            "max_length": 100,
            "max_digits": 10,
            "decimal_places": 2,
            "computed_logic": "",
            "init_content": null
        }
    },
    {
        "model": "design.dataitem",
        "pk": 38,
        "fields": {
            "label": "\u7cfb\u7edf\u7c7b\u578b",
            "name": "xi_tong_lei_xing",
            "pym": "xtlx",
            "erpsys_id": "682ef634-2a5a-11ef-9cc9-0e586f6f8a1e",
            "field_type": "TypeField",
            "business_type": null,
            "inherit": null,
            "bind_system_object": null,
            "max_length": 100,
            "max_digits": 10,
            "decimal_places": 2,
            "computed_logic": "",
            "init_content": null
        }
    },
    {
        "model": "design.dataitem",
        "pk": 39,
        "fields": {
            "label": "\u5c97\u4f4d",
            "name": "gang_wei",
            "pym": "gw",
            "erpsys_id": "c26877c0-2c6b-11ef-81c5-0e586f6f8a1e",
            "field_type": "TypeField",
            "business_type": null,
            "inherit": null,
            "bind_system_object": null,
            "max_length": 100,
            "max_digits": 10,
            "decimal_places": 2,
            "computed_logic": null,
            "init_content": "[{\"\u5c97\u4f4d\u540d\u79f0\": \"\u533b\u751f\"}, {\"\u5c97\u4f4d\u540d\u79f0\": \"\u62a4\u58eb\"}, {\"\u5c97\u4f4d\u540d\u79f0\": \"\u5ba2\u670d\"}, {\"\u5c97\u4f4d\u540d\u79f0\": \"\u7ba1\u7406\u5458\"}]"
        }
    },
    {
        "model": "design.dataitem",
        "pk": 40,
        "fields": {
            "label": "\u5c97\u4f4d\u540d\u79f0",
            "name": "gang_wei_ming_cheng",
            "pym": "gwmc",
            "erpsys_id": "c268fab0-2c6b-11ef-81c5-0e586f6f8a1e",
            "field_type": "CharField",
            "business_type": null,
            "inherit": null,
            "bind_system_object": null,
            "max_length": 100,
            "max_digits": 10,
            "decimal_places": 2,
            "computed_logic": null,
            "init_content": null
        }
    },
    {
        "model": "design.dataitem",
        "pk": 46,
        "fields": {
            "label": "\u670d\u52a1\u7c7b\u522b",
            "name": "fu_wu_lei_bie",
            "pym": "fwlb",
            "erpsys_id": "c26b0d6e-2c6b-11ef-81c5-0e586f6f8a1e",
            "field_type": "TypeField",
            "business_type": null,
            "inherit": null,
            "bind_system_object": null,
            "max_length": 100,
            "max_digits": 10,
            "decimal_places": 2,
            "computed_logic": null,
            "init_content": "[{\"\u503c\": \"\u5149\u7535\u7c7b\"}, {\"\u503c\": \"\u62a4\u80a4\u54c1\"}, {\"\u503c\": \"\u5316\u5b66\u7115\u80a4\"}, {\"\u503c\": \"\u624b\u672f\u7c7b\"}, {\"\u503c\": \"\u4eea\u5668\u7c7b\"}, {\"\u503c\": \"\u6ce8\u5c04\u586b\u5145\u7c7b\"}]"
        }
    },
    {
        "model": "design.dataitem",
        "pk": 47,
        "fields": {
            "label": "\u503c",
            "name": "zhi",
            "pym": "z",
            "erpsys_id": "c26b6926-2c6b-11ef-81c5-0e586f6f8a1e",
            "field_type": "CharField",
            "business_type": null,
            "inherit": null,
            "bind_system_object": null,
            "max_length": 100,
            "max_digits": 10,
            "decimal_places": 2,
            "computed_logic": null,
            "init_content": null
        }
    },
    {
        "model": "design.dataitem",
        "pk": 48,
        "fields": {
            "label": "\u5165\u51fa\u5e93\u64cd\u4f5c",
            "name": "ru_chu_ku_cao_zuo",
            "pym": "rckcz",
            "erpsys_id": "1a262aca-2c6c-11ef-a7db-0e586f6f8a1e",
            "field_type": "TypeField",
            "business_type": null,
            "inherit": null,
            "bind_system_object": null,
            "max_length": 100,
            "max_digits": 10,
            "decimal_places": 2,
            "computed_logic": "",
            "init_content": "[{\"\u503c\": \"\u5165\u5e93\"}, {\"\u503c\": \"\u51fa\u5e93\"}]"
        }
    },
    {
        "model": "design.dataitem",
        "pk": 49,
        "fields": {
            "label": "\u6570\u91cf",
            "name": "shu_liang",
            "pym": "sl",
            "erpsys_id": "2442df12-2c6c-11ef-a7db-0e586f6f8a1e",
            "field_type": "IntegerField",
            "business_type": null,
            "inherit": null,
            "bind_system_object": null,
            "max_length": 100,
            "max_digits": 10,
            "decimal_places": 2,
            "computed_logic": "",
            "init_content": null
        }
    },
    {
        "model": "design.dataitem",
        "pk": 50,
        "fields": {
            "label": "\u7269\u6599\u53f0\u8d26",
            "name": "wu_liao_ming_xi_ji_lu",
            "pym": "wlmxjl",
            "erpsys_id": "5741ba0a-2c6c-11ef-a7db-0e586f6f8a1e",
            "field_type": "TypeField",
            "business_type": null,
            "inherit": 18,
            "bind_system_object": null,
            "max_length": 100,
            "max_digits": 10,
            "decimal_places": 2,
            "computed_logic": "",
            "init_content": null
        }
    },
    {
        "model": "design.dataitem",
        "pk": 51,
        "fields": {
            "label": "\u7cfb\u7edf\u7528\u6237",
            "name": "xi_tong_yong_hu",
            "pym": "xtyh",
            "erpsys_id": "dedac8a6-2eee-11ef-9033-0e586f6f8a1e",
            "field_type": "User",
            "business_type": 38,
            "inherit": null,
            "bind_system_object": null,
            "max_length": 100,
            "max_digits": 10,
            "decimal_places": 2,
            "computed_logic": "",
            "init_content": null
        }
    },
    {
        "model": "design.dataitem",
        "pk": 52,
        "fields": {
            "label": "\u75c5\u5386\u53f7",
            "name": "bing_li_hao",
            "pym": "blh",
            "erpsys_id": "6ae389e6-2eef-11ef-9033-0e586f6f8a1e",
            "field_type": "CharField",
            "business_type": null,
            "inherit": null,
            "bind_system_object": null,
            "max_length": 100,
            "max_digits": 10,
            "decimal_places": 2,
            "computed_logic": "",
            "init_content": null
        }
    },
    {
        "model": "design.dataitemconsists",
        "pk": 1,
        "fields": {
            "data_item": 16,
            "sub_data_item": 15,
            "is_multivalued": false,
            "default_value_char": null,
            "order": 10
        }
    },
    {
        "model": "design.dataitemconsists",
        "pk": 3,
        "fields": {
            "data_item": 18,
            "sub_data_item": 14,
            "is_multivalued": false,
            "default_value_char": null,
            "order": 10
        }
    },
    {
        "model": "design.dataitemconsists",
        "pk": 4,
        "fields": {
            "data_item": 19,
            "sub_data_item": 14,
            "is_multivalued": false,
            "default_value_char": null,
            "order": 10
        }
    },
    {
        "model": "design.dataitemconsists",
        "pk": 5,
        "fields": {
            "data_item": 20,
            "sub_data_item": 14,
            "is_multivalued": false,
            "default_value_char": null,
            "order": 10
        }
    },
    {
        "model": "design.dataitemconsists",
        "pk": 6,
        "fields": {
            "data_item": 21,
            "sub_data_item": 14,
            "is_multivalued": false,
            "default_value_char": null,
            "order": 10
        }
    },
    {
        "model": "design.dataitemconsists",
        "pk": 7,
        "fields": {
            "data_item": 22,
            "sub_data_item": 14,
            "is_multivalued": false,
            "default_value_char": null,
            "order": 10
        }
    },
    {
        "model": "design.dataitemconsists",
        "pk": 8,
        "fields": {
            "data_item": 23,
            "sub_data_item": 14,
            "is_multivalued": false,
            "default_value_char": null,
            "order": 10
        }
    },
    {
        "model": "design.dataitemconsists",
        "pk": 9,
        "fields": {
            "data_item": 39,
            "sub_data_item": 40,
            "is_multivalued": false,
            "default_value_char": null,
            "order": 10
        }
    },
    {
        "model": "design.dataitemconsists",
        "pk": 14,
        "fields": {
            "data_item": 46,
            "sub_data_item": 47,
            "is_multivalued": false,
            "default_value_char": null,
            "order": 10
        }
    },
    {
        "model": "design.dataitemconsists",
        "pk": 17,
        "fields": {
            "data_item": 25,
            "sub_data_item": 51,
            "is_multivalued": false,
            "default_value_char": null,
            "order": 10
        }
    },
    {
        "model": "design.dataitemconsists",
        "pk": 18,
        "fields": {
            "data_item": 26,
            "sub_data_item": 52,
            "is_multivalued": false,
            "default_value_char": null,
            "order": 10
        }
    },
    {
        "model": "design.dataitemconsists",
        "pk": 19,
        "fields": {
            "data_item": 50,
            "sub_data_item": 18,
            "is_multivalued": false,
            "default_value_char": null,
            "order": 10
        }
    },
    {
        "model": "design.dataitemconsists",
        "pk": 20,
        "fields": {
            "data_item": 50,
            "sub_data_item": 48,
            "is_multivalued": false,
            "default_value_char": null,
            "order": 10
        }
    },
    {
        "model": "design.dataitemconsists",
        "pk": 21,
        "fields": {
            "data_item": 50,
            "sub_data_item": 49,
            "is_multivalued": false,
            "default_value_char": null,
            "order": 10
        }
    },
    {
        "model": "design.service",
        "pk": 1,
        "fields": {
            "label": "\u8089\u6bd2\u7d20\u6cbb\u7597",
            "name": "rou_du_su_zhi_liao",
            "pym": "rdszl",
            "erpsys_id": "88e73c20-1f1e-11ef-b5e7-0e586f6f8a1e",
            "form": 6,
            "subject": null,
            "work_order": null,
            "route_to": null,
            "program": {
                "\u4e8b\u4ef6": [
                    {
                        "\u4e8b\u4ef6A": "\u6307\u4ee4A(\u53c2\u65701,\u53c2\u65702)"
                    }
                ]
            },
            "service_type": "SERVICE"
        }
    },
    {
        "model": "design.service",
        "pk": 5,
        "fields": {
            "label": "\u9884\u7ea6",
            "name": "yu_yue",
            "pym": "yy",
            "erpsys_id": "859444c4-1f59-11ef-b907-0e586f6f8a1e",
            "form": 1,
            "subject": null,
            "work_order": null,
            "route_to": null,
            "program": null,
            "service_type": "OPERATION"
        }
    },
    {
        "model": "design.service",
        "pk": 6,
        "fields": {
            "label": "\u968f\u8bbf",
            "name": "sui_fang",
            "pym": "sf",
            "erpsys_id": "44065154-1f5a-11ef-9e76-0e586f6f8a1e",
            "form": 2,
            "subject": null,
            "work_order": null,
            "route_to": null,
            "program": null,
            "service_type": "OPERATION"
        }
    },
    {
        "model": "design.service",
        "pk": 7,
        "fields": {
            "label": "\u7269\u6599\u5165\u5e93",
            "name": "wu_liao_ru_ku",
            "pym": "wlrk",
            "erpsys_id": "ae810b82-2eaa-11ef-a2d7-0e586f6f8a1e",
            "form": 7,
            "subject": null,
            "work_order": null,
            "route_to": null,
            "program": null,
            "service_type": "OPERATION"
        }
    },
    {
        "model": "design.service",
        "pk": 8,
        "fields": {
            "label": "\u7269\u6599\u51fa\u5e93",
            "name": "wu_liao_chu_ku",
            "pym": "wlck",
            "erpsys_id": "021a1554-2eab-11ef-a2d7-0e586f6f8a1e",
            "form": 8,
            "subject": null,
            "work_order": null,
            "route_to": null,
            "program": null,
            "service_type": "OPERATION"
        }
    },
    {
        "model": "design.form",
        "pk": 1,
        "fields": {
            "label": "\u9884\u7ea6\u8bb0\u5f55\u5355",
            "name": "yu_yue_ji_lu_dan",
            "pym": "yyjld",
            "erpsys_id": "1eda2060-1fbc-11ef-8ee7-0e586f6f8a1e",
            "form_type": "PRODUCE"
        }
    },
    {
        "model": "design.form",
        "pk": 2,
        "fields": {
            "label": "\u968f\u8bbf\u8bb0\u5f55\u5355",
            "name": "sui_fang_ji_lu_dan",
            "pym": "sfjld",
            "erpsys_id": "1329b018-1fbd-11ef-8ee7-0e586f6f8a1e",
            "form_type": "PRODUCE"
        }
    },
    {
        "model": "design.form",
        "pk": 6,
        "fields": {
            "label": "\u8089\u6bd2\u7d20\u6cbb\u7597\u8bb0\u5f55\u5355",
            "name": "rou_du_su_zhi_liao_ji_lu_dan",
            "pym": "rdszljld",
            "erpsys_id": "9bbd2808-1fe8-11ef-a2bd-0e586f6f8a1e",
            "form_type": "PRODUCE"
        }
    },
    {
        "model": "design.form",
        "pk": 7,
        "fields": {
            "label": "\u7269\u6599\u5165\u5e93\u5355",
            "name": "wu_liao_ru_ku_dan",
            "pym": "wlrkd",
            "erpsys_id": "99c16370-2e48-11ef-a2d7-0e586f6f8a1e",
            "form_type": "PRODUCE"
        }
    },
    {
        "model": "design.form",
        "pk": 8,
        "fields": {
            "label": "\u7269\u6599\u51fa\u5e93\u5355",
            "name": "wu_liao_chu_ku_dan",
            "pym": "wlckd",
            "erpsys_id": "d5a96060-2eaa-11ef-a2d7-0e586f6f8a1e",
            "form_type": "PRODUCE"
        }
    },
    {
        "model": "design.formcomponents",
        "pk": 1,
        "fields": {
            "form": 7,
            "data_item": 50,
            "default_value": null,
            "is_list": true,
            "expand_data_item": true,
            "is_aggregate": false,
            "order": 10
        }
    },
    {
        "model": "design.formcomponents",
        "pk": 4,
        "fields": {
            "form": 8,
            "data_item": 50,
            "default_value": null,
            "is_list": true,
            "expand_data_item": true,
            "is_aggregate": false,
            "order": 10
        }
    },
    {
        "model": "design.formcomponentsconfig",
        "pk": 1,
        "fields": {
            "form": 7,
            "data_item": 48,
            "default_value": "'\u5165\u5e93'",
            "readonly": true,
            "choice_type": null,
            "is_required": false
        }
    },
    {
        "model": "design.formcomponentsconfig",
        "pk": 2,
        "fields": {
            "form": 8,
            "data_item": 48,
            "default_value": "'\u51fa\u5e93'",
            "readonly": true,
            "choice_type": null,
            "is_required": false
        }
    },
    {
        "model": "design.project",
        "pk": 1,
        "fields": {
            "label": "Maor",
            "name": "maor",
            "pym": "Maor",
            "erpsys_id": "32259010-2321-11ef-813e-0e586f6f8a1e",
            "domain": "127.0.0.1",
            "description": null,
            "services": [
                6,
                8,
                7,
                5,
                1
            ]
        }
    },
    {
        "model": "design.sourcecode",
        "pk": 1,
        "fields": {
            "name": "20240621134109",
            "project": 1,
            "code": "{\r\n    \"script\": {\r\n        \"service\": {},\r\n        \"type\": {\r\n            \"models\": \"\\nfrom django.db import models\\n\\n\\nclass XiTongLeiXing(models.Model):\\n\\n    class Meta:\\n        verbose_name = \\\"\u7cfb\u7edf\u7c7b\u578b\\\"\\n        verbose_name_plural = verbose_name\\n        ordering = ['id']\\n\\n\\nclass GangWei(models.Model):\\n    gang_wei_ming_cheng = models.CharField(max_length=100, blank=True, null=True, verbose_name='\u5c97\u4f4d\u540d\u79f0')\\n\\n    class Meta:\\n        verbose_name = \\\"\u5c97\u4f4d\\\"\\n        verbose_name_plural = verbose_name\\n        ordering = ['id']\\n\\n\\nclass FuWuLeiBie(models.Model):\\n    zhi = models.CharField(max_length=100, blank=True, null=True, verbose_name='\u503c')\\n\\n    class Meta:\\n        verbose_name = \\\"\u670d\u52a1\u7c7b\u522b\\\"\\n        verbose_name_plural = verbose_name\\n        ordering = ['id']\\n\\n\\nclass RuChuKuCaoZuo(models.Model):\\n\\n    class Meta:\\n        verbose_name = \\\"\u5165\u51fa\u5e93\u64cd\u4f5c\\\"\\n        verbose_name_plural = verbose_name\\n        ordering = ['id']\\n\\n\\nclass RenYuan(models.Model):\\n    xing_ming = models.CharField(max_length=100, blank=True, null=True, verbose_name='\u59d3\u540d')\\n\\n    class Meta:\\n        verbose_name = \\\"\u4eba\u5458\\\"\\n        verbose_name_plural = verbose_name\\n        ordering = ['id']\\n\\n\\nclass WuLiao(models.Model):\\n    ming_cheng = models.CharField(max_length=100, blank=True, null=True, verbose_name='\u540d\u79f0')\\n\\n    class Meta:\\n        verbose_name = \\\"\u7269\u6599\\\"\\n        verbose_name_plural = verbose_name\\n        ordering = ['id']\\n\\n\\nclass SheBei(models.Model):\\n    ming_cheng = models.CharField(max_length=100, blank=True, null=True, verbose_name='\u540d\u79f0')\\n\\n    class Meta:\\n        verbose_name = \\\"\u8bbe\u5907\\\"\\n        verbose_name_plural = verbose_name\\n        ordering = ['id']\\n\\n\\nclass GongJu(models.Model):\\n    ming_cheng = models.CharField(max_length=100, blank=True, null=True, verbose_name='\u540d\u79f0')\\n\\n    class Meta:\\n        verbose_name = \\\"\u5de5\u5177\\\"\\n        verbose_name_plural = verbose_name\\n        ordering = ['id']\\n\\n\\nclass ZiJin(models.Model):\\n    ming_cheng = models.CharField(max_length=100, blank=True, null=True, verbose_name='\u540d\u79f0')\\n\\n    class Meta:\\n        verbose_name = \\\"\u8d44\u91d1\\\"\\n        verbose_name_plural = verbose_name\\n        ordering = ['id']\\n\\n\\nclass KongJian(models.Model):\\n    ming_cheng = models.CharField(max_length=100, blank=True, null=True, verbose_name='\u540d\u79f0')\\n\\n    class Meta:\\n        verbose_name = \\\"\u7a7a\u95f4\\\"\\n        verbose_name_plural = verbose_name\\n        ordering = ['id']\\n\\n\\nclass XinXi(models.Model):\\n    ming_cheng = models.CharField(max_length=100, blank=True, null=True, verbose_name='\u540d\u79f0')\\n\\n    class Meta:\\n        verbose_name = \\\"\u4fe1\u606f\\\"\\n        verbose_name_plural = verbose_name\\n        ordering = ['id']\\n\\n\\nclass FuWuXiangMu(models.Model):\\n\\n    class Meta:\\n        verbose_name = \\\"\u670d\u52a1\u9879\u76ee\\\"\\n        verbose_name_plural = verbose_name\\n        ordering = ['id']\\n\\n\\nclass CaoZuoYuan(models.Model):\\n    xi_tong_yong_hu = models.OneToOneField(User, blank=True, null=True, on_delete=models.SET_NULL, verbose_name='\u7cfb\u7edf\u7528\u6237')\\n\\n    class Meta:\\n        verbose_name = \\\"\u64cd\u4f5c\u5458\\\"\\n        verbose_name_plural = verbose_name\\n        ordering = ['id']\\n\\n\\nclass GongDan(models.Model):\\n\\n    class Meta:\\n        verbose_name = \\\"\u5de5\u5355\\\"\\n        verbose_name_plural = verbose_name\\n        ordering = ['id']\\n\\n\\nclass ZhenShi(models.Model):\\n\\n    class Meta:\\n        verbose_name = \\\"\u8bca\u5ba4\\\"\\n        verbose_name_plural = verbose_name\\n        ordering = ['id']\\n\\n\\nclass WuLiaoTaiZhang(models.Model):\\n    wu_liao = models.ForeignKey(WuLiao, blank=True, null=True, on_delete=models.SET_NULL, verbose_name='\u7269\u6599')\\n    ru_chu_ku_cao_zuo = models.ForeignKey(RuChuKuCaoZuo, blank=True, null=True, on_delete=models.SET_NULL, verbose_name='\u5165\u51fa\u5e93\u64cd\u4f5c')\\n    shu_liang = models.IntegerField(blank=True, null=True, verbose_name='\u6570\u91cf')\\n\\n    class Meta:\\n        verbose_name = \\\"\u7269\u6599\u53f0\u8d26\\\"\\n        verbose_name_plural = verbose_name\\n        ordering = ['id']\\n\\n\\nclass KeHu(models.Model):\\n    bing_li_hao = models.CharField(max_length=100, blank=True, null=True, verbose_name='\u75c5\u5386\u53f7')\\n\\n    class Meta:\\n        verbose_name = \\\"\u5ba2\u6237\\\"\\n        verbose_name_plural = verbose_name\\n        ordering = ['id']\\n\\n\\nclass ZhiYuan(models.Model):\\n\\n    class Meta:\\n        verbose_name = \\\"\u804c\u5458\\\"\\n        verbose_name_plural = verbose_name\\n        ordering = ['id']\\n\\n\\nclass YiSheng(models.Model):\\n\\n    class Meta:\\n        verbose_name = \\\"\u533b\u751f\\\"\\n        verbose_name_plural = verbose_name\\n        ordering = ['id']\\n\\n\\nclass HuShi(models.Model):\\n\\n    class Meta:\\n        verbose_name = \\\"\u62a4\u58eb\\\"\\n        verbose_name_plural = verbose_name\\n        ordering = ['id']\\n\\n\\nclass KeFu(models.Model):\\n\\n    class Meta:\\n        verbose_name = \\\"\u5ba2\u670d\\\"\\n        verbose_name_plural = verbose_name\\n        ordering = ['id']\\n\\n\",\r\n            \"admin\": \"\\nfrom django.contrib import admin\\nfrom .models import *\\n\\n\\n@admin.register(XiTongLeiXing)\\nclass XiTongLeiXingAdmin(admin.ModelAdmin):\\n    list_display = [field.name for field in XiTongLeiXing._meta.fields]\\n    list_display_links = ['id']\\n\\n\\n@admin.register(GangWei)\\nclass GangWeiAdmin(admin.ModelAdmin):\\n    list_display = [field.name for field in GangWei._meta.fields]\\n    list_display_links = ['id']\\n\\n\\n@admin.register(FuWuLeiBie)\\nclass FuWuLeiBieAdmin(admin.ModelAdmin):\\n    list_display = [field.name for field in FuWuLeiBie._meta.fields]\\n    list_display_links = ['id']\\n\\n\\n@admin.register(RuChuKuCaoZuo)\\nclass RuChuKuCaoZuoAdmin(admin.ModelAdmin):\\n    list_display = [field.name for field in RuChuKuCaoZuo._meta.fields]\\n    list_display_links = ['id']\\n\\n\\n@admin.register(RenYuan)\\nclass RenYuanAdmin(admin.ModelAdmin):\\n    list_display = [field.name for field in RenYuan._meta.fields]\\n    list_display_links = ['id']\\n\\n\\n@admin.register(WuLiao)\\nclass WuLiaoAdmin(admin.ModelAdmin):\\n    list_display = [field.name for field in WuLiao._meta.fields]\\n    list_display_links = ['id']\\n\\n\\n@admin.register(SheBei)\\nclass SheBeiAdmin(admin.ModelAdmin):\\n    list_display = [field.name for field in SheBei._meta.fields]\\n    list_display_links = ['id']\\n\\n\\n@admin.register(GongJu)\\nclass GongJuAdmin(admin.ModelAdmin):\\n    list_display = [field.name for field in GongJu._meta.fields]\\n    list_display_links = ['id']\\n\\n\\n@admin.register(ZiJin)\\nclass ZiJinAdmin(admin.ModelAdmin):\\n    list_display = [field.name for field in ZiJin._meta.fields]\\n    list_display_links = ['id']\\n\\n\\n@admin.register(KongJian)\\nclass KongJianAdmin(admin.ModelAdmin):\\n    list_display = [field.name for field in KongJian._meta.fields]\\n    list_display_links = ['id']\\n\\n\\n@admin.register(XinXi)\\nclass XinXiAdmin(admin.ModelAdmin):\\n    list_display = [field.name for field in XinXi._meta.fields]\\n    list_display_links = ['id']\\n\\n\\n@admin.register(FuWuXiangMu)\\nclass FuWuXiangMuAdmin(admin.ModelAdmin):\\n    list_display = [field.name for field in FuWuXiangMu._meta.fields]\\n    list_display_links = ['id']\\n\\n\\n@admin.register(CaoZuoYuan)\\nclass CaoZuoYuanAdmin(admin.ModelAdmin):\\n    list_display = [field.name for field in CaoZuoYuan._meta.fields]\\n    list_display_links = ['id']\\n\\n\\n@admin.register(GongDan)\\nclass GongDanAdmin(admin.ModelAdmin):\\n    list_display = [field.name for field in GongDan._meta.fields]\\n    list_display_links = ['id']\\n\\n\\n@admin.register(ZhenShi)\\nclass ZhenShiAdmin(admin.ModelAdmin):\\n    list_display = [field.name for field in ZhenShi._meta.fields]\\n    list_display_links = ['id']\\n\\n\\n@admin.register(WuLiaoTaiZhang)\\nclass WuLiaoTaiZhangAdmin(admin.ModelAdmin):\\n    list_display = [field.name for field in WuLiaoTaiZhang._meta.fields]\\n    list_display_links = ['id']\\n\\n\\n@admin.register(KeHu)\\nclass KeHuAdmin(admin.ModelAdmin):\\n    list_display = [field.name for field in KeHu._meta.fields]\\n    list_display_links = ['id']\\n\\n\\n@admin.register(ZhiYuan)\\nclass ZhiYuanAdmin(admin.ModelAdmin):\\n    list_display = [field.name for field in ZhiYuan._meta.fields]\\n    list_display_links = ['id']\\n\\n\\n@admin.register(YiSheng)\\nclass YiShengAdmin(admin.ModelAdmin):\\n    list_display = [field.name for field in YiSheng._meta.fields]\\n    list_display_links = ['id']\\n\\n\\n@admin.register(HuShi)\\nclass HuShiAdmin(admin.ModelAdmin):\\n    list_display = [field.name for field in HuShi._meta.fields]\\n    list_display_links = ['id']\\n\\n\\n@admin.register(KeFu)\\nclass KeFuAdmin(admin.ModelAdmin):\\n    list_display = [field.name for field in KeFu._meta.fields]\\n    list_display_links = ['id']\\n\"\r\n        }\r\n    },\r\n    \"data\": {\r\n        \"core\": {}\r\n    }\r\n}",
            "description": "",
            "create_time": "2024-06-21T13:41:09.174Z"
        }
    },
    {
        "model": "design.sourcecode",
        "pk": 2,
        "fields": {
            "name": "20240621135149",
            "project": 1,
            "code": "{\r\n    \"script\": {\r\n        \"service\": {},\r\n        \"type\": {\r\n            \"models\": \"from django.db import models\\n\\nclass XiTongLeiXing(models.Model):\\n\\n    class Meta:\\n        verbose_name = \\\"\u7cfb\u7edf\u7c7b\u578b\\\"\\n        verbose_name_plural = verbose_name\\n        ordering = ['id']\\n\\nclass GangWei(models.Model):\\n    gang_wei_ming_cheng = models.CharField(max_length=100, blank=True, null=True, verbose_name='\u5c97\u4f4d\u540d\u79f0')\\n\\n    class Meta:\\n        verbose_name = \\\"\u5c97\u4f4d\\\"\\n        verbose_name_plural = verbose_name\\n        ordering = ['id']\\n\\nclass FuWuLeiBie(models.Model):\\n    zhi = models.CharField(max_length=100, blank=True, null=True, verbose_name='\u503c')\\n\\n    class Meta:\\n        verbose_name = \\\"\u670d\u52a1\u7c7b\u522b\\\"\\n        verbose_name_plural = verbose_name\\n        ordering = ['id']\\n\\nclass RuChuKuCaoZuo(models.Model):\\n\\n    class Meta:\\n        verbose_name = \\\"\u5165\u51fa\u5e93\u64cd\u4f5c\\\"\\n        verbose_name_plural = verbose_name\\n        ordering = ['id']\\n\\nclass RenYuan(models.Model):\\n    xing_ming = models.CharField(max_length=100, blank=True, null=True, verbose_name='\u59d3\u540d')\\n\\n    class Meta:\\n        verbose_name = \\\"\u4eba\u5458\\\"\\n        verbose_name_plural = verbose_name\\n        ordering = ['id']\\n\\nclass WuLiao(models.Model):\\n    ming_cheng = models.CharField(max_length=100, blank=True, null=True, verbose_name='\u540d\u79f0')\\n\\n    class Meta:\\n        verbose_name = \\\"\u7269\u6599\\\"\\n        verbose_name_plural = verbose_name\\n        ordering = ['id']\\n\\nclass SheBei(models.Model):\\n    ming_cheng = models.CharField(max_length=100, blank=True, null=True, verbose_name='\u540d\u79f0')\\n\\n    class Meta:\\n        verbose_name = \\\"\u8bbe\u5907\\\"\\n        verbose_name_plural = verbose_name\\n        ordering = ['id']\\n\\nclass GongJu(models.Model):\\n    ming_cheng = models.CharField(max_length=100, blank=True, null=True, verbose_name='\u540d\u79f0')\\n\\n    class Meta:\\n        verbose_name = \\\"\u5de5\u5177\\\"\\n        verbose_name_plural = verbose_name\\n        ordering = ['id']\\n\\nclass ZiJin(models.Model):\\n    ming_cheng = models.CharField(max_length=100, blank=True, null=True, verbose_name='\u540d\u79f0')\\n\\n    class Meta:\\n        verbose_name = \\\"\u8d44\u91d1\\\"\\n        verbose_name_plural = verbose_name\\n        ordering = ['id']\\n\\nclass KongJian(models.Model):\\n    ming_cheng = models.CharField(max_length=100, blank=True, null=True, verbose_name='\u540d\u79f0')\\n\\n    class Meta:\\n        verbose_name = \\\"\u7a7a\u95f4\\\"\\n        verbose_name_plural = verbose_name\\n        ordering = ['id']\\n\\nclass XinXi(models.Model):\\n    ming_cheng = models.CharField(max_length=100, blank=True, null=True, verbose_name='\u540d\u79f0')\\n\\n    class Meta:\\n        verbose_name = \\\"\u4fe1\u606f\\\"\\n        verbose_name_plural = verbose_name\\n        ordering = ['id']\\n\\nclass FuWuXiangMu(models.Model):\\n\\n    class Meta:\\n        verbose_name = \\\"\u670d\u52a1\u9879\u76ee\\\"\\n        verbose_name_plural = verbose_name\\n        ordering = ['id']\\n\\nclass CaoZuoYuan(models.Model):\\n    xi_tong_yong_hu = models.OneToOneField(User, blank=True, null=True, on_delete=models.SET_NULL, verbose_name='\u7cfb\u7edf\u7528\u6237')\\n\\n    class Meta:\\n        verbose_name = \\\"\u64cd\u4f5c\u5458\\\"\\n        verbose_name_plural = verbose_name\\n        ordering = ['id']\\n\\nclass GongDan(models.Model):\\n\\n    class Meta:\\n        verbose_name = \\\"\u5de5\u5355\\\"\\n        verbose_name_plural = verbose_name\\n        ordering = ['id']\\n\\nclass ZhenShi(models.Model):\\n\\n    class Meta:\\n        verbose_name = \\\"\u8bca\u5ba4\\\"\\n        verbose_name_plural = verbose_name\\n        ordering = ['id']\\n\\nclass WuLiaoTaiZhang(models.Model):\\n    wu_liao = models.ForeignKey(WuLiao, blank=True, null=True, on_delete=models.SET_NULL, verbose_name='\u7269\u6599')\\n    ru_chu_ku_cao_zuo = models.ForeignKey(RuChuKuCaoZuo, blank=True, null=True, on_delete=models.SET_NULL, verbose_name='\u5165\u51fa\u5e93\u64cd\u4f5c')\\n    shu_liang = models.IntegerField(blank=True, null=True, verbose_name='\u6570\u91cf')\\n\\n    class Meta:\\n        verbose_name = \\\"\u7269\u6599\u53f0\u8d26\\\"\\n        verbose_name_plural = verbose_name\\n        ordering = ['id']\\n\\nclass KeHu(models.Model):\\n    bing_li_hao = models.CharField(max_length=100, blank=True, null=True, verbose_name='\u75c5\u5386\u53f7')\\n\\n    class Meta:\\n        verbose_name = \\\"\u5ba2\u6237\\\"\\n        verbose_name_plural = verbose_name\\n        ordering = ['id']\\n\\nclass ZhiYuan(models.Model):\\n\\n    class Meta:\\n        verbose_name = \\\"\u804c\u5458\\\"\\n        verbose_name_plural = verbose_name\\n        ordering = ['id']\\n\\nclass YiSheng(models.Model):\\n\\n    class Meta:\\n        verbose_name = \\\"\u533b\u751f\\\"\\n        verbose_name_plural = verbose_name\\n        ordering = ['id']\\n\\nclass HuShi(models.Model):\\n\\n    class Meta:\\n        verbose_name = \\\"\u62a4\u58eb\\\"\\n        verbose_name_plural = verbose_name\\n        ordering = ['id']\\n\\nclass KeFu(models.Model):\\n\\n    class Meta:\\n        verbose_name = \\\"\u5ba2\u670d\\\"\\n        verbose_name_plural = verbose_name\\n        ordering = ['id']\\n\\n\",\r\n            \"admin\": \"from django.contrib import admin\\nfrom .models import *\\n\\n\\n@admin.register(XiTongLeiXing)\\nclass XiTongLeiXingAdmin(admin.ModelAdmin):\\n    list_display = [field.name for field in XiTongLeiXing._meta.fields]\\n    list_display_links = ['id']\\n\\n@admin.register(GangWei)\\nclass GangWeiAdmin(admin.ModelAdmin):\\n    list_display = [field.name for field in GangWei._meta.fields]\\n    list_display_links = ['id']\\n\\n@admin.register(FuWuLeiBie)\\nclass FuWuLeiBieAdmin(admin.ModelAdmin):\\n    list_display = [field.name for field in FuWuLeiBie._meta.fields]\\n    list_display_links = ['id']\\n\\n@admin.register(RuChuKuCaoZuo)\\nclass RuChuKuCaoZuoAdmin(admin.ModelAdmin):\\n    list_display = [field.name for field in RuChuKuCaoZuo._meta.fields]\\n    list_display_links = ['id']\\n\\n@admin.register(RenYuan)\\nclass RenYuanAdmin(admin.ModelAdmin):\\n    list_display = [field.name for field in RenYuan._meta.fields]\\n    list_display_links = ['id']\\n\\n@admin.register(WuLiao)\\nclass WuLiaoAdmin(admin.ModelAdmin):\\n    list_display = [field.name for field in WuLiao._meta.fields]\\n    list_display_links = ['id']\\n\\n@admin.register(SheBei)\\nclass SheBeiAdmin(admin.ModelAdmin):\\n    list_display = [field.name for field in SheBei._meta.fields]\\n    list_display_links = ['id']\\n\\n@admin.register(GongJu)\\nclass GongJuAdmin(admin.ModelAdmin):\\n    list_display = [field.name for field in GongJu._meta.fields]\\n    list_display_links = ['id']\\n\\n@admin.register(ZiJin)\\nclass ZiJinAdmin(admin.ModelAdmin):\\n    list_display = [field.name for field in ZiJin._meta.fields]\\n    list_display_links = ['id']\\n\\n@admin.register(KongJian)\\nclass KongJianAdmin(admin.ModelAdmin):\\n    list_display = [field.name for field in KongJian._meta.fields]\\n    list_display_links = ['id']\\n\\n@admin.register(XinXi)\\nclass XinXiAdmin(admin.ModelAdmin):\\n    list_display = [field.name for field in XinXi._meta.fields]\\n    list_display_links = ['id']\\n\\n@admin.register(FuWuXiangMu)\\nclass FuWuXiangMuAdmin(admin.ModelAdmin):\\n    list_display = [field.name for field in FuWuXiangMu._meta.fields]\\n    list_display_links = ['id']\\n\\n@admin.register(CaoZuoYuan)\\nclass CaoZuoYuanAdmin(admin.ModelAdmin):\\n    list_display = [field.name for field in CaoZuoYuan._meta.fields]\\n    list_display_links = ['id']\\n\\n@admin.register(GongDan)\\nclass GongDanAdmin(admin.ModelAdmin):\\n    list_display = [field.name for field in GongDan._meta.fields]\\n    list_display_links = ['id']\\n\\n@admin.register(ZhenShi)\\nclass ZhenShiAdmin(admin.ModelAdmin):\\n    list_display = [field.name for field in ZhenShi._meta.fields]\\n    list_display_links = ['id']\\n\\n@admin.register(WuLiaoTaiZhang)\\nclass WuLiaoTaiZhangAdmin(admin.ModelAdmin):\\n    list_display = [field.name for field in WuLiaoTaiZhang._meta.fields]\\n    list_display_links = ['id']\\n\\n@admin.register(KeHu)\\nclass KeHuAdmin(admin.ModelAdmin):\\n    list_display = [field.name for field in KeHu._meta.fields]\\n    list_display_links = ['id']\\n\\n@admin.register(ZhiYuan)\\nclass ZhiYuanAdmin(admin.ModelAdmin):\\n    list_display = [field.name for field in ZhiYuan._meta.fields]\\n    list_display_links = ['id']\\n\\n@admin.register(YiSheng)\\nclass YiShengAdmin(admin.ModelAdmin):\\n    list_display = [field.name for field in YiSheng._meta.fields]\\n    list_display_links = ['id']\\n\\n@admin.register(HuShi)\\nclass HuShiAdmin(admin.ModelAdmin):\\n    list_display = [field.name for field in HuShi._meta.fields]\\n    list_display_links = ['id']\\n\\n@admin.register(KeFu)\\nclass KeFuAdmin(admin.ModelAdmin):\\n    list_display = [field.name for field in KeFu._meta.fields]\\n    list_display_links = ['id']\\n\"\r\n        }\r\n    },\r\n    \"data\": {\r\n        \"core\": {}\r\n    }\r\n}",
            "description": "",
            "create_time": "2024-06-21T13:51:49.876Z"
        }
    },
    {
        "model": "design.sourcecode",
        "pk": 3,
        "fields": {
            "name": "20240621135441",
            "project": 1,
            "code": "{\r\n    \"script\": {\r\n        \"service\": {},\r\n        \"type\": {\r\n            \"models\": \"from django.db import models\\n\\nclass XiTongLeiXing(models.Model):\\n\\n    class Meta:\\n        verbose_name = \\\"\u7cfb\u7edf\u7c7b\u578b\\\"\\n        verbose_name_plural = verbose_name\\n        ordering = ['id']\\n\\nclass GangWei(models.Model):\\n    gang_wei_ming_cheng = models.CharField(max_length=100, blank=True, null=True, verbose_name='\u5c97\u4f4d\u540d\u79f0')\\n\\n    class Meta:\\n        verbose_name = \\\"\u5c97\u4f4d\\\"\\n        verbose_name_plural = verbose_name\\n        ordering = ['id']\\n\\nclass FuWuLeiBie(models.Model):\\n    zhi = models.CharField(max_length=100, blank=True, null=True, verbose_name='\u503c')\\n\\n    class Meta:\\n        verbose_name = \\\"\u670d\u52a1\u7c7b\u522b\\\"\\n        verbose_name_plural = verbose_name\\n        ordering = ['id']\\n\\nclass RuChuKuCaoZuo(models.Model):\\n\\n    class Meta:\\n        verbose_name = \\\"\u5165\u51fa\u5e93\u64cd\u4f5c\\\"\\n        verbose_name_plural = verbose_name\\n        ordering = ['id']\\n\\nclass RenYuan(models.Model):\\n    xing_ming = models.CharField(max_length=100, blank=True, null=True, verbose_name='\u59d3\u540d')\\n\\n    class Meta:\\n        verbose_name = \\\"\u4eba\u5458\\\"\\n        verbose_name_plural = verbose_name\\n        ordering = ['id']\\n\\nclass WuLiao(models.Model):\\n    ming_cheng = models.CharField(max_length=100, blank=True, null=True, verbose_name='\u540d\u79f0')\\n\\n    class Meta:\\n        verbose_name = \\\"\u7269\u6599\\\"\\n        verbose_name_plural = verbose_name\\n        ordering = ['id']\\n\\nclass SheBei(models.Model):\\n    ming_cheng = models.CharField(max_length=100, blank=True, null=True, verbose_name='\u540d\u79f0')\\n\\n    class Meta:\\n        verbose_name = \\\"\u8bbe\u5907\\\"\\n        verbose_name_plural = verbose_name\\n        ordering = ['id']\\n\\nclass GongJu(models.Model):\\n    ming_cheng = models.CharField(max_length=100, blank=True, null=True, verbose_name='\u540d\u79f0')\\n\\n    class Meta:\\n        verbose_name = \\\"\u5de5\u5177\\\"\\n        verbose_name_plural = verbose_name\\n        ordering = ['id']\\n\\nclass ZiJin(models.Model):\\n    ming_cheng = models.CharField(max_length=100, blank=True, null=True, verbose_name='\u540d\u79f0')\\n\\n    class Meta:\\n        verbose_name = \\\"\u8d44\u91d1\\\"\\n        verbose_name_plural = verbose_name\\n        ordering = ['id']\\n\\nclass KongJian(models.Model):\\n    ming_cheng = models.CharField(max_length=100, blank=True, null=True, verbose_name='\u540d\u79f0')\\n\\n    class Meta:\\n        verbose_name = \\\"\u7a7a\u95f4\\\"\\n        verbose_name_plural = verbose_name\\n        ordering = ['id']\\n\\nclass XinXi(models.Model):\\n    ming_cheng = models.CharField(max_length=100, blank=True, null=True, verbose_name='\u540d\u79f0')\\n\\n    class Meta:\\n        verbose_name = \\\"\u4fe1\u606f\\\"\\n        verbose_name_plural = verbose_name\\n        ordering = ['id']\\n\\nclass FuWuXiangMu(models.Model):\\n\\n    class Meta:\\n        verbose_name = \\\"\u670d\u52a1\u9879\u76ee\\\"\\n        verbose_name_plural = verbose_name\\n        ordering = ['id']\\n\\nclass CaoZuoYuan(models.Model):\\n    xi_tong_yong_hu = models.OneToOneField(User, blank=True, null=True, on_delete=models.SET_NULL, verbose_name='\u7cfb\u7edf\u7528\u6237')\\n\\n    class Meta:\\n        verbose_name = \\\"\u64cd\u4f5c\u5458\\\"\\n        verbose_name_plural = verbose_name\\n        ordering = ['id']\\n\\nclass GongDan(models.Model):\\n\\n    class Meta:\\n        verbose_name = \\\"\u5de5\u5355\\\"\\n        verbose_name_plural = verbose_name\\n        ordering = ['id']\\n\\nclass ZhenShi(models.Model):\\n\\n    class Meta:\\n        verbose_name = \\\"\u8bca\u5ba4\\\"\\n        verbose_name_plural = verbose_name\\n        ordering = ['id']\\n\\nclass WuLiaoTaiZhang(models.Model):\\n    wu_liao = models.ForeignKey(WuLiao, blank=True, null=True, on_delete=models.SET_NULL, verbose_name='\u7269\u6599')\\n    ru_chu_ku_cao_zuo = models.ForeignKey(RuChuKuCaoZuo, blank=True, null=True, on_delete=models.SET_NULL, verbose_name='\u5165\u51fa\u5e93\u64cd\u4f5c')\\n    shu_liang = models.IntegerField(blank=True, null=True, verbose_name='\u6570\u91cf')\\n\\n    class Meta:\\n        verbose_name = \\\"\u7269\u6599\u53f0\u8d26\\\"\\n        verbose_name_plural = verbose_name\\n        ordering = ['id']\\n\\nclass KeHu(models.Model):\\n    bing_li_hao = models.CharField(max_length=100, blank=True, null=True, verbose_name='\u75c5\u5386\u53f7')\\n\\n    class Meta:\\n        verbose_name = \\\"\u5ba2\u6237\\\"\\n        verbose_name_plural = verbose_name\\n        ordering = ['id']\\n\\nclass ZhiYuan(models.Model):\\n\\n    class Meta:\\n        verbose_name = \\\"\u804c\u5458\\\"\\n        verbose_name_plural = verbose_name\\n        ordering = ['id']\\n\\nclass YiSheng(models.Model):\\n\\n    class Meta:\\n        verbose_name = \\\"\u533b\u751f\\\"\\n        verbose_name_plural = verbose_name\\n        ordering = ['id']\\n\\nclass HuShi(models.Model):\\n\\n    class Meta:\\n        verbose_name = \\\"\u62a4\u58eb\\\"\\n        verbose_name_plural = verbose_name\\n        ordering = ['id']\\n\\nclass KeFu(models.Model):\\n\\n    class Meta:\\n        verbose_name = \\\"\u5ba2\u670d\\\"\\n        verbose_name_plural = verbose_name\\n        ordering = ['id']\\n\\n\",\r\n            \"admin\": \"from django.contrib import admin\\nfrom .models import *\\n\\n\\n@admin.register(XiTongLeiXing)\\nclass XiTongLeiXingAdmin(admin.ModelAdmin):\\n    list_display = [field.name for field in XiTongLeiXing._meta.fields]\\n    list_display_links = ['id']\\n\\n@admin.register(GangWei)\\nclass GangWeiAdmin(admin.ModelAdmin):\\n    list_display = [field.name for field in GangWei._meta.fields]\\n    list_display_links = ['id']\\n\\n@admin.register(FuWuLeiBie)\\nclass FuWuLeiBieAdmin(admin.ModelAdmin):\\n    list_display = [field.name for field in FuWuLeiBie._meta.fields]\\n    list_display_links = ['id']\\n\\n@admin.register(RuChuKuCaoZuo)\\nclass RuChuKuCaoZuoAdmin(admin.ModelAdmin):\\n    list_display = [field.name for field in RuChuKuCaoZuo._meta.fields]\\n    list_display_links = ['id']\\n\\n@admin.register(RenYuan)\\nclass RenYuanAdmin(admin.ModelAdmin):\\n    list_display = [field.name for field in RenYuan._meta.fields]\\n    list_display_links = ['id']\\n\\n@admin.register(WuLiao)\\nclass WuLiaoAdmin(admin.ModelAdmin):\\n    list_display = [field.name for field in WuLiao._meta.fields]\\n    list_display_links = ['id']\\n\\n@admin.register(SheBei)\\nclass SheBeiAdmin(admin.ModelAdmin):\\n    list_display = [field.name for field in SheBei._meta.fields]\\n    list_display_links = ['id']\\n\\n@admin.register(GongJu)\\nclass GongJuAdmin(admin.ModelAdmin):\\n    list_display = [field.name for field in GongJu._meta.fields]\\n    list_display_links = ['id']\\n\\n@admin.register(ZiJin)\\nclass ZiJinAdmin(admin.ModelAdmin):\\n    list_display = [field.name for field in ZiJin._meta.fields]\\n    list_display_links = ['id']\\n\\n@admin.register(KongJian)\\nclass KongJianAdmin(admin.ModelAdmin):\\n    list_display = [field.name for field in KongJian._meta.fields]\\n    list_display_links = ['id']\\n\\n@admin.register(XinXi)\\nclass XinXiAdmin(admin.ModelAdmin):\\n    list_display = [field.name for field in XinXi._meta.fields]\\n    list_display_links = ['id']\\n\\n@admin.register(FuWuXiangMu)\\nclass FuWuXiangMuAdmin(admin.ModelAdmin):\\n    list_display = [field.name for field in FuWuXiangMu._meta.fields]\\n    list_display_links = ['id']\\n\\n@admin.register(CaoZuoYuan)\\nclass CaoZuoYuanAdmin(admin.ModelAdmin):\\n    list_display = [field.name for field in CaoZuoYuan._meta.fields]\\n    list_display_links = ['id']\\n\\n@admin.register(GongDan)\\nclass GongDanAdmin(admin.ModelAdmin):\\n    list_display = [field.name for field in GongDan._meta.fields]\\n    list_display_links = ['id']\\n\\n@admin.register(ZhenShi)\\nclass ZhenShiAdmin(admin.ModelAdmin):\\n    list_display = [field.name for field in ZhenShi._meta.fields]\\n    list_display_links = ['id']\\n\\n@admin.register(WuLiaoTaiZhang)\\nclass WuLiaoTaiZhangAdmin(admin.ModelAdmin):\\n    list_display = [field.name for field in WuLiaoTaiZhang._meta.fields]\\n    list_display_links = ['id']\\n\\n@admin.register(KeHu)\\nclass KeHuAdmin(admin.ModelAdmin):\\n    list_display = [field.name for field in KeHu._meta.fields]\\n    list_display_links = ['id']\\n\\n@admin.register(ZhiYuan)\\nclass ZhiYuanAdmin(admin.ModelAdmin):\\n    list_display = [field.name for field in ZhiYuan._meta.fields]\\n    list_display_links = ['id']\\n\\n@admin.register(YiSheng)\\nclass YiShengAdmin(admin.ModelAdmin):\\n    list_display = [field.name for field in YiSheng._meta.fields]\\n    list_display_links = ['id']\\n\\n@admin.register(HuShi)\\nclass HuShiAdmin(admin.ModelAdmin):\\n    list_display = [field.name for field in HuShi._meta.fields]\\n    list_display_links = ['id']\\n\\n@admin.register(KeFu)\\nclass KeFuAdmin(admin.ModelAdmin):\\n    list_display = [field.name for field in KeFu._meta.fields]\\n    list_display_links = ['id']\\n\"\r\n        }\r\n    },\r\n    \"data\": {\r\n        \"core\": {}\r\n    }\r\n}",
            "description": "",
            "create_time": "2024-06-21T13:54:41.569Z"
        }
    },
    {
        "model": "design.sourcecode",
        "pk": 4,
        "fields": {
            "name": "20240621140146",
            "project": 1,
            "code": "{\r\n    \"script\": {\r\n        \"service\": {},\r\n        \"type\": {\r\n            \"models\": \"from django.db import models\\nfrom django.contrib.auth.models import User\\n\\nclass XiTongLeiXing(models.Model):\\n\\n    class Meta:\\n        verbose_name = \\\"\u7cfb\u7edf\u7c7b\u578b\\\"\\n        verbose_name_plural = verbose_name\\n        ordering = ['id']\\n\\nclass GangWei(models.Model):\\n    gang_wei_ming_cheng = models.CharField(max_length=100, blank=True, null=True, verbose_name='\u5c97\u4f4d\u540d\u79f0')\\n\\n    class Meta:\\n        verbose_name = \\\"\u5c97\u4f4d\\\"\\n        verbose_name_plural = verbose_name\\n        ordering = ['id']\\n\\nclass FuWuLeiBie(models.Model):\\n    zhi = models.CharField(max_length=100, blank=True, null=True, verbose_name='\u503c')\\n\\n    class Meta:\\n        verbose_name = \\\"\u670d\u52a1\u7c7b\u522b\\\"\\n        verbose_name_plural = verbose_name\\n        ordering = ['id']\\n\\nclass RuChuKuCaoZuo(models.Model):\\n\\n    class Meta:\\n        verbose_name = \\\"\u5165\u51fa\u5e93\u64cd\u4f5c\\\"\\n        verbose_name_plural = verbose_name\\n        ordering = ['id']\\n\\nclass RenYuan(models.Model):\\n    xing_ming = models.CharField(max_length=100, blank=True, null=True, verbose_name='\u59d3\u540d')\\n\\n    class Meta:\\n        verbose_name = \\\"\u4eba\u5458\\\"\\n        verbose_name_plural = verbose_name\\n        ordering = ['id']\\n\\nclass WuLiao(models.Model):\\n    ming_cheng = models.CharField(max_length=100, blank=True, null=True, verbose_name='\u540d\u79f0')\\n\\n    class Meta:\\n        verbose_name = \\\"\u7269\u6599\\\"\\n        verbose_name_plural = verbose_name\\n        ordering = ['id']\\n\\nclass SheBei(models.Model):\\n    ming_cheng = models.CharField(max_length=100, blank=True, null=True, verbose_name='\u540d\u79f0')\\n\\n    class Meta:\\n        verbose_name = \\\"\u8bbe\u5907\\\"\\n        verbose_name_plural = verbose_name\\n        ordering = ['id']\\n\\nclass GongJu(models.Model):\\n    ming_cheng = models.CharField(max_length=100, blank=True, null=True, verbose_name='\u540d\u79f0')\\n\\n    class Meta:\\n        verbose_name = \\\"\u5de5\u5177\\\"\\n        verbose_name_plural = verbose_name\\n        ordering = ['id']\\n\\nclass ZiJin(models.Model):\\n    ming_cheng = models.CharField(max_length=100, blank=True, null=True, verbose_name='\u540d\u79f0')\\n\\n    class Meta:\\n        verbose_name = \\\"\u8d44\u91d1\\\"\\n        verbose_name_plural = verbose_name\\n        ordering = ['id']\\n\\nclass KongJian(models.Model):\\n    ming_cheng = models.CharField(max_length=100, blank=True, null=True, verbose_name='\u540d\u79f0')\\n\\n    class Meta:\\n        verbose_name = \\\"\u7a7a\u95f4\\\"\\n        verbose_name_plural = verbose_name\\n        ordering = ['id']\\n\\nclass XinXi(models.Model):\\n    ming_cheng = models.CharField(max_length=100, blank=True, null=True, verbose_name='\u540d\u79f0')\\n\\n    class Meta:\\n        verbose_name = \\\"\u4fe1\u606f\\\"\\n        verbose_name_plural = verbose_name\\n        ordering = ['id']\\n\\nclass FuWuXiangMu(models.Model):\\n\\n    class Meta:\\n        verbose_name = \\\"\u670d\u52a1\u9879\u76ee\\\"\\n        verbose_name_plural = verbose_name\\n        ordering = ['id']\\n\\nclass CaoZuoYuan(models.Model):\\n    xi_tong_yong_hu = models.OneToOneField(User, blank=True, null=True, on_delete=models.SET_NULL, verbose_name='\u7cfb\u7edf\u7528\u6237')\\n\\n    class Meta:\\n        verbose_name = \\\"\u64cd\u4f5c\u5458\\\"\\n        verbose_name_plural = verbose_name\\n        ordering = ['id']\\n\\nclass GongDan(models.Model):\\n\\n    class Meta:\\n        verbose_name = \\\"\u5de5\u5355\\\"\\n        verbose_name_plural = verbose_name\\n        ordering = ['id']\\n\\nclass ZhenShi(models.Model):\\n\\n    class Meta:\\n        verbose_name = \\\"\u8bca\u5ba4\\\"\\n        verbose_name_plural = verbose_name\\n        ordering = ['id']\\n\\nclass WuLiaoTaiZhang(models.Model):\\n    wu_liao = models.ForeignKey(WuLiao, blank=True, null=True, on_delete=models.SET_NULL, verbose_name='\u7269\u6599')\\n    ru_chu_ku_cao_zuo = models.ForeignKey(RuChuKuCaoZuo, blank=True, null=True, on_delete=models.SET_NULL, verbose_name='\u5165\u51fa\u5e93\u64cd\u4f5c')\\n    shu_liang = models.IntegerField(blank=True, null=True, verbose_name='\u6570\u91cf')\\n\\n    class Meta:\\n        verbose_name = \\\"\u7269\u6599\u53f0\u8d26\\\"\\n        verbose_name_plural = verbose_name\\n        ordering = ['id']\\n\\nclass KeHu(models.Model):\\n    bing_li_hao = models.CharField(max_length=100, blank=True, null=True, verbose_name='\u75c5\u5386\u53f7')\\n\\n    class Meta:\\n        verbose_name = \\\"\u5ba2\u6237\\\"\\n        verbose_name_plural = verbose_name\\n        ordering = ['id']\\n\\nclass ZhiYuan(models.Model):\\n\\n    class Meta:\\n        verbose_name = \\\"\u804c\u5458\\\"\\n        verbose_name_plural = verbose_name\\n        ordering = ['id']\\n\\nclass YiSheng(models.Model):\\n\\n    class Meta:\\n        verbose_name = \\\"\u533b\u751f\\\"\\n        verbose_name_plural = verbose_name\\n        ordering = ['id']\\n\\nclass HuShi(models.Model):\\n\\n    class Meta:\\n        verbose_name = \\\"\u62a4\u58eb\\\"\\n        verbose_name_plural = verbose_name\\n        ordering = ['id']\\n\\nclass KeFu(models.Model):\\n\\n    class Meta:\\n        verbose_name = \\\"\u5ba2\u670d\\\"\\n        verbose_name_plural = verbose_name\\n        ordering = ['id']\\n\\n\",\r\n            \"admin\": \"from django.contrib import admin\\nfrom .models import *\\n\\n\\n@admin.register(XiTongLeiXing)\\nclass XiTongLeiXingAdmin(admin.ModelAdmin):\\n    list_display = [field.name for field in XiTongLeiXing._meta.fields]\\n    list_display_links = ['id']\\n\\n@admin.register(GangWei)\\nclass GangWeiAdmin(admin.ModelAdmin):\\n    list_display = [field.name for field in GangWei._meta.fields]\\n    list_display_links = ['id']\\n\\n@admin.register(FuWuLeiBie)\\nclass FuWuLeiBieAdmin(admin.ModelAdmin):\\n    list_display = [field.name for field in FuWuLeiBie._meta.fields]\\n    list_display_links = ['id']\\n\\n@admin.register(RuChuKuCaoZuo)\\nclass RuChuKuCaoZuoAdmin(admin.ModelAdmin):\\n    list_display = [field.name for field in RuChuKuCaoZuo._meta.fields]\\n    list_display_links = ['id']\\n\\n@admin.register(RenYuan)\\nclass RenYuanAdmin(admin.ModelAdmin):\\n    list_display = [field.name for field in RenYuan._meta.fields]\\n    list_display_links = ['id']\\n\\n@admin.register(WuLiao)\\nclass WuLiaoAdmin(admin.ModelAdmin):\\n    list_display = [field.name for field in WuLiao._meta.fields]\\n    list_display_links = ['id']\\n\\n@admin.register(SheBei)\\nclass SheBeiAdmin(admin.ModelAdmin):\\n    list_display = [field.name for field in SheBei._meta.fields]\\n    list_display_links = ['id']\\n\\n@admin.register(GongJu)\\nclass GongJuAdmin(admin.ModelAdmin):\\n    list_display = [field.name for field in GongJu._meta.fields]\\n    list_display_links = ['id']\\n\\n@admin.register(ZiJin)\\nclass ZiJinAdmin(admin.ModelAdmin):\\n    list_display = [field.name for field in ZiJin._meta.fields]\\n    list_display_links = ['id']\\n\\n@admin.register(KongJian)\\nclass KongJianAdmin(admin.ModelAdmin):\\n    list_display = [field.name for field in KongJian._meta.fields]\\n    list_display_links = ['id']\\n\\n@admin.register(XinXi)\\nclass XinXiAdmin(admin.ModelAdmin):\\n    list_display = [field.name for field in XinXi._meta.fields]\\n    list_display_links = ['id']\\n\\n@admin.register(FuWuXiangMu)\\nclass FuWuXiangMuAdmin(admin.ModelAdmin):\\n    list_display = [field.name for field in FuWuXiangMu._meta.fields]\\n    list_display_links = ['id']\\n\\n@admin.register(CaoZuoYuan)\\nclass CaoZuoYuanAdmin(admin.ModelAdmin):\\n    list_display = [field.name for field in CaoZuoYuan._meta.fields]\\n    list_display_links = ['id']\\n\\n@admin.register(GongDan)\\nclass GongDanAdmin(admin.ModelAdmin):\\n    list_display = [field.name for field in GongDan._meta.fields]\\n    list_display_links = ['id']\\n\\n@admin.register(ZhenShi)\\nclass ZhenShiAdmin(admin.ModelAdmin):\\n    list_display = [field.name for field in ZhenShi._meta.fields]\\n    list_display_links = ['id']\\n\\n@admin.register(WuLiaoTaiZhang)\\nclass WuLiaoTaiZhangAdmin(admin.ModelAdmin):\\n    list_display = [field.name for field in WuLiaoTaiZhang._meta.fields]\\n    list_display_links = ['id']\\n\\n@admin.register(KeHu)\\nclass KeHuAdmin(admin.ModelAdmin):\\n    list_display = [field.name for field in KeHu._meta.fields]\\n    list_display_links = ['id']\\n\\n@admin.register(ZhiYuan)\\nclass ZhiYuanAdmin(admin.ModelAdmin):\\n    list_display = [field.name for field in ZhiYuan._meta.fields]\\n    list_display_links = ['id']\\n\\n@admin.register(YiSheng)\\nclass YiShengAdmin(admin.ModelAdmin):\\n    list_display = [field.name for field in YiSheng._meta.fields]\\n    list_display_links = ['id']\\n\\n@admin.register(HuShi)\\nclass HuShiAdmin(admin.ModelAdmin):\\n    list_display = [field.name for field in HuShi._meta.fields]\\n    list_display_links = ['id']\\n\\n@admin.register(KeFu)\\nclass KeFuAdmin(admin.ModelAdmin):\\n    list_display = [field.name for field in KeFu._meta.fields]\\n    list_display_links = ['id']\\n\"\r\n        }\r\n    },\r\n    \"data\": {\r\n        \"core\": {}\r\n    }\r\n}",
            "description": "",
            "create_time": "2024-06-21T14:01:46.823Z"
        }
    },
    {
        "model": "design.sourcecode",
        "pk": 5,
        "fields": {
            "name": "20240621140212",
            "project": 1,
            "code": "{\r\n    \"script\": {\r\n        \"service\": {},\r\n        \"type\": {\r\n            \"models\": \"from django.db import models\\nfrom django.contrib.auth.models import User\\n\\nclass XiTongLeiXing(models.Model):\\n\\n    class Meta:\\n        verbose_name = \\\"\u7cfb\u7edf\u7c7b\u578b\\\"\\n        verbose_name_plural = verbose_name\\n        ordering = ['id']\\n\\nclass GangWei(models.Model):\\n    gang_wei_ming_cheng = models.CharField(max_length=100, blank=True, null=True, verbose_name='\u5c97\u4f4d\u540d\u79f0')\\n\\n    class Meta:\\n        verbose_name = \\\"\u5c97\u4f4d\\\"\\n        verbose_name_plural = verbose_name\\n        ordering = ['id']\\n\\nclass FuWuLeiBie(models.Model):\\n    zhi = models.CharField(max_length=100, blank=True, null=True, verbose_name='\u503c')\\n\\n    class Meta:\\n        verbose_name = \\\"\u670d\u52a1\u7c7b\u522b\\\"\\n        verbose_name_plural = verbose_name\\n        ordering = ['id']\\n\\nclass RuChuKuCaoZuo(models.Model):\\n\\n    class Meta:\\n        verbose_name = \\\"\u5165\u51fa\u5e93\u64cd\u4f5c\\\"\\n        verbose_name_plural = verbose_name\\n        ordering = ['id']\\n\\nclass RenYuan(models.Model):\\n    xing_ming = models.CharField(max_length=100, blank=True, null=True, verbose_name='\u59d3\u540d')\\n\\n    class Meta:\\n        verbose_name = \\\"\u4eba\u5458\\\"\\n        verbose_name_plural = verbose_name\\n        ordering = ['id']\\n\\nclass WuLiao(models.Model):\\n    ming_cheng = models.CharField(max_length=100, blank=True, null=True, verbose_name='\u540d\u79f0')\\n\\n    class Meta:\\n        verbose_name = \\\"\u7269\u6599\\\"\\n        verbose_name_plural = verbose_name\\n        ordering = ['id']\\n\\nclass SheBei(models.Model):\\n    ming_cheng = models.CharField(max_length=100, blank=True, null=True, verbose_name='\u540d\u79f0')\\n\\n    class Meta:\\n        verbose_name = \\\"\u8bbe\u5907\\\"\\n        verbose_name_plural = verbose_name\\n        ordering = ['id']\\n\\nclass GongJu(models.Model):\\n    ming_cheng = models.CharField(max_length=100, blank=True, null=True, verbose_name='\u540d\u79f0')\\n\\n    class Meta:\\n        verbose_name = \\\"\u5de5\u5177\\\"\\n        verbose_name_plural = verbose_name\\n        ordering = ['id']\\n\\nclass ZiJin(models.Model):\\n    ming_cheng = models.CharField(max_length=100, blank=True, null=True, verbose_name='\u540d\u79f0')\\n\\n    class Meta:\\n        verbose_name = \\\"\u8d44\u91d1\\\"\\n        verbose_name_plural = verbose_name\\n        ordering = ['id']\\n\\nclass KongJian(models.Model):\\n    ming_cheng = models.CharField(max_length=100, blank=True, null=True, verbose_name='\u540d\u79f0')\\n\\n    class Meta:\\n        verbose_name = \\\"\u7a7a\u95f4\\\"\\n        verbose_name_plural = verbose_name\\n        ordering = ['id']\\n\\nclass XinXi(models.Model):\\n    ming_cheng = models.CharField(max_length=100, blank=True, null=True, verbose_name='\u540d\u79f0')\\n\\n    class Meta:\\n        verbose_name = \\\"\u4fe1\u606f\\\"\\n        verbose_name_plural = verbose_name\\n        ordering = ['id']\\n\\nclass FuWuXiangMu(models.Model):\\n\\n    class Meta:\\n        verbose_name = \\\"\u670d\u52a1\u9879\u76ee\\\"\\n        verbose_name_plural = verbose_name\\n        ordering = ['id']\\n\\nclass CaoZuoYuan(models.Model):\\n    xi_tong_yong_hu = models.OneToOneField(User, blank=True, null=True, on_delete=models.SET_NULL, verbose_name='\u7cfb\u7edf\u7528\u6237')\\n\\n    class Meta:\\n        verbose_name = \\\"\u64cd\u4f5c\u5458\\\"\\n        verbose_name_plural = verbose_name\\n        ordering = ['id']\\n\\nclass GongDan(models.Model):\\n\\n    class Meta:\\n        verbose_name = \\\"\u5de5\u5355\\\"\\n        verbose_name_plural = verbose_name\\n        ordering = ['id']\\n\\nclass ZhenShi(models.Model):\\n\\n    class Meta:\\n        verbose_name = \\\"\u8bca\u5ba4\\\"\\n        verbose_name_plural = verbose_name\\n        ordering = ['id']\\n\\nclass WuLiaoTaiZhang(models.Model):\\n    wu_liao = models.ForeignKey(WuLiao, blank=True, null=True, on_delete=models.SET_NULL, verbose_name='\u7269\u6599')\\n    ru_chu_ku_cao_zuo = models.ForeignKey(RuChuKuCaoZuo, blank=True, null=True, on_delete=models.SET_NULL, verbose_name='\u5165\u51fa\u5e93\u64cd\u4f5c')\\n    shu_liang = models.IntegerField(blank=True, null=True, verbose_name='\u6570\u91cf')\\n\\n    class Meta:\\n        verbose_name = \\\"\u7269\u6599\u53f0\u8d26\\\"\\n        verbose_name_plural = verbose_name\\n        ordering = ['id']\\n\\nclass KeHu(models.Model):\\n    bing_li_hao = models.CharField(max_length=100, blank=True, null=True, verbose_name='\u75c5\u5386\u53f7')\\n\\n    class Meta:\\n        verbose_name = \\\"\u5ba2\u6237\\\"\\n        verbose_name_plural = verbose_name\\n        ordering = ['id']\\n\\nclass ZhiYuan(models.Model):\\n\\n    class Meta:\\n        verbose_name = \\\"\u804c\u5458\\\"\\n        verbose_name_plural = verbose_name\\n        ordering = ['id']\\n\\nclass YiSheng(models.Model):\\n\\n    class Meta:\\n        verbose_name = \\\"\u533b\u751f\\\"\\n        verbose_name_plural = verbose_name\\n        ordering = ['id']\\n\\nclass HuShi(models.Model):\\n\\n    class Meta:\\n        verbose_name = \\\"\u62a4\u58eb\\\"\\n        verbose_name_plural = verbose_name\\n        ordering = ['id']\\n\\nclass KeFu(models.Model):\\n\\n    class Meta:\\n        verbose_name = \\\"\u5ba2\u670d\\\"\\n        verbose_name_plural = verbose_name\\n        ordering = ['id']\\n\\n\",\r\n            \"admin\": \"from django.contrib import admin\\nfrom .models import *\\n\\n\\n@admin.register(XiTongLeiXing)\\nclass XiTongLeiXingAdmin(admin.ModelAdmin):\\n    list_display = [field.name for field in XiTongLeiXing._meta.fields]\\n    list_display_links = ['id']\\n\\n@admin.register(GangWei)\\nclass GangWeiAdmin(admin.ModelAdmin):\\n    list_display = [field.name for field in GangWei._meta.fields]\\n    list_display_links = ['id']\\n\\n@admin.register(FuWuLeiBie)\\nclass FuWuLeiBieAdmin(admin.ModelAdmin):\\n    list_display = [field.name for field in FuWuLeiBie._meta.fields]\\n    list_display_links = ['id']\\n\\n@admin.register(RuChuKuCaoZuo)\\nclass RuChuKuCaoZuoAdmin(admin.ModelAdmin):\\n    list_display = [field.name for field in RuChuKuCaoZuo._meta.fields]\\n    list_display_links = ['id']\\n\\n@admin.register(RenYuan)\\nclass RenYuanAdmin(admin.ModelAdmin):\\n    list_display = [field.name for field in RenYuan._meta.fields]\\n    list_display_links = ['id']\\n\\n@admin.register(WuLiao)\\nclass WuLiaoAdmin(admin.ModelAdmin):\\n    list_display = [field.name for field in WuLiao._meta.fields]\\n    list_display_links = ['id']\\n\\n@admin.register(SheBei)\\nclass SheBeiAdmin(admin.ModelAdmin):\\n    list_display = [field.name for field in SheBei._meta.fields]\\n    list_display_links = ['id']\\n\\n@admin.register(GongJu)\\nclass GongJuAdmin(admin.ModelAdmin):\\n    list_display = [field.name for field in GongJu._meta.fields]\\n    list_display_links = ['id']\\n\\n@admin.register(ZiJin)\\nclass ZiJinAdmin(admin.ModelAdmin):\\n    list_display = [field.name for field in ZiJin._meta.fields]\\n    list_display_links = ['id']\\n\\n@admin.register(KongJian)\\nclass KongJianAdmin(admin.ModelAdmin):\\n    list_display = [field.name for field in KongJian._meta.fields]\\n    list_display_links = ['id']\\n\\n@admin.register(XinXi)\\nclass XinXiAdmin(admin.ModelAdmin):\\n    list_display = [field.name for field in XinXi._meta.fields]\\n    list_display_links = ['id']\\n\\n@admin.register(FuWuXiangMu)\\nclass FuWuXiangMuAdmin(admin.ModelAdmin):\\n    list_display = [field.name for field in FuWuXiangMu._meta.fields]\\n    list_display_links = ['id']\\n\\n@admin.register(CaoZuoYuan)\\nclass CaoZuoYuanAdmin(admin.ModelAdmin):\\n    list_display = [field.name for field in CaoZuoYuan._meta.fields]\\n    list_display_links = ['id']\\n\\n@admin.register(GongDan)\\nclass GongDanAdmin(admin.ModelAdmin):\\n    list_display = [field.name for field in GongDan._meta.fields]\\n    list_display_links = ['id']\\n\\n@admin.register(ZhenShi)\\nclass ZhenShiAdmin(admin.ModelAdmin):\\n    list_display = [field.name for field in ZhenShi._meta.fields]\\n    list_display_links = ['id']\\n\\n@admin.register(WuLiaoTaiZhang)\\nclass WuLiaoTaiZhangAdmin(admin.ModelAdmin):\\n    list_display = [field.name for field in WuLiaoTaiZhang._meta.fields]\\n    list_display_links = ['id']\\n\\n@admin.register(KeHu)\\nclass KeHuAdmin(admin.ModelAdmin):\\n    list_display = [field.name for field in KeHu._meta.fields]\\n    list_display_links = ['id']\\n\\n@admin.register(ZhiYuan)\\nclass ZhiYuanAdmin(admin.ModelAdmin):\\n    list_display = [field.name for field in ZhiYuan._meta.fields]\\n    list_display_links = ['id']\\n\\n@admin.register(YiSheng)\\nclass YiShengAdmin(admin.ModelAdmin):\\n    list_display = [field.name for field in YiSheng._meta.fields]\\n    list_display_links = ['id']\\n\\n@admin.register(HuShi)\\nclass HuShiAdmin(admin.ModelAdmin):\\n    list_display = [field.name for field in HuShi._meta.fields]\\n    list_display_links = ['id']\\n\\n@admin.register(KeFu)\\nclass KeFuAdmin(admin.ModelAdmin):\\n    list_display = [field.name for field in KeFu._meta.fields]\\n    list_display_links = ['id']\\n\"\r\n        }\r\n    },\r\n    \"data\": {\r\n        \"core\": {}\r\n    }\r\n}",
            "description": "",
            "create_time": "2024-06-21T14:02:12.310Z"
        }
    }
]