[
    {
        "model": "auth.user",
        "pk": 1,
        "fields": {
            "password": "pbkdf2_sha256$600000$KzGsVmdaCn1iGxs77aoIwP$zuCQKkpa1M0XOQd1vKmZZHKGBFNhjZYISwDB31phQYs=",
            "last_login": "2024-07-06T14:01:09.692Z",
            "is_superuser": true,
            "username": "admin",
            "first_name": "",
            "last_name": "",
            "email": "admin@example.com",
            "is_staff": true,
            "is_active": true,
            "date_joined": "2024-06-11T12:12:13.483Z",
            "groups": [],
            "user_permissions": []
        }
    },
    {
        "model": "design.dataitem",
        "pk": 14,
        "fields": {
            "label": "\u540d\u79f0",
            "name": "name",
            "pym": "mc",
            "erpsys_id": "360cc6d4-2a2f-11ef-a3b6-0e586f6f8a1e",
            "field_type": "CharField",
            "business_type": null,
            "implement_type": "Field",
            "dependency_order": 0,
            "default_value": null,
            "is_multivalued": false,
            "max_length": 100,
            "max_digits": 10,
            "decimal_places": 2,
            "computed_logic": "",
            "init_content": null
        }
    },
    {
        "model": "design.dataitem",
        "pk": 15,
        "fields": {
            "label": "\u59d3\u540d",
            "name": "xing_ming",
            "pym": "xm",
            "erpsys_id": "3c736910-2a2f-11ef-a3b6-0e586f6f8a1e",
            "field_type": "CharField",
            "business_type": null,
            "implement_type": "Field",
            "dependency_order": 0,
            "default_value": null,
            "is_multivalued": false,
            "max_length": 100,
            "max_digits": 10,
            "decimal_places": 2,
            "computed_logic": "",
            "init_content": null
        }
    },
    {
        "model": "design.dataitem",
        "pk": 16,
        "fields": {
            "label": "\u4eba\u5458",
            "name": "Operator",
            "pym": "ry",
            "erpsys_id": "1e675d54-2a30-11ef-8c28-0e586f6f8a1e",
            "field_type": "Reserved",
            "business_type": 16,
            "implement_type": "Model",
            "dependency_order": 10,
            "default_value": null,
            "is_multivalued": false,
            "max_length": 100,
            "max_digits": 10,
            "decimal_places": 2,
            "computed_logic": "",
            "init_content": "[{\"\u4e2d\u6587\u540d\u79f0\": \"\u81ea\u52a8\u8c03\u5ea6\", \"\u540d\u79f0\": \"SystemSchedler\" }]"
        }
    },
    {
        "model": "design.dataitem",
        "pk": 18,
        "fields": {
            "label": "\u7269\u6599",
            "name": "Material",
            "pym": "wl",
            "erpsys_id": "6c35906e-2a30-11ef-8c28-0e586f6f8a1e",
            "field_type": "Reserved",
            "business_type": 18,
            "implement_type": "Model",
            "dependency_order": 10,
            "default_value": null,
            "is_multivalued": false,
            "max_length": 100,
            "max_digits": 10,
            "decimal_places": 2,
            "computed_logic": "",
            "init_content": "[{\"\u4e2d\u6587\u540d\u79f0\": \"100\u5355\u4f4d\u4fdd\u59a5\u9002\"}, {\"\u4e2d\u6587\u540d\u79f0\": \"50\u5355\u4f4d\u4fdd\u59a5\u9002\"}, {\"\u4e2d\u6587\u540d\u79f0\": \"\u55e8\u4f53\"}, {\"\u4e2d\u6587\u540d\u79f0\": \"\u4e54\u96c5\u767b\uff08\u6781\u81f4\uff09\"}, {\"\u4e2d\u6587\u540d\u79f0\": \"\u4e00\u6b21\u6027\u6ce8\u5c04\u5668\"}]"
        }
    },
    {
        "model": "design.dataitem",
        "pk": 19,
        "fields": {
            "label": "\u8bbe\u5907",
            "name": "Equipment",
            "pym": "sb",
            "erpsys_id": "793baa96-2a30-11ef-8c28-0e586f6f8a1e",
            "field_type": "Reserved",
            "business_type": 19,
            "implement_type": "Model",
            "dependency_order": 10,
            "default_value": null,
            "is_multivalued": false,
            "max_length": 100,
            "max_digits": 10,
            "decimal_places": 2,
            "computed_logic": "",
            "init_content": null
        }
    },
    {
        "model": "design.dataitem",
        "pk": 20,
        "fields": {
            "label": "\u5de5\u5177",
            "name": "Device",
            "pym": "gj",
            "erpsys_id": "88656aca-2a30-11ef-8c28-0e586f6f8a1e",
            "field_type": "Reserved",
            "business_type": 20,
            "implement_type": "Model",
            "dependency_order": 10,
            "default_value": null,
            "is_multivalued": false,
            "max_length": 100,
            "max_digits": 10,
            "decimal_places": 2,
            "computed_logic": "",
            "init_content": null
        }
    },
    {
        "model": "design.dataitem",
        "pk": 21,
        "fields": {
            "label": "\u8d44\u91d1",
            "name": "Capital",
            "pym": "zj",
            "erpsys_id": "9cc2ba4a-2a30-11ef-8c28-0e586f6f8a1e",
            "field_type": "Reserved",
            "business_type": 21,
            "implement_type": "Model",
            "dependency_order": 10,
            "default_value": null,
            "is_multivalued": false,
            "max_length": 100,
            "max_digits": 10,
            "decimal_places": 2,
            "computed_logic": "",
            "init_content": null
        }
    },
    {
        "model": "design.dataitem",
        "pk": 22,
        "fields": {
            "label": "\u7a7a\u95f4",
            "name": "Space",
            "pym": "kj",
            "erpsys_id": "b7b59c78-2a30-11ef-8c28-0e586f6f8a1e",
            "field_type": "Reserved",
            "business_type": 22,
            "implement_type": "Model",
            "dependency_order": 10,
            "default_value": null,
            "is_multivalued": false,
            "max_length": 100,
            "max_digits": 10,
            "decimal_places": 2,
            "computed_logic": "",
            "init_content": null
        }
    },
    {
        "model": "design.dataitem",
        "pk": 23,
        "fields": {
            "label": "\u4fe1\u606f",
            "name": "Information",
            "pym": "xx",
            "erpsys_id": "d9ce1772-2a30-11ef-8c28-0e586f6f8a1e",
            "field_type": "Reserved",
            "business_type": 23,
            "implement_type": "Model",
            "dependency_order": 10,
            "default_value": null,
            "is_multivalued": false,
            "max_length": 100,
            "max_digits": 10,
            "decimal_places": 2,
            "computed_logic": "",
            "init_content": null
        }
    },
    {
        "model": "design.dataitem",
        "pk": 24,
        "fields": {
            "label": "\u670d\u52a1\u9879\u76ee",
            "name": "fu_wu_xiang_mu",
            "pym": "fwxm",
            "erpsys_id": "e66128a8-2a30-11ef-8c28-0e586f6f8a1e",
            "field_type": "TypeField",
            "business_type": 58,
            "implement_type": "Field",
            "dependency_order": 0,
            "default_value": null,
            "is_multivalued": false,
            "max_length": 100,
            "max_digits": 10,
            "decimal_places": 2,
            "computed_logic": "",
            "init_content": null
        }
    },
    {
        "model": "design.dataitem",
        "pk": 31,
        "fields": {
            "label": "\u8bca\u5ba4",
            "name": "zhen_shi",
            "pym": "zs",
            "erpsys_id": "6adc9430-2a33-11ef-b9c0-0e586f6f8a1e",
            "field_type": "TypeField",
            "business_type": 22,
            "implement_type": "Field",
            "dependency_order": 0,
            "default_value": null,
            "is_multivalued": false,
            "max_length": 100,
            "max_digits": 10,
            "decimal_places": 2,
            "computed_logic": "",
            "init_content": null
        }
    },
    {
        "model": "design.dataitem",
        "pk": 39,
        "fields": {
            "label": "\u89d2\u8272",
            "name": "Role",
            "pym": "gw",
            "erpsys_id": "c26877c0-2c6b-11ef-81c5-0e586f6f8a1e",
            "field_type": "Reserved",
            "business_type": 39,
            "implement_type": "Model",
            "dependency_order": 5,
            "default_value": null,
            "is_multivalued": false,
            "max_length": 100,
            "max_digits": 10,
            "decimal_places": 2,
            "computed_logic": "",
            "init_content": "[{\"\u4e2d\u6587\u540d\u79f0\": \"\u533b\u751f\"}, {\"\u4e2d\u6587\u540d\u79f0\": \"\u62a4\u58eb\"}, {\"\u4e2d\u6587\u540d\u79f0\": \"\u5ba2\u670d\"}, {\"\u4e2d\u6587\u540d\u79f0\": \"\u7ba1\u7406\u5458\"}, {\"\u4e2d\u6587\u540d\u79f0\": \"\u5ba2\u6237\"}, {\"\u4e2d\u6587\u540d\u79f0\": \"System\"}]"
        }
    },
    {
        "model": "design.dataitem",
        "pk": 46,
        "fields": {
            "label": "\u670d\u52a1\u7c7b\u522b",
            "name": "fu_wu_lei_bie",
            "pym": "fwlb",
            "erpsys_id": "c26b0d6e-2c6b-11ef-81c5-0e586f6f8a1e",
            "field_type": "TypeField",
            "business_type": null,
            "implement_type": "Model",
            "dependency_order": 0,
            "default_value": null,
            "is_multivalued": false,
            "max_length": 100,
            "max_digits": 10,
            "decimal_places": 2,
            "computed_logic": "",
            "init_content": "[{\"\u4e2d\u6587\u540d\u79f0\": \"\u5149\u7535\u7c7b\"}, {\"\u4e2d\u6587\u540d\u79f0\": \"\u62a4\u80a4\u54c1\"}, {\"\u4e2d\u6587\u540d\u79f0\": \"\u5316\u5b66\u7115\u80a4\"}, {\"\u4e2d\u6587\u540d\u79f0\": \"\u624b\u672f\u7c7b\"}, {\"\u4e2d\u6587\u540d\u79f0\": \"\u4eea\u5668\u7c7b\"}, {\"\u4e2d\u6587\u540d\u79f0\": \"\u6ce8\u5c04\u586b\u5145\u7c7b\"}]"
        }
    },
    {
        "model": "design.dataitem",
        "pk": 48,
        "fields": {
            "label": "\u5165\u51fa\u5e93\u64cd\u4f5c",
            "name": "ru_chu_ku_cao_zuo",
            "pym": "rckcz",
            "erpsys_id": "1a262aca-2c6c-11ef-a7db-0e586f6f8a1e",
            "field_type": "TypeField",
            "business_type": null,
            "implement_type": "Model",
            "dependency_order": 0,
            "default_value": null,
            "is_multivalued": false,
            "max_length": 100,
            "max_digits": 10,
            "decimal_places": 2,
            "computed_logic": "",
            "init_content": "[{\"\u4e2d\u6587\u540d\u79f0\": \"\u5165\u5e93\"}, {\"\u4e2d\u6587\u540d\u79f0\": \"\u51fa\u5e93\"}]"
        }
    },
    {
        "model": "design.dataitem",
        "pk": 49,
        "fields": {
            "label": "\u6570\u91cf",
            "name": "shu_liang",
            "pym": "sl",
            "erpsys_id": "2442df12-2c6c-11ef-a7db-0e586f6f8a1e",
            "field_type": "IntegerField",
            "business_type": null,
            "implement_type": "Field",
            "dependency_order": 0,
            "default_value": null,
            "is_multivalued": false,
            "max_length": 100,
            "max_digits": 10,
            "decimal_places": 2,
            "computed_logic": "",
            "init_content": null
        }
    },
    {
        "model": "design.dataitem",
        "pk": 51,
        "fields": {
            "label": "\u7cfb\u7edf\u7528\u6237",
            "name": "xi_tong_yong_hu",
            "pym": "xtyh",
            "erpsys_id": "dedac8a6-2eee-11ef-9033-0e586f6f8a1e",
            "field_type": "User",
            "business_type": null,
            "implement_type": "Field",
            "dependency_order": 0,
            "default_value": null,
            "is_multivalued": false,
            "max_length": 100,
            "max_digits": 10,
            "decimal_places": 2,
            "computed_logic": "",
            "init_content": null
        }
    },
    {
        "model": "design.dataitem",
        "pk": 52,
        "fields": {
            "label": "\u75c5\u5386\u53f7",
            "name": "bing_li_hao",
            "pym": "blh",
            "erpsys_id": "6ae389e6-2eef-11ef-9033-0e586f6f8a1e",
            "field_type": "CharField",
            "business_type": null,
            "implement_type": "Field",
            "dependency_order": 0,
            "default_value": null,
            "is_multivalued": false,
            "max_length": 100,
            "max_digits": 10,
            "decimal_places": 2,
            "computed_logic": "",
            "init_content": null
        }
    },
    {
        "model": "design.dataitem",
        "pk": 53,
        "fields": {
            "label": "\u5165\u51fa\u5e93\u65f6\u95f4",
            "name": "ri_qi",
            "pym": "rq",
            "erpsys_id": "969da256-374b-11ef-8cb0-0e586f6f8a1e",
            "field_type": "DateTimeField",
            "business_type": null,
            "implement_type": "Field",
            "dependency_order": 0,
            "default_value": "ref(\u7cfb\u7edf\u65f6\u95f4)",
            "is_multivalued": false,
            "max_length": 100,
            "max_digits": 10,
            "decimal_places": 2,
            "computed_logic": "",
            "init_content": null
        }
    },
    {
        "model": "design.dataitem",
        "pk": 54,
        "fields": {
            "label": "\u9886\u7528\u4eba",
            "name": "ling_yong_ren",
            "pym": "lyr",
            "erpsys_id": "c07afc04-374b-11ef-8cb0-0e586f6f8a1e",
            "field_type": "TypeField",
            "business_type": 16,
            "implement_type": "Field",
            "dependency_order": 0,
            "default_value": null,
            "is_multivalued": false,
            "max_length": 100,
            "max_digits": 10,
            "decimal_places": 2,
            "computed_logic": "",
            "init_content": null
        }
    },
    {
        "model": "design.dataitem",
        "pk": 55,
        "fields": {
            "label": "\u4f7f\u7528\u4eba",
            "name": "shi_yong_ren",
            "pym": "syr",
            "erpsys_id": "3904dbe0-374c-11ef-8bb9-0e586f6f8a1e",
            "field_type": "TypeField",
            "business_type": 16,
            "implement_type": "Field",
            "dependency_order": 0,
            "default_value": null,
            "is_multivalued": true,
            "max_length": 100,
            "max_digits": 10,
            "decimal_places": 2,
            "computed_logic": "",
            "init_content": null
        }
    },
    {
        "model": "design.dataitem",
        "pk": 56,
        "fields": {
            "label": "\u6709\u6548\u671f",
            "name": "you_xiao_qi",
            "pym": "yxq",
            "erpsys_id": "ad9b842c-374c-11ef-9964-0e586f6f8a1e",
            "field_type": "DateField",
            "business_type": null,
            "implement_type": "Field",
            "dependency_order": 0,
            "default_value": null,
            "is_multivalued": false,
            "max_length": 100,
            "max_digits": 10,
            "decimal_places": 2,
            "computed_logic": "",
            "init_content": null
        }
    },
    {
        "model": "design.dataitem",
        "pk": 57,
        "fields": {
            "label": "\u7269\u6599\u53f0\u8d26",
            "name": "wu_liao_tai_zhang",
            "pym": "wltz",
            "erpsys_id": "1a27c720-3844-11ef-80e6-0e586f6f8a1e",
            "field_type": "TypeField",
            "business_type": null,
            "implement_type": "Model",
            "dependency_order": 20,
            "default_value": null,
            "is_multivalued": false,
            "max_length": 100,
            "max_digits": 10,
            "decimal_places": 2,
            "computed_logic": "",
            "init_content": null
        }
    },
    {
        "model": "design.dataitem",
        "pk": 58,
        "fields": {
            "label": "\u670d\u52a1",
            "name": "Service",
            "pym": "fw",
            "erpsys_id": "f37f2712-38e8-11ef-97ad-0e586f6f8a1e",
            "field_type": "Reserved",
            "business_type": 58,
            "implement_type": "Model",
            "dependency_order": 30,
            "default_value": null,
            "is_multivalued": false,
            "max_length": 100,
            "max_digits": 10,
            "decimal_places": 2,
            "computed_logic": "",
            "init_content": null
        }
    },
    {
        "model": "design.dataitem",
        "pk": 59,
        "fields": {
            "label": "\u4e2d\u6587\u540d\u79f0",
            "name": "label",
            "pym": null,
            "erpsys_id": "4a73d3fa-391c-11ef-b673-0e586f6f8a1e",
            "field_type": "CharField",
            "business_type": null,
            "implement_type": "Field",
            "dependency_order": 0,
            "default_value": null,
            "is_multivalued": false,
            "max_length": 100,
            "max_digits": 10,
            "decimal_places": 2,
            "computed_logic": "",
            "init_content": null
        }
    },
    {
        "model": "design.dataitem",
        "pk": 60,
        "fields": {
            "label": "\u62fc\u97f3\u7801",
            "name": "pym",
            "pym": null,
            "erpsys_id": "5920492e-391c-11ef-b673-0e586f6f8a1e",
            "field_type": "CharField",
            "business_type": null,
            "implement_type": "Field",
            "dependency_order": 0,
            "default_value": null,
            "is_multivalued": false,
            "max_length": 100,
            "max_digits": 10,
            "decimal_places": 2,
            "computed_logic": "",
            "init_content": null
        }
    },
    {
        "model": "design.dataitem",
        "pk": 61,
        "fields": {
            "label": "\u8868\u5355",
            "name": "Form",
            "pym": "bd",
            "erpsys_id": "516d1a10-3a00-11ef-89c6-0e586f6f8a1e",
            "field_type": "Reserved",
            "business_type": 61,
            "implement_type": "Model",
            "dependency_order": 10,
            "default_value": null,
            "is_multivalued": false,
            "max_length": 100,
            "max_digits": 10,
            "decimal_places": 2,
            "computed_logic": "",
            "init_content": null
        }
    },
    {
        "model": "design.dataitem",
        "pk": 62,
        "fields": {
            "label": "\u64cd\u4f5c\u5458",
            "name": "cao_zuo_yuan",
            "pym": "czy",
            "erpsys_id": "f9f40dd6-3ac0-11ef-8ca9-0e586f6f8a1e",
            "field_type": "TypeField",
            "business_type": 16,
            "implement_type": "Field",
            "dependency_order": 0,
            "default_value": null,
            "is_multivalued": false,
            "max_length": 100,
            "max_digits": 10,
            "decimal_places": 2,
            "computed_logic": "",
            "init_content": null
        }
    },
    {
        "model": "design.dataitem",
        "pk": 63,
        "fields": {
            "label": "\u77e5\u8bc6",
            "name": "Knowledge",
            "pym": "zs",
            "erpsys_id": "27d39a66-3b69-11ef-a6ee-0e586f6f8a1e",
            "field_type": "Reserved",
            "business_type": 63,
            "implement_type": "Model",
            "dependency_order": 10,
            "default_value": null,
            "is_multivalued": false,
            "max_length": 100,
            "max_digits": 10,
            "decimal_places": 2,
            "computed_logic": "",
            "init_content": null
        }
    },
    {
        "model": "design.dataitem",
        "pk": 65,
        "fields": {
            "label": "\u77e5\u8bc6\u6587\u672c",
            "name": "zhi_shi_wen_ben",
            "pym": "zswb",
            "erpsys_id": "58f8f38e-3b69-11ef-a6ee-0e586f6f8a1e",
            "field_type": "TextField",
            "business_type": null,
            "implement_type": "Field",
            "dependency_order": 0,
            "default_value": null,
            "is_multivalued": false,
            "max_length": 100,
            "max_digits": 10,
            "decimal_places": 2,
            "computed_logic": "",
            "init_content": null
        }
    },
    {
        "model": "design.dataitem",
        "pk": 66,
        "fields": {
            "label": "\u77e5\u8bc6\u6587\u4ef6",
            "name": "zhi_shi_wen_jian",
            "pym": "zswj",
            "erpsys_id": "6f30c140-3b69-11ef-a6ee-0e586f6f8a1e",
            "field_type": "FileField",
            "business_type": null,
            "implement_type": "Field",
            "dependency_order": 0,
            "default_value": null,
            "is_multivalued": false,
            "max_length": 100,
            "max_digits": 10,
            "decimal_places": 2,
            "computed_logic": "",
            "init_content": null
        }
    },
    {
        "model": "design.dataitem",
        "pk": 67,
        "fields": {
            "label": "\u4e8b\u4ef6",
            "name": "Event",
            "pym": "sj",
            "erpsys_id": "d9467f38-3b6f-11ef-bf7d-0e586f6f8a1e",
            "field_type": "Reserved",
            "business_type": 67,
            "implement_type": "Model",
            "dependency_order": 40,
            "default_value": null,
            "is_multivalued": false,
            "max_length": 100,
            "max_digits": 10,
            "decimal_places": 2,
            "computed_logic": "",
            "init_content": null
        }
    },
    {
        "model": "design.dataitem",
        "pk": 68,
        "fields": {
            "label": "\u671f\u521d",
            "name": "qi_chu",
            "pym": "qc",
            "erpsys_id": "3dde70e6-3b92-11ef-a188-0e586f6f8a1e",
            "field_type": "IntegerField",
            "business_type": null,
            "implement_type": "Field",
            "dependency_order": 0,
            "default_value": null,
            "is_multivalued": false,
            "max_length": 100,
            "max_digits": 10,
            "decimal_places": 2,
            "computed_logic": "",
            "init_content": null
        }
    },
    {
        "model": "design.dataitem",
        "pk": 69,
        "fields": {
            "label": "\u671f\u672b",
            "name": "qi_mo",
            "pym": "qm",
            "erpsys_id": "5e1494b2-3b92-11ef-a188-0e586f6f8a1e",
            "field_type": "IntegerField",
            "business_type": null,
            "implement_type": "Field",
            "dependency_order": 0,
            "default_value": null,
            "is_multivalued": false,
            "max_length": 100,
            "max_digits": 10,
            "decimal_places": 2,
            "computed_logic": "",
            "init_content": null
        }
    },
    {
        "model": "design.dataitem",
        "pk": 70,
        "fields": {
            "label": "\u4f5c\u4e1a\u9879\u76ee",
            "name": "zuo_ye_xiang_mu",
            "pym": "zyxm",
            "erpsys_id": "1a830c04-3b94-11ef-8912-0e586f6f8a1e",
            "field_type": "TypeField",
            "business_type": 58,
            "implement_type": "Field",
            "dependency_order": 0,
            "default_value": null,
            "is_multivalued": false,
            "max_length": 100,
            "max_digits": 10,
            "decimal_places": 2,
            "computed_logic": "",
            "init_content": null
        }
    },
    {
        "model": "design.dataitem",
        "pk": 72,
        "fields": {
            "label": "\u89c4\u683c",
            "name": "gui_ge",
            "pym": "gg",
            "erpsys_id": "d703481a-3b96-11ef-8779-0e586f6f8a1e",
            "field_type": "CharField",
            "business_type": null,
            "implement_type": "Field",
            "dependency_order": 0,
            "default_value": null,
            "is_multivalued": false,
            "max_length": 100,
            "max_digits": 10,
            "decimal_places": 2,
            "computed_logic": "",
            "init_content": null
        }
    },
    {
        "model": "design.dataitem",
        "pk": 73,
        "fields": {
            "label": "\u4ef7\u683c",
            "name": "jia_ge",
            "pym": "jg",
            "erpsys_id": "e6c8345e-3b96-11ef-8779-0e586f6f8a1e",
            "field_type": "DecimalField",
            "business_type": null,
            "implement_type": "Field",
            "dependency_order": 0,
            "default_value": null,
            "is_multivalued": false,
            "max_length": 100,
            "max_digits": 10,
            "decimal_places": 2,
            "computed_logic": "",
            "init_content": null
        }
    },
    {
        "model": "design.dataitem",
        "pk": 74,
        "fields": {
            "label": "\u6700\u5c0f\u5e93\u5b58",
            "name": "zui_xiao_ku_cun",
            "pym": "zxkc",
            "erpsys_id": "f6e6c3fa-3b96-11ef-8779-0e586f6f8a1e",
            "field_type": "IntegerField",
            "business_type": null,
            "implement_type": "Field",
            "dependency_order": 0,
            "default_value": null,
            "is_multivalued": false,
            "max_length": 100,
            "max_digits": 10,
            "decimal_places": 2,
            "computed_logic": "",
            "init_content": null
        }
    },
    {
        "model": "design.dataitem",
        "pk": 75,
        "fields": {
            "label": "\u5e74\u9f84",
            "name": "nian_ling",
            "pym": "nl",
            "erpsys_id": "51424c48-3b97-11ef-aa58-0e586f6f8a1e",
            "field_type": "IntegerField",
            "business_type": null,
            "implement_type": "Field",
            "dependency_order": 0,
            "default_value": null,
            "is_multivalued": false,
            "max_length": 100,
            "max_digits": 10,
            "decimal_places": 2,
            "computed_logic": "",
            "init_content": null
        }
    },
    {
        "model": "design.dataitem",
        "pk": 76,
        "fields": {
            "label": "\u6027\u522b",
            "name": "xing_bie",
            "pym": "xb",
            "erpsys_id": "5a81d1d4-3b97-11ef-aa58-0e586f6f8a1e",
            "field_type": "CharField",
            "business_type": null,
            "implement_type": "Field",
            "dependency_order": 0,
            "default_value": null,
            "is_multivalued": false,
            "max_length": 100,
            "max_digits": 10,
            "decimal_places": 2,
            "computed_logic": "",
            "init_content": null
        }
    },
    {
        "model": "design.dataitem",
        "pk": 77,
        "fields": {
            "label": "\u521d\u8bca\u65e5\u671f",
            "name": "chu_zhen_ri_qi",
            "pym": "czrq",
            "erpsys_id": "b95b8560-3b97-11ef-aa58-0e586f6f8a1e",
            "field_type": "DateField",
            "business_type": null,
            "implement_type": "Field",
            "dependency_order": 0,
            "default_value": null,
            "is_multivalued": false,
            "max_length": 100,
            "max_digits": 10,
            "decimal_places": 2,
            "computed_logic": "",
            "init_content": null
        }
    },
    {
        "model": "design.dataitemconsists",
        "pk": 1,
        "fields": {
            "data_item": 16,
            "sub_data_item": 15,
            "order": 10
        }
    },
    {
        "model": "design.dataitemconsists",
        "pk": 26,
        "fields": {
            "data_item": 57,
            "sub_data_item": 53,
            "order": 10
        }
    },
    {
        "model": "design.dataitemconsists",
        "pk": 27,
        "fields": {
            "data_item": 57,
            "sub_data_item": 18,
            "order": 10
        }
    },
    {
        "model": "design.dataitemconsists",
        "pk": 28,
        "fields": {
            "data_item": 57,
            "sub_data_item": 48,
            "order": 10
        }
    },
    {
        "model": "design.dataitemconsists",
        "pk": 29,
        "fields": {
            "data_item": 57,
            "sub_data_item": 49,
            "order": 10
        }
    },
    {
        "model": "design.dataitemconsists",
        "pk": 30,
        "fields": {
            "data_item": 57,
            "sub_data_item": 56,
            "order": 10
        }
    },
    {
        "model": "design.dataitemconsists",
        "pk": 31,
        "fields": {
            "data_item": 57,
            "sub_data_item": 55,
            "order": 10
        }
    },
    {
        "model": "design.dataitemconsists",
        "pk": 32,
        "fields": {
            "data_item": 57,
            "sub_data_item": 54,
            "order": 10
        }
    },
    {
        "model": "design.dataitemconsists",
        "pk": 35,
        "fields": {
            "data_item": 16,
            "sub_data_item": 39,
            "order": 10
        }
    },
    {
        "model": "design.dataitemconsists",
        "pk": 39,
        "fields": {
            "data_item": 16,
            "sub_data_item": 51,
            "order": 10
        }
    },
    {
        "model": "design.dataitemconsists",
        "pk": 40,
        "fields": {
            "data_item": 63,
            "sub_data_item": 65,
            "order": 10
        }
    },
    {
        "model": "design.dataitemconsists",
        "pk": 41,
        "fields": {
            "data_item": 63,
            "sub_data_item": 66,
            "order": 10
        }
    },
    {
        "model": "design.dataitemconsists",
        "pk": 42,
        "fields": {
            "data_item": 57,
            "sub_data_item": 68,
            "order": 10
        }
    },
    {
        "model": "design.dataitemconsists",
        "pk": 43,
        "fields": {
            "data_item": 57,
            "sub_data_item": 69,
            "order": 10
        }
    },
    {
        "model": "design.dataitemconsists",
        "pk": 47,
        "fields": {
            "data_item": 16,
            "sub_data_item": 75,
            "order": 10
        }
    },
    {
        "model": "design.dataitemconsists",
        "pk": 48,
        "fields": {
            "data_item": 16,
            "sub_data_item": 76,
            "order": 10
        }
    },
    {
        "model": "design.dataitemconsists",
        "pk": 49,
        "fields": {
            "data_item": 16,
            "sub_data_item": 77,
            "order": 10
        }
    },
    {
        "model": "design.dataitemconsists",
        "pk": 50,
        "fields": {
            "data_item": 16,
            "sub_data_item": 52,
            "order": 10
        }
    },
    {
        "model": "design.dataitemconsists",
        "pk": 51,
        "fields": {
            "data_item": 18,
            "sub_data_item": 72,
            "order": 10
        }
    },
    {
        "model": "design.dataitemconsists",
        "pk": 52,
        "fields": {
            "data_item": 18,
            "sub_data_item": 74,
            "order": 10
        }
    },
    {
        "model": "design.dataitemconsists",
        "pk": 53,
        "fields": {
            "data_item": 18,
            "sub_data_item": 73,
            "order": 10
        }
    },
    {
        "model": "design.operator",
        "pk": 8,
        "fields": {
            "label": "\u81ea\u52a8\u8c03\u5ea6",
            "name": "SystemSchedler",
            "pym": null,
            "erpsys_id": "5c218b1e-3b9d-11ef-8ad0-0e586f6f8a1e"
        }
    },
    {
        "model": "design.role",
        "pk": 43,
        "fields": {
            "label": "\u533b\u751f",
            "name": "yi_sheng",
            "pym": "ys",
            "erpsys_id": "5c20c314-3b9d-11ef-8ad0-0e586f6f8a1e"
        }
    },
    {
        "model": "design.role",
        "pk": 44,
        "fields": {
            "label": "\u62a4\u58eb",
            "name": "hu_shi",
            "pym": "hs",
            "erpsys_id": "5c20d1b0-3b9d-11ef-8ad0-0e586f6f8a1e"
        }
    },
    {
        "model": "design.role",
        "pk": 45,
        "fields": {
            "label": "\u5ba2\u670d",
            "name": "ke_fu",
            "pym": "kf",
            "erpsys_id": "5c20e088-3b9d-11ef-8ad0-0e586f6f8a1e"
        }
    },
    {
        "model": "design.role",
        "pk": 46,
        "fields": {
            "label": "\u7ba1\u7406\u5458",
            "name": "guan_li_yuan",
            "pym": "gly",
            "erpsys_id": "5c20ed1c-3b9d-11ef-8ad0-0e586f6f8a1e"
        }
    },
    {
        "model": "design.role",
        "pk": 47,
        "fields": {
            "label": "\u5ba2\u6237",
            "name": "ke_hu",
            "pym": "kh",
            "erpsys_id": "5c20fb22-3b9d-11ef-8ad0-0e586f6f8a1e"
        }
    },
    {
        "model": "design.role",
        "pk": 48,
        "fields": {
            "label": "System",
            "name": "System",
            "pym": "System",
            "erpsys_id": "5c210752-3b9d-11ef-8ad0-0e586f6f8a1e"
        }
    },
    {
        "model": "design.material",
        "pk": 36,
        "fields": {
            "label": "100\u5355\u4f4d\u4fdd\u59a5\u9002",
            "name": "100_dan_wei_bao_tuo_shi",
            "pym": "100dwbts",
            "erpsys_id": "5c21ddc6-3b9d-11ef-8ad0-0e586f6f8a1e"
        }
    },
    {
        "model": "design.material",
        "pk": 37,
        "fields": {
            "label": "50\u5355\u4f4d\u4fdd\u59a5\u9002",
            "name": "50_dan_wei_bao_tuo_shi",
            "pym": "50dwbts",
            "erpsys_id": "5c21ecbc-3b9d-11ef-8ad0-0e586f6f8a1e"
        }
    },
    {
        "model": "design.material",
        "pk": 38,
        "fields": {
            "label": "\u55e8\u4f53",
            "name": "hai_ti",
            "pym": "ht",
            "erpsys_id": "5c21f928-3b9d-11ef-8ad0-0e586f6f8a1e"
        }
    },
    {
        "model": "design.material",
        "pk": 39,
        "fields": {
            "label": "\u4e54\u96c5\u767b\u6781\u81f4",
            "name": "qiao_ya_deng_ji_zhi",
            "pym": "qydjz",
            "erpsys_id": "5c220490-3b9d-11ef-8ad0-0e586f6f8a1e"
        }
    },
    {
        "model": "design.material",
        "pk": 40,
        "fields": {
            "label": "\u4e00\u6b21\u6027\u6ce8\u5c04\u5668",
            "name": "yi_ci_xing_zhu_she_qi",
            "pym": "ycxzsq",
            "erpsys_id": "5c221516-3b9d-11ef-8ad0-0e586f6f8a1e"
        }
    },
    {
        "model": "design.form",
        "pk": 1,
        "fields": {
            "label": "\u7269\u6599\u5165\u5e93\u5355",
            "name": "wu_liao_ru_ku_dan",
            "pym": "wlrkd",
            "erpsys_id": "9f6086e6-3b75-11ef-9ede-0e586f6f8a1e"
        }
    },
    {
        "model": "design.form",
        "pk": 2,
        "fields": {
            "label": "\u7269\u6599\u51fa\u5e93\u5355",
            "name": "wu_liao_chu_ku_dan",
            "pym": "wlckd",
            "erpsys_id": "a6776576-3b75-11ef-9ede-0e586f6f8a1e"
        }
    },
    {
        "model": "design.service",
        "pk": 1,
        "fields": {
            "label": "\u7269\u6599\u5165\u5e93",
            "name": "wu_liao_ru_ku",
            "pym": "wlrk",
            "erpsys_id": "ef97f612-3b75-11ef-9ede-0e586f6f8a1e",
            "subject": 57,
            "form": 1,
            "route_to": null,
            "program": null,
            "service_type": "OPERATION",
            "allowed_roles": [],
            "allowed_operators": [],
            "reference": []
        }
    },
    {
        "model": "design.service",
        "pk": 2,
        "fields": {
            "label": "\u7269\u6599\u51fa\u5e93",
            "name": "wu_liao_chu_ku",
            "pym": "wlck",
            "erpsys_id": "dcae1c46-3b77-11ef-a2ed-0e586f6f8a1e",
            "subject": 57,
            "form": 2,
            "route_to": null,
            "program": null,
            "service_type": "OPERATION",
            "allowed_roles": [],
            "allowed_operators": [],
            "reference": []
        }
    },
    {
        "model": "design.project",
        "pk": 1,
        "fields": {
            "label": "Maor",
            "name": "Maor",
            "pym": "maor",
            "erpsys_id": "a481c3d4-39d5-11ef-98d6-0e586f6f8a1e",
            "domain": "127.0.0.1",
            "description": null
        }
    }
]