[
    {
        "model": "auth.user",
        "pk": 1,
        "fields": {
            "password": "pbkdf2_sha256$600000$wGt5rW1jyG8ozzfRoB9Nve$SuAj6FNfKB9VFD4aDWmfOPMArolj7eLpisB7Hsow/zc=",
            "last_login": "2024-10-05T03:19:00Z",
            "is_superuser": true,
            "username": "jinniudashu@gmail.com",
            "first_name": "Miles",
            "last_name": "Jiang",
            "email": "admin@example.com",
            "is_staff": true,
            "is_active": true,
            "date_joined": "2024-10-05T03:19:00Z",
            "groups": [],
            "user_permissions": []
        }
    },
    {
        "model": "auth.user",
        "pk": 2,
        "fields": {
            "password": "pbkdf2_sha256$600000$pc4ra9Iw3OnfUPzgG7mE6K$ikTCGQyT7IirIW/sVYtGRTcZ63YS+O0g/TSvj1Kz1gI=",
            "last_login": null,
            "is_superuser": false,
            "username": "chen",
            "first_name": "",
            "last_name": "",
            "email": "",
            "is_staff": true,
            "is_active": true,
            "date_joined": "2024-10-05T03:23:00Z",
            "groups": [],
            "user_permissions": [
                1,
                2,
                3,
                4,
                221,
                222,
                223,
                224,
                225,
                226,
                227,
                228,
                229,
                230,
                231,
                232,
                233,
                234,
                235,
                236,
                237,
                238,
                239,
                240,
                241,
                242,
                243,
                244,
                245,
                246,
                247,
                248,
                249,
                250,
                251,
                252,
                253,
                254,
                255,
                256,
                257,
                258,
                259,
                260,
                261,
                262,
                263,
                264,
                265,
                266,
                267,
                268,
                269,
                270,
                271,
                272,
                273,
                274,
                275,
                276,
                277,
                278,
                279,
                280,
                281,
                282,
                283,
                284,
                285,
                286,
                287,
                288,
                289,
                290,
                291,
                292,
                293,
                294,
                295,
                296,
                297,
                298,
                299,
                300,
                301,
                302,
                303,
                304,
                305,
                306,
                307,
                308,
                309,
                310,
                311,
                312,
                313,
                314,
                315,
                316,
                317,
                318,
                319,
                320,
                321,
                322,
                323,
                324,
                325,
                326,
                327,
                328,
                329,
                330,
                331,
                332,
                333,
                334,
                335,
                336,
                337,
                338,
                339,
                340,
                341,
                342,
                343,
                344,
                345,
                346,
                347,
                348,
                349,
                350,
                351,
                352,
                9,
                10,
                11,
                12,
                5,
                6,
                7,
                8,
                13,
                14,
                15,
                16,
                17,
                18,
                19,
                20,
                25,
                26,
                27,
                28,
                29,
                30,
                31,
                32,
                33,
                34,
                35,
                36,
                37,
                38,
                39,
                40,
                41,
                42,
                43,
                44,
                145,
                146,
                147,
                148,
                45,
                46,
                47,
                48,
                49,
                50,
                51,
                52,
                53,
                54,
                55,
                56,
                57,
                58,
                59,
                60,
                61,
                62,
                63,
                64,
                65,
                66,
                67,
                68,
                141,
                142,
                143,
                144,
                69,
                70,
                71,
                72,
                73,
                74,
                75,
                76,
                77,
                78,
                79,
                80,
                81,
                82,
                83,
                84,
                85,
                86,
                87,
                88,
                137,
                138,
                139,
                140,
                89,
                90,
                91,
                92,
                93,
                94,
                95,
                96,
                97,
                98,
                99,
                100,
                101,
                102,
                103,
                104,
                133,
                134,
                135,
                136,
                105,
                106,
                107,
                108,
                129,
                130,
                131,
                132,
                109,
                110,
                111,
                112,
                125,
                126,
                127,
                128,
                121,
                122,
                123,
                124,
                113,
                114,
                115,
                116,
                117,
                118,
                119,
                120,
                149,
                150,
                151,
                152,
                153,
                154,
                155,
                156,
                157,
                158,
                159,
                160,
                161,
                162,
                163,
                164,
                165,
                166,
                167,
                168,
                169,
                170,
                171,
                172,
                213,
                214,
                215,
                216,
                217,
                218,
                219,
                220,
                173,
                174,
                175,
                176,
                209,
                210,
                211,
                212,
                177,
                178,
                179,
                180,
                181,
                182,
                183,
                184,
                205,
                206,
                207,
                208,
                185,
                186,
                187,
                188,
                189,
                190,
                191,
                192,
                201,
                202,
                203,
                204,
                193,
                194,
                195,
                196,
                197,
                198,
                199,
                200,
                21,
                22,
                23,
                24
            ]
        }
    },
    {
        "model": "auth.user",
        "pk": 3,
        "fields": {
            "password": "pbkdf2_sha256$600000$hdDokS1S5tnFZJj0FCnfZS$BJmUxzEXzs2WdfZ3JChw+bE1/ep/57SbxRhUKzI5YV8=",
            "last_login": "2024-12-30T02:31:00.641Z",
            "is_superuser": true,
            "username": "admin",
            "first_name": "",
            "last_name": "",
            "email": "admin@example.com",
            "is_staff": true,
            "is_active": true,
            "date_joined": "2024-10-05T03:25:07.198Z",
            "groups": [],
            "user_permissions": []
        }
    },
    {
        "model": "auth.user",
        "pk": 4,
        "fields": {
            "password": "pbkdf2_sha256$600000$9knaHaDI1jKCK56aRvC33y$vhl2xxZqdNXweP1XyAge87FaTd4ERZLi6RbqCjJdNTs=",
            "last_login": "2024-10-05T03:53:03.883Z",
            "is_superuser": false,
            "username": "fang",
            "first_name": "",
            "last_name": "",
            "email": "",
            "is_staff": true,
            "is_active": true,
            "date_joined": "2024-10-05T03:33:00Z",
            "groups": [],
            "user_permissions": [
                1,
                2,
                3,
                4,
                221,
                222,
                223,
                224,
                225,
                226,
                227,
                228,
                229,
                230,
                231,
                232,
                233,
                234,
                235,
                236,
                237,
                238,
                239,
                240,
                241,
                242,
                243,
                244,
                245,
                246,
                247,
                248,
                249,
                250,
                251,
                252,
                253,
                254,
                255,
                256,
                257,
                258,
                259,
                260,
                261,
                262,
                263,
                264,
                265,
                266,
                267,
                268,
                269,
                270,
                271,
                272,
                273,
                274,
                275,
                276,
                277,
                278,
                279,
                280,
                281,
                282,
                283,
                284,
                285,
                286,
                287,
                288,
                289,
                290,
                291,
                292,
                293,
                294,
                295,
                296,
                297,
                298,
                299,
                300,
                301,
                302,
                303,
                304,
                305,
                306,
                307,
                308,
                309,
                310,
                311,
                312,
                313,
                314,
                315,
                316,
                317,
                318,
                319,
                320,
                321,
                322,
                323,
                324,
                325,
                326,
                327,
                328,
                329,
                330,
                331,
                332,
                333,
                334,
                335,
                336,
                337,
                338,
                339,
                340,
                341,
                342,
                343,
                344,
                345,
                346,
                347,
                348,
                349,
                350,
                351,
                352,
                9,
                10,
                11,
                12,
                5,
                6,
                7,
                8,
                13,
                14,
                15,
                16,
                17,
                18,
                19,
                20,
                25,
                26,
                27,
                28,
                29,
                30,
                31,
                32,
                33,
                34,
                35,
                36,
                37,
                38,
                39,
                40,
                41,
                42,
                43,
                44,
                145,
                146,
                147,
                148,
                45,
                46,
                47,
                48,
                49,
                50,
                51,
                52,
                53,
                54,
                55,
                56,
                57,
                58,
                59,
                60,
                61,
                62,
                63,
                64,
                65,
                66,
                67,
                68,
                141,
                142,
                143,
                144,
                69,
                70,
                71,
                72,
                73,
                74,
                75,
                76,
                77,
                78,
                79,
                80,
                81,
                82,
                83,
                84,
                85,
                86,
                87,
                88,
                137,
                138,
                139,
                140,
                89,
                90,
                91,
                92,
                93,
                94,
                95,
                96,
                97,
                98,
                99,
                100,
                101,
                102,
                103,
                104,
                133,
                134,
                135,
                136,
                105,
                106,
                107,
                108,
                129,
                130,
                131,
                132,
                109,
                110,
                111,
                112,
                125,
                126,
                127,
                128,
                121,
                122,
                123,
                124,
                113,
                114,
                115,
                116,
                117,
                118,
                119,
                120,
                149,
                150,
                151,
                152,
                153,
                154,
                155,
                156,
                157,
                158,
                159,
                160,
                161,
                162,
                163,
                164,
                165,
                166,
                167,
                168,
                169,
                170,
                171,
                172,
                213,
                214,
                215,
                216,
                217,
                218,
                219,
                220,
                173,
                174,
                175,
                176,
                209,
                210,
                211,
                212,
                177,
                178,
                179,
                180,
                181,
                182,
                183,
                184,
                205,
                206,
                207,
                208,
                185,
                186,
                187,
                188,
                189,
                190,
                191,
                192,
                201,
                202,
                203,
                204,
                193,
                194,
                195,
                196,
                197,
                198,
                199,
                200,
                21,
                22,
                23,
                24
            ]
        }
    },
    {
        "model": "auth.user",
        "pk": 5,
        "fields": {
            "password": "pbkdf2_sha256$600000$3UoS7JgTea4FjHgEujtMxo$z9deL2+ALgwMxONdP9f+FLpZ3RcJqWO8+Szu9Pn8aeI=",
            "last_login": null,
            "is_superuser": false,
            "username": "jiang",
            "first_name": "",
            "last_name": "",
            "email": "",
            "is_staff": true,
            "is_active": true,
            "date_joined": "2024-10-05T03:33:00Z",
            "groups": [],
            "user_permissions": [
                1,
                2,
                3,
                4,
                221,
                222,
                223,
                224,
                225,
                226,
                227,
                228,
                229,
                230,
                231,
                232,
                233,
                234,
                235,
                236,
                237,
                238,
                239,
                240,
                241,
                242,
                243,
                244,
                245,
                246,
                247,
                248,
                249,
                250,
                251,
                252,
                253,
                254,
                255,
                256,
                257,
                258,
                259,
                260,
                261,
                262,
                263,
                264,
                265,
                266,
                267,
                268,
                269,
                270,
                271,
                272,
                273,
                274,
                275,
                276,
                277,
                278,
                279,
                280,
                281,
                282,
                283,
                284,
                285,
                286,
                287,
                288,
                289,
                290,
                291,
                292,
                293,
                294,
                295,
                296,
                297,
                298,
                299,
                300,
                301,
                302,
                303,
                304,
                305,
                306,
                307,
                308,
                309,
                310,
                311,
                312,
                313,
                314,
                315,
                316,
                317,
                318,
                319,
                320,
                321,
                322,
                323,
                324,
                325,
                326,
                327,
                328,
                329,
                330,
                331,
                332,
                333,
                334,
                335,
                336,
                337,
                338,
                339,
                340,
                341,
                342,
                343,
                344,
                345,
                346,
                347,
                348,
                349,
                350,
                351,
                352,
                9,
                10,
                11,
                12,
                5,
                6,
                7,
                8,
                13,
                14,
                15,
                16,
                17,
                18,
                19,
                20,
                25,
                26,
                27,
                28,
                29,
                30,
                31,
                32,
                33,
                34,
                35,
                36,
                37,
                38,
                39,
                40,
                41,
                42,
                43,
                44,
                145,
                146,
                147,
                148,
                45,
                46,
                47,
                48,
                49,
                50,
                51,
                52,
                53,
                54,
                55,
                56,
                57,
                58,
                59,
                60,
                61,
                62,
                63,
                64,
                65,
                66,
                67,
                68,
                141,
                142,
                143,
                144,
                69,
                70,
                71,
                72,
                73,
                74,
                75,
                76,
                77,
                78,
                79,
                80,
                81,
                82,
                83,
                84,
                85,
                86,
                87,
                88,
                137,
                138,
                139,
                140,
                89,
                90,
                91,
                92,
                93,
                94,
                95,
                96,
                97,
                98,
                99,
                100,
                101,
                102,
                103,
                104,
                133,
                134,
                135,
                136,
                105,
                106,
                107,
                108,
                129,
                130,
                131,
                132,
                109,
                110,
                111,
                112,
                125,
                126,
                127,
                128,
                121,
                122,
                123,
                124,
                113,
                114,
                115,
                116,
                117,
                118,
                119,
                120,
                149,
                150,
                151,
                152,
                153,
                154,
                155,
                156,
                157,
                158,
                159,
                160,
                161,
                162,
                163,
                164,
                165,
                166,
                167,
                168,
                169,
                170,
                171,
                172,
                213,
                214,
                215,
                216,
                217,
                218,
                219,
                220,
                173,
                174,
                175,
                176,
                209,
                210,
                211,
                212,
                177,
                178,
                179,
                180,
                181,
                182,
                183,
                184,
                205,
                206,
                207,
                208,
                185,
                186,
                187,
                188,
                189,
                190,
                191,
                192,
                201,
                202,
                203,
                204,
                193,
                194,
                195,
                196,
                197,
                198,
                199,
                200,
                21,
                22,
                23,
                24
            ]
        }
    },
    {
        "model": "auth.user",
        "pk": 6,
        "fields": {
            "password": "pbkdf2_sha256$600000$KQcSV7LuXJZQClUqK6YPvt$giQQCRjOTskJu96mKQrf4joQitwV0k9arsOVoaOZWow=",
            "last_login": null,
            "is_superuser": false,
            "username": "\u5f20\u4e09",
            "first_name": "",
            "last_name": "",
            "email": "",
            "is_staff": false,
            "is_active": true,
            "date_joined": "2024-10-05T06:12:10.848Z",
            "groups": [],
            "user_permissions": []
        }
    },
    {
        "model": "auth.user",
        "pk": 7,
        "fields": {
            "password": "pbkdf2_sha256$600000$bnd2U7PCFBIdiuhZNPSwmW$X/eyPS64Y8IYpOQ9eJ8NKOxriJMBJTnKl9P9YhcpXwc=",
            "last_login": null,
            "is_superuser": false,
            "username": "\u674e\u56db",
            "first_name": "",
            "last_name": "",
            "email": "",
            "is_staff": false,
            "is_active": true,
            "date_joined": "2024-10-05T06:12:27.368Z",
            "groups": [],
            "user_permissions": []
        }
    },
    {
        "model": "auth.user",
        "pk": 8,
        "fields": {
            "password": "pbkdf2_sha256$600000$xcjKdkANgfxGasqX0hmOlB$o2O8oxxYJjHDsN+IaWiK2DJR4W0z3nvTTnyHGwCN0nM=",
            "last_login": null,
            "is_superuser": false,
            "username": "\u738b\u4e94",
            "first_name": "",
            "last_name": "",
            "email": "",
            "is_staff": false,
            "is_active": true,
            "date_joined": "2024-10-05T06:12:38.694Z",
            "groups": [],
            "user_permissions": []
        }
    },
    {
        "model": "auth.user",
        "pk": 9,
        "fields": {
            "password": "pbkdf2_sha256$600000$J6HIktUdEfUmpfMuzpUD8Q$za5MTCid2ukFrVvLyYjHW7C+JAkqmZ0C5M3KEG4M7XQ=",
            "last_login": null,
            "is_superuser": false,
            "username": "\u8d75\u516d",
            "first_name": "",
            "last_name": "",
            "email": "",
            "is_staff": false,
            "is_active": true,
            "date_joined": "2024-10-05T06:12:52.696Z",
            "groups": [],
            "user_permissions": []
        }
    },
    {
        "model": "auth.user",
        "pk": 10,
        "fields": {
            "password": "pbkdf2_sha256$600000$WeMo2Y3XsJ78RBoTlloZpn$1+FganbYBkjw8cQZF0a41h2MtdazIhFrCMwr9wnuhxE=",
            "last_login": null,
            "is_superuser": false,
            "username": "\u94b1\u4e03",
            "first_name": "",
            "last_name": "",
            "email": "",
            "is_staff": false,
            "is_active": true,
            "date_joined": "2024-10-05T06:14:24.982Z",
            "groups": [],
            "user_permissions": []
        }
    },
    {
        "model": "auth.user",
        "pk": 11,
        "fields": {
            "password": "pbkdf2_sha256$600000$m0V6u46ibRyNF3NJXFFNCS$w4Sr6KqFWVH/1qwMZCH38VgZhaZAwK2Cc7e8cIE1Xts=",
            "last_login": null,
            "is_superuser": false,
            "username": "\u5b59\u516b",
            "first_name": "",
            "last_name": "",
            "email": "",
            "is_staff": false,
            "is_active": true,
            "date_joined": "2024-10-05T06:14:46.424Z",
            "groups": [],
            "user_permissions": []
        }
    },
    {
        "model": "auth.user",
        "pk": 12,
        "fields": {
            "password": "pbkdf2_sha256$600000$yGGBpn8J2imE78SuYFRp0u$dXlUFeLPAGQMecPe2275goa0ManEq2QCHUeYO97HGpk=",
            "last_login": null,
            "is_superuser": false,
            "username": "\u5468\u4e5d",
            "first_name": "",
            "last_name": "",
            "email": "",
            "is_staff": false,
            "is_active": true,
            "date_joined": "2024-10-05T06:14:00Z",
            "groups": [],
            "user_permissions": []
        }
    },
    {
        "model": "design.dataitem",
        "pk": 14,
        "fields": {
            "label": "\u540d\u79f0",
            "name": "name",
            "pym": "mc",
            "erpsys_id": "360cc6d4-2a2f-11ef-a3b6-0e586f6f8a1e",
            "field_type": "CharField",
            "business_type": null,
            "sub_class": null,
            "affiliated_to": null,
            "implement_type": "Field",
            "dependency_order": 0,
            "default_value": null,
            "is_multivalued": false,
            "max_length": 100,
            "max_digits": 10,
            "decimal_places": 2,
            "computed_logic": "",
            "init_content": null
        }
    },
    {
        "model": "design.dataitem",
        "pk": 15,
        "fields": {
            "label": "\u59d3\u540d",
            "name": "xing_ming",
            "pym": "xm",
            "erpsys_id": "3c736910-2a2f-11ef-a3b6-0e586f6f8a1e",
            "field_type": "CharField",
            "business_type": null,
            "sub_class": null,
            "affiliated_to": null,
            "implement_type": "Field",
            "dependency_order": 0,
            "default_value": null,
            "is_multivalued": false,
            "max_length": 100,
            "max_digits": 10,
            "decimal_places": 2,
            "computed_logic": "",
            "init_content": null
        }
    },
    {
        "model": "design.dataitem",
        "pk": 16,
        "fields": {
            "label": "\u4eba\u5458",
            "name": "Operator",
            "pym": "ry",
            "erpsys_id": "1e675d54-2a30-11ef-8c28-0e586f6f8a1e",
            "field_type": "Reserved",
            "business_type": 16,
            "sub_class": null,
            "affiliated_to": null,
            "implement_type": "KernelModel",
            "dependency_order": 0,
            "default_value": null,
            "is_multivalued": false,
            "max_length": 100,
            "max_digits": 10,
            "decimal_places": 2,
            "computed_logic": "",
            "init_content": null
        }
    },
    {
        "model": "design.dataitem",
        "pk": 18,
        "fields": {
            "label": "\u7269\u6599",
            "name": "Material",
            "pym": "wl",
            "erpsys_id": "6c35906e-2a30-11ef-8c28-0e586f6f8a1e",
            "field_type": "Reserved",
            "business_type": 93,
            "sub_class": null,
            "affiliated_to": null,
            "implement_type": "Model",
            "dependency_order": 10,
            "default_value": null,
            "is_multivalued": false,
            "max_length": 100,
            "max_digits": 10,
            "decimal_places": 2,
            "computed_logic": "",
            "init_content": "[{\"\u4e2d\u6587\u540d\u79f0\": \"100\u5355\u4f4d\u4fdd\u59a5\u9002\"}, {\"\u4e2d\u6587\u540d\u79f0\": \"50\u5355\u4f4d\u4fdd\u59a5\u9002\"}, {\"\u4e2d\u6587\u540d\u79f0\": \"\u55e8\u4f53\"}, {\"\u4e2d\u6587\u540d\u79f0\": \"\u4e54\u96c5\u767b\uff08\u6781\u81f4\uff09\"}, {\"\u4e2d\u6587\u540d\u79f0\": \"\u4e00\u6b21\u6027\u6ce8\u5c04\u5668\"}]"
        }
    },
    {
        "model": "design.dataitem",
        "pk": 19,
        "fields": {
            "label": "\u8bbe\u5907",
            "name": "Equipment",
            "pym": "sb",
            "erpsys_id": "793baa96-2a30-11ef-8c28-0e586f6f8a1e",
            "field_type": "Reserved",
            "business_type": 93,
            "sub_class": null,
            "affiliated_to": null,
            "implement_type": "Model",
            "dependency_order": 10,
            "default_value": null,
            "is_multivalued": false,
            "max_length": 100,
            "max_digits": 10,
            "decimal_places": 2,
            "computed_logic": "",
            "init_content": null
        }
    },
    {
        "model": "design.dataitem",
        "pk": 20,
        "fields": {
            "label": "\u5de5\u5177",
            "name": "Device",
            "pym": "gj",
            "erpsys_id": "88656aca-2a30-11ef-8c28-0e586f6f8a1e",
            "field_type": "Reserved",
            "business_type": 93,
            "sub_class": null,
            "affiliated_to": null,
            "implement_type": "Model",
            "dependency_order": 10,
            "default_value": null,
            "is_multivalued": false,
            "max_length": 100,
            "max_digits": 10,
            "decimal_places": 2,
            "computed_logic": "",
            "init_content": null
        }
    },
    {
        "model": "design.dataitem",
        "pk": 21,
        "fields": {
            "label": "\u8d44\u91d1",
            "name": "Capital",
            "pym": "zj",
            "erpsys_id": "9cc2ba4a-2a30-11ef-8c28-0e586f6f8a1e",
            "field_type": "Reserved",
            "business_type": 93,
            "sub_class": null,
            "affiliated_to": null,
            "implement_type": "Model",
            "dependency_order": 10,
            "default_value": null,
            "is_multivalued": false,
            "max_length": 100,
            "max_digits": 10,
            "decimal_places": 2,
            "computed_logic": "",
            "init_content": null
        }
    },
    {
        "model": "design.dataitem",
        "pk": 24,
        "fields": {
            "label": "\u670d\u52a1\u9879\u76ee",
            "name": "fu_wu_xiang_mu",
            "pym": "fwxm",
            "erpsys_id": "e66128a8-2a30-11ef-8c28-0e586f6f8a1e",
            "field_type": "TypeField",
            "business_type": 58,
            "sub_class": null,
            "affiliated_to": null,
            "implement_type": "Field",
            "dependency_order": 0,
            "default_value": null,
            "is_multivalued": false,
            "max_length": 100,
            "max_digits": 10,
            "decimal_places": 2,
            "computed_logic": "",
            "init_content": null
        }
    },
    {
        "model": "design.dataitem",
        "pk": 39,
        "fields": {
            "label": "\u89d2\u8272",
            "name": "Role",
            "pym": "gw",
            "erpsys_id": "c26877c0-2c6b-11ef-81c5-0e586f6f8a1e",
            "field_type": "Reserved",
            "business_type": 39,
            "sub_class": null,
            "affiliated_to": null,
            "implement_type": "KernelModel",
            "dependency_order": 0,
            "default_value": null,
            "is_multivalued": false,
            "max_length": 100,
            "max_digits": 10,
            "decimal_places": 2,
            "computed_logic": "",
            "init_content": "[{\"\u4e2d\u6587\u540d\u79f0\": \"\u533b\u751f\"}, {\"\u4e2d\u6587\u540d\u79f0\": \"\u62a4\u58eb\"}, {\"\u4e2d\u6587\u540d\u79f0\": \"\u5ba2\u670d\"}, {\"\u4e2d\u6587\u540d\u79f0\": \"\u7ba1\u7406\u5458\"}, {\"\u4e2d\u6587\u540d\u79f0\": \"\u5ba2\u6237\"}, {\"\u4e2d\u6587\u540d\u79f0\": \"System\"}]"
        }
    },
    {
        "model": "design.dataitem",
        "pk": 46,
        "fields": {
            "label": "\u670d\u52a1\u7c7b\u522b",
            "name": "fu_wu_lei_bie",
            "pym": "fwlb",
            "erpsys_id": "c26b0d6e-2c6b-11ef-81c5-0e586f6f8a1e",
            "field_type": "TypeField",
            "business_type": null,
            "sub_class": null,
            "affiliated_to": null,
            "implement_type": "Model",
            "dependency_order": 0,
            "default_value": null,
            "is_multivalued": false,
            "max_length": 100,
            "max_digits": 10,
            "decimal_places": 2,
            "computed_logic": "",
            "init_content": "[{\"\u4e2d\u6587\u540d\u79f0\": \"\u5149\u7535\u7c7b\"}, {\"\u4e2d\u6587\u540d\u79f0\": \"\u62a4\u80a4\u54c1\"}, {\"\u4e2d\u6587\u540d\u79f0\": \"\u5316\u5b66\u7115\u80a4\"}, {\"\u4e2d\u6587\u540d\u79f0\": \"\u624b\u672f\u7c7b\"}, {\"\u4e2d\u6587\u540d\u79f0\": \"\u4eea\u5668\u7c7b\"}, {\"\u4e2d\u6587\u540d\u79f0\": \"\u6ce8\u5c04\u586b\u5145\u7c7b\"}]"
        }
    },
    {
        "model": "design.dataitem",
        "pk": 48,
        "fields": {
            "label": "\u5165\u51fa\u5e93\u64cd\u4f5c",
            "name": "ru_chu_ku_cao_zuo",
            "pym": "rckcz",
            "erpsys_id": "1a262aca-2c6c-11ef-a7db-0e586f6f8a1e",
            "field_type": "TypeField",
            "business_type": null,
            "sub_class": null,
            "affiliated_to": null,
            "implement_type": "Model",
            "dependency_order": 0,
            "default_value": null,
            "is_multivalued": false,
            "max_length": 100,
            "max_digits": 10,
            "decimal_places": 2,
            "computed_logic": "",
            "init_content": "[{\"\u4e2d\u6587\u540d\u79f0\": \"\u5165\u5e93\"}, {\"\u4e2d\u6587\u540d\u79f0\": \"\u51fa\u5e93\"}]"
        }
    },
    {
        "model": "design.dataitem",
        "pk": 49,
        "fields": {
            "label": "\u6570\u91cf",
            "name": "shu_liang",
            "pym": "sl",
            "erpsys_id": "2442df12-2c6c-11ef-a7db-0e586f6f8a1e",
            "field_type": "IntegerField",
            "business_type": null,
            "sub_class": null,
            "affiliated_to": null,
            "implement_type": "Field",
            "dependency_order": 0,
            "default_value": null,
            "is_multivalued": false,
            "max_length": 100,
            "max_digits": 10,
            "decimal_places": 2,
            "computed_logic": "",
            "init_content": null
        }
    },
    {
        "model": "design.dataitem",
        "pk": 51,
        "fields": {
            "label": "\u7cfb\u7edf\u7528\u6237",
            "name": "xi_tong_yong_hu",
            "pym": "xtyh",
            "erpsys_id": "dedac8a6-2eee-11ef-9033-0e586f6f8a1e",
            "field_type": "User",
            "business_type": null,
            "sub_class": null,
            "affiliated_to": null,
            "implement_type": "Field",
            "dependency_order": 0,
            "default_value": null,
            "is_multivalued": false,
            "max_length": 100,
            "max_digits": 10,
            "decimal_places": 2,
            "computed_logic": "",
            "init_content": null
        }
    },
    {
        "model": "design.dataitem",
        "pk": 52,
        "fields": {
            "label": "\u75c5\u5386\u53f7",
            "name": "bing_li_hao",
            "pym": "blh",
            "erpsys_id": "6ae389e6-2eef-11ef-9033-0e586f6f8a1e",
            "field_type": "CharField",
            "business_type": null,
            "sub_class": null,
            "affiliated_to": null,
            "implement_type": "Field",
            "dependency_order": 0,
            "default_value": null,
            "is_multivalued": false,
            "max_length": 100,
            "max_digits": 10,
            "decimal_places": 2,
            "computed_logic": "",
            "init_content": null
        }
    },
    {
        "model": "design.dataitem",
        "pk": 53,
        "fields": {
            "label": "\u5165\u51fa\u5e93\u65f6\u95f4",
            "name": "ri_qi",
            "pym": "rq",
            "erpsys_id": "969da256-374b-11ef-8cb0-0e586f6f8a1e",
            "field_type": "DateTimeField",
            "business_type": null,
            "sub_class": null,
            "affiliated_to": null,
            "implement_type": "Field",
            "dependency_order": 0,
            "default_value": "ref(\u7cfb\u7edf\u65f6\u95f4)",
            "is_multivalued": false,
            "max_length": 100,
            "max_digits": 10,
            "decimal_places": 2,
            "computed_logic": "",
            "init_content": null
        }
    },
    {
        "model": "design.dataitem",
        "pk": 54,
        "fields": {
            "label": "\u9886\u7528\u4eba",
            "name": "ling_yong_ren",
            "pym": "lyr",
            "erpsys_id": "c07afc04-374b-11ef-8cb0-0e586f6f8a1e",
            "field_type": "TypeField",
            "business_type": 16,
            "sub_class": "role__label__in=['\u533b\u751f','\u62a4\u58eb','\u5ba2\u670d']",
            "affiliated_to": null,
            "implement_type": "Field",
            "dependency_order": 0,
            "default_value": null,
            "is_multivalued": false,
            "max_length": 100,
            "max_digits": 10,
            "decimal_places": 2,
            "computed_logic": "",
            "init_content": null
        }
    },
    {
        "model": "design.dataitem",
        "pk": 55,
        "fields": {
            "label": "\u4f7f\u7528\u4eba",
            "name": "shi_yong_ren",
            "pym": "syr",
            "erpsys_id": "3904dbe0-374c-11ef-8bb9-0e586f6f8a1e",
            "field_type": "TypeField",
            "business_type": 16,
            "sub_class": "role__label='\u5ba2\u6237'",
            "affiliated_to": null,
            "implement_type": "Field",
            "dependency_order": 0,
            "default_value": null,
            "is_multivalued": true,
            "max_length": 100,
            "max_digits": 10,
            "decimal_places": 2,
            "computed_logic": "",
            "init_content": null
        }
    },
    {
        "model": "design.dataitem",
        "pk": 56,
        "fields": {
            "label": "\u6709\u6548\u671f",
            "name": "you_xiao_qi",
            "pym": "yxq",
            "erpsys_id": "ad9b842c-374c-11ef-9964-0e586f6f8a1e",
            "field_type": "DateField",
            "business_type": null,
            "sub_class": null,
            "affiliated_to": null,
            "implement_type": "Field",
            "dependency_order": 0,
            "default_value": null,
            "is_multivalued": false,
            "max_length": 100,
            "max_digits": 10,
            "decimal_places": 2,
            "computed_logic": "",
            "init_content": null
        }
    },
    {
        "model": "design.dataitem",
        "pk": 57,
        "fields": {
            "label": "\u7269\u6599\u53f0\u8d26",
            "name": "wu_liao_tai_zhang",
            "pym": "wltz",
            "erpsys_id": "1a27c720-3844-11ef-80e6-0e586f6f8a1e",
            "field_type": "TypeField",
            "business_type": null,
            "sub_class": null,
            "affiliated_to": 18,
            "implement_type": "Model",
            "dependency_order": 20,
            "default_value": null,
            "is_multivalued": false,
            "max_length": 100,
            "max_digits": 10,
            "decimal_places": 2,
            "computed_logic": "",
            "init_content": null
        }
    },
    {
        "model": "design.dataitem",
        "pk": 58,
        "fields": {
            "label": "\u670d\u52a1",
            "name": "Service",
            "pym": "fw",
            "erpsys_id": "f37f2712-38e8-11ef-97ad-0e586f6f8a1e",
            "field_type": "Reserved",
            "business_type": 58,
            "sub_class": null,
            "affiliated_to": null,
            "implement_type": "KernelModel",
            "dependency_order": 0,
            "default_value": null,
            "is_multivalued": false,
            "max_length": 100,
            "max_digits": 10,
            "decimal_places": 2,
            "computed_logic": "",
            "init_content": null
        }
    },
    {
        "model": "design.dataitem",
        "pk": 59,
        "fields": {
            "label": "\u4e2d\u6587\u540d\u79f0",
            "name": "label",
            "pym": null,
            "erpsys_id": "4a73d3fa-391c-11ef-b673-0e586f6f8a1e",
            "field_type": "CharField",
            "business_type": null,
            "sub_class": null,
            "affiliated_to": null,
            "implement_type": "Field",
            "dependency_order": 0,
            "default_value": null,
            "is_multivalued": false,
            "max_length": 100,
            "max_digits": 10,
            "decimal_places": 2,
            "computed_logic": "",
            "init_content": null
        }
    },
    {
        "model": "design.dataitem",
        "pk": 60,
        "fields": {
            "label": "\u62fc\u97f3\u7801",
            "name": "pym",
            "pym": null,
            "erpsys_id": "5920492e-391c-11ef-b673-0e586f6f8a1e",
            "field_type": "CharField",
            "business_type": null,
            "sub_class": null,
            "affiliated_to": null,
            "implement_type": "Field",
            "dependency_order": 0,
            "default_value": null,
            "is_multivalued": false,
            "max_length": 100,
            "max_digits": 10,
            "decimal_places": 2,
            "computed_logic": "",
            "init_content": null
        }
    },
    {
        "model": "design.dataitem",
        "pk": 62,
        "fields": {
            "label": "\u64cd\u4f5c\u5458",
            "name": "cao_zuo_yuan",
            "pym": "czy",
            "erpsys_id": "f9f40dd6-3ac0-11ef-8ca9-0e586f6f8a1e",
            "field_type": "TypeField",
            "business_type": 16,
            "sub_class": "role__label__in=['\u533b\u751f','\u62a4\u58eb','\u5ba2\u670d','\u7ba1\u7406\u5458','System']",
            "affiliated_to": null,
            "implement_type": "Field",
            "dependency_order": 0,
            "default_value": null,
            "is_multivalued": false,
            "max_length": 100,
            "max_digits": 10,
            "decimal_places": 2,
            "computed_logic": "",
            "init_content": null
        }
    },
    {
        "model": "design.dataitem",
        "pk": 63,
        "fields": {
            "label": "\u77e5\u8bc6",
            "name": "Knowledge",
            "pym": "zs",
            "erpsys_id": "27d39a66-3b69-11ef-a6ee-0e586f6f8a1e",
            "field_type": "Reserved",
            "business_type": 93,
            "sub_class": null,
            "affiliated_to": null,
            "implement_type": "Model",
            "dependency_order": 10,
            "default_value": null,
            "is_multivalued": false,
            "max_length": 100,
            "max_digits": 10,
            "decimal_places": 2,
            "computed_logic": "",
            "init_content": null
        }
    },
    {
        "model": "design.dataitem",
        "pk": 65,
        "fields": {
            "label": "\u77e5\u8bc6\u6587\u672c",
            "name": "zhi_shi_wen_ben",
            "pym": "zswb",
            "erpsys_id": "58f8f38e-3b69-11ef-a6ee-0e586f6f8a1e",
            "field_type": "TextField",
            "business_type": null,
            "sub_class": null,
            "affiliated_to": null,
            "implement_type": "Field",
            "dependency_order": 0,
            "default_value": null,
            "is_multivalued": false,
            "max_length": 100,
            "max_digits": 10,
            "decimal_places": 2,
            "computed_logic": "",
            "init_content": null
        }
    },
    {
        "model": "design.dataitem",
        "pk": 66,
        "fields": {
            "label": "\u77e5\u8bc6\u6587\u4ef6",
            "name": "zhi_shi_wen_jian",
            "pym": "zswj",
            "erpsys_id": "6f30c140-3b69-11ef-a6ee-0e586f6f8a1e",
            "field_type": "FileField",
            "business_type": null,
            "sub_class": null,
            "affiliated_to": null,
            "implement_type": "Field",
            "dependency_order": 0,
            "default_value": null,
            "is_multivalued": false,
            "max_length": 100,
            "max_digits": 10,
            "decimal_places": 2,
            "computed_logic": "",
            "init_content": null
        }
    },
    {
        "model": "design.dataitem",
        "pk": 67,
        "fields": {
            "label": "\u4e8b\u4ef6",
            "name": "Event",
            "pym": "sj",
            "erpsys_id": "d9467f38-3b6f-11ef-bf7d-0e586f6f8a1e",
            "field_type": "Reserved",
            "business_type": 67,
            "sub_class": null,
            "affiliated_to": null,
            "implement_type": "KernelModel",
            "dependency_order": 0,
            "default_value": null,
            "is_multivalued": false,
            "max_length": 100,
            "max_digits": 10,
            "decimal_places": 2,
            "computed_logic": "",
            "init_content": null
        }
    },
    {
        "model": "design.dataitem",
        "pk": 68,
        "fields": {
            "label": "\u671f\u521d",
            "name": "qi_chu",
            "pym": "qc",
            "erpsys_id": "3dde70e6-3b92-11ef-a188-0e586f6f8a1e",
            "field_type": "IntegerField",
            "business_type": null,
            "sub_class": null,
            "affiliated_to": null,
            "implement_type": "Field",
            "dependency_order": 0,
            "default_value": null,
            "is_multivalued": false,
            "max_length": 100,
            "max_digits": 10,
            "decimal_places": 2,
            "computed_logic": "",
            "init_content": null
        }
    },
    {
        "model": "design.dataitem",
        "pk": 69,
        "fields": {
            "label": "\u671f\u672b",
            "name": "qi_mo",
            "pym": "qm",
            "erpsys_id": "5e1494b2-3b92-11ef-a188-0e586f6f8a1e",
            "field_type": "IntegerField",
            "business_type": null,
            "sub_class": null,
            "affiliated_to": null,
            "implement_type": "Field",
            "dependency_order": 0,
            "default_value": null,
            "is_multivalued": false,
            "max_length": 100,
            "max_digits": 10,
            "decimal_places": 2,
            "computed_logic": "",
            "init_content": null
        }
    },
    {
        "model": "design.dataitem",
        "pk": 70,
        "fields": {
            "label": "\u4f5c\u4e1a\u9879\u76ee",
            "name": "zuo_ye_xiang_mu",
            "pym": "zyxm",
            "erpsys_id": "1a830c04-3b94-11ef-8912-0e586f6f8a1e",
            "field_type": "TypeField",
            "business_type": 58,
            "sub_class": null,
            "affiliated_to": null,
            "implement_type": "Field",
            "dependency_order": 0,
            "default_value": null,
            "is_multivalued": false,
            "max_length": 100,
            "max_digits": 10,
            "decimal_places": 2,
            "computed_logic": "",
            "init_content": null
        }
    },
    {
        "model": "design.dataitem",
        "pk": 72,
        "fields": {
            "label": "\u89c4\u683c",
            "name": "gui_ge",
            "pym": "gg",
            "erpsys_id": "d703481a-3b96-11ef-8779-0e586f6f8a1e",
            "field_type": "CharField",
            "business_type": null,
            "sub_class": null,
            "affiliated_to": null,
            "implement_type": "Field",
            "dependency_order": 0,
            "default_value": null,
            "is_multivalued": false,
            "max_length": 100,
            "max_digits": 10,
            "decimal_places": 2,
            "computed_logic": "",
            "init_content": null
        }
    },
    {
        "model": "design.dataitem",
        "pk": 73,
        "fields": {
            "label": "\u4ef7\u683c",
            "name": "jia_ge",
            "pym": "jg",
            "erpsys_id": "e6c8345e-3b96-11ef-8779-0e586f6f8a1e",
            "field_type": "DecimalField",
            "business_type": null,
            "sub_class": null,
            "affiliated_to": null,
            "implement_type": "Field",
            "dependency_order": 0,
            "default_value": null,
            "is_multivalued": false,
            "max_length": 100,
            "max_digits": 10,
            "decimal_places": 2,
            "computed_logic": "",
            "init_content": null
        }
    },
    {
        "model": "design.dataitem",
        "pk": 74,
        "fields": {
            "label": "\u6700\u5c0f\u5e93\u5b58",
            "name": "zui_xiao_ku_cun",
            "pym": "zxkc",
            "erpsys_id": "f6e6c3fa-3b96-11ef-8779-0e586f6f8a1e",
            "field_type": "IntegerField",
            "business_type": null,
            "sub_class": null,
            "affiliated_to": null,
            "implement_type": "Field",
            "dependency_order": 0,
            "default_value": null,
            "is_multivalued": false,
            "max_length": 100,
            "max_digits": 10,
            "decimal_places": 2,
            "computed_logic": "",
            "init_content": null
        }
    },
    {
        "model": "design.dataitem",
        "pk": 75,
        "fields": {
            "label": "\u5e74\u9f84",
            "name": "nian_ling",
            "pym": "nl",
            "erpsys_id": "51424c48-3b97-11ef-aa58-0e586f6f8a1e",
            "field_type": "IntegerField",
            "business_type": null,
            "sub_class": null,
            "affiliated_to": null,
            "implement_type": "Field",
            "dependency_order": 0,
            "default_value": null,
            "is_multivalued": false,
            "max_length": 100,
            "max_digits": 10,
            "decimal_places": 2,
            "computed_logic": "",
            "init_content": null
        }
    },
    {
        "model": "design.dataitem",
        "pk": 76,
        "fields": {
            "label": "\u6027\u522b",
            "name": "xing_bie",
            "pym": "xb",
            "erpsys_id": "5a81d1d4-3b97-11ef-aa58-0e586f6f8a1e",
            "field_type": "CharField",
            "business_type": null,
            "sub_class": null,
            "affiliated_to": null,
            "implement_type": "Field",
            "dependency_order": 0,
            "default_value": null,
            "is_multivalued": false,
            "max_length": 100,
            "max_digits": 10,
            "decimal_places": 2,
            "computed_logic": "",
            "init_content": null
        }
    },
    {
        "model": "design.dataitem",
        "pk": 77,
        "fields": {
            "label": "\u521d\u8bca\u65e5\u671f",
            "name": "chu_zhen_ri_qi",
            "pym": "czrq",
            "erpsys_id": "b95b8560-3b97-11ef-aa58-0e586f6f8a1e",
            "field_type": "DateField",
            "business_type": null,
            "sub_class": null,
            "affiliated_to": null,
            "implement_type": "Field",
            "dependency_order": 0,
            "default_value": null,
            "is_multivalued": false,
            "max_length": 100,
            "max_digits": 10,
            "decimal_places": 2,
            "computed_logic": "",
            "init_content": null
        }
    },
    {
        "model": "design.dataitem",
        "pk": 78,
        "fields": {
            "label": "\u7535\u8bdd",
            "name": "dian_hua",
            "pym": "dh",
            "erpsys_id": "c4953e58-3c0a-11ef-9c58-0e586f6f8a1e",
            "field_type": "CharField",
            "business_type": null,
            "sub_class": null,
            "affiliated_to": null,
            "implement_type": "Field",
            "dependency_order": 0,
            "default_value": null,
            "is_multivalued": false,
            "max_length": 100,
            "max_digits": 10,
            "decimal_places": 2,
            "computed_logic": "",
            "init_content": null
        }
    },
    {
        "model": "design.dataitem",
        "pk": 79,
        "fields": {
            "label": "\u9884\u7ea6\u8bb0\u5f55",
            "name": "yu_yue_ji_lu",
            "pym": "yyjl",
            "erpsys_id": "fb689c22-3c0a-11ef-9c58-0e586f6f8a1e",
            "field_type": "TypeField",
            "business_type": null,
            "sub_class": null,
            "affiliated_to": 105,
            "implement_type": "Model",
            "dependency_order": 20,
            "default_value": null,
            "is_multivalued": false,
            "max_length": 100,
            "max_digits": 10,
            "decimal_places": 2,
            "computed_logic": "",
            "init_content": null
        }
    },
    {
        "model": "design.dataitem",
        "pk": 80,
        "fields": {
            "label": "\u8ba1\u5212\u65f6\u95f4",
            "name": "scheduled_time",
            "pym": "jhsj",
            "erpsys_id": "52649986-3c0b-11ef-9c58-0e586f6f8a1e",
            "field_type": "Reserved",
            "business_type": 80,
            "sub_class": null,
            "affiliated_to": null,
            "implement_type": "Field",
            "dependency_order": 0,
            "default_value": null,
            "is_multivalued": false,
            "max_length": 100,
            "max_digits": 10,
            "decimal_places": 2,
            "computed_logic": "",
            "init_content": null
        }
    },
    {
        "model": "design.dataitem",
        "pk": 81,
        "fields": {
            "label": "\u9884\u7ea6\u65f6\u95f4",
            "name": "yu_yue_shi_jian",
            "pym": "yysj",
            "erpsys_id": "cfb6bf76-3c0c-11ef-a3d8-0e586f6f8a1e",
            "field_type": "DateTimeField",
            "business_type": 80,
            "sub_class": null,
            "affiliated_to": null,
            "implement_type": "Field",
            "dependency_order": 0,
            "default_value": null,
            "is_multivalued": false,
            "max_length": 100,
            "max_digits": 10,
            "decimal_places": 2,
            "computed_logic": "",
            "init_content": null
        }
    },
    {
        "model": "design.dataitem",
        "pk": 82,
        "fields": {
            "label": "\u5e38\u9a7b\u5730",
            "name": "chang_zhu_di",
            "pym": "czd",
            "erpsys_id": "fcec633e-3c10-11ef-9bc5-0e586f6f8a1e",
            "field_type": "CharField",
            "business_type": null,
            "sub_class": null,
            "affiliated_to": null,
            "implement_type": "Field",
            "dependency_order": 0,
            "default_value": null,
            "is_multivalued": false,
            "max_length": 100,
            "max_digits": 10,
            "decimal_places": 2,
            "computed_logic": "",
            "init_content": null
        }
    },
    {
        "model": "design.dataitem",
        "pk": 83,
        "fields": {
            "label": "\u804c\u4e1a",
            "name": "zhi_ye",
            "pym": "zy",
            "erpsys_id": "1b52f242-3c12-11ef-adf0-0e586f6f8a1e",
            "field_type": "CharField",
            "business_type": null,
            "sub_class": null,
            "affiliated_to": null,
            "implement_type": "Field",
            "dependency_order": 0,
            "default_value": null,
            "is_multivalued": false,
            "max_length": 100,
            "max_digits": 10,
            "decimal_places": 2,
            "computed_logic": "",
            "init_content": null
        }
    },
    {
        "model": "design.dataitem",
        "pk": 84,
        "fields": {
            "label": "\u9996\u8bca",
            "name": "shou_zhen",
            "pym": "sz",
            "erpsys_id": "d8a58526-3c12-11ef-9c3f-0e586f6f8a1e",
            "field_type": "BooleanField",
            "business_type": null,
            "sub_class": null,
            "affiliated_to": null,
            "implement_type": "Field",
            "dependency_order": 0,
            "default_value": null,
            "is_multivalued": false,
            "max_length": 100,
            "max_digits": 10,
            "decimal_places": 2,
            "computed_logic": "",
            "init_content": null
        }
    },
    {
        "model": "design.dataitem",
        "pk": 85,
        "fields": {
            "label": "\u5ba2\u6237\u6765\u6e90",
            "name": "ke_hu_lai_yuan",
            "pym": "khly",
            "erpsys_id": "da28f1ca-3c13-11ef-ba98-0e586f6f8a1e",
            "field_type": "TypeField",
            "business_type": null,
            "sub_class": null,
            "affiliated_to": null,
            "implement_type": "Model",
            "dependency_order": 0,
            "default_value": null,
            "is_multivalued": false,
            "max_length": 100,
            "max_digits": 10,
            "decimal_places": 2,
            "computed_logic": "",
            "init_content": "[{\"\u4e2d\u6587\u540d\u79f0\": \"\u5c0f\u7ea2\u4e66\"}, {\"\u4e2d\u6587\u540d\u79f0\": \"\u5fae\u535a\"}, {\"\u4e2d\u6587\u540d\u79f0\": \"\u533b\u751f\u4ecb\u7ecd\"}, {\"\u4e2d\u6587\u540d\u79f0\": \"\u5ba2\u6237\u4ecb\u7ecd\"}, {\"\u4e2d\u6587\u540d\u79f0\": \"\u5176\u5b83\"}]"
        }
    },
    {
        "model": "design.dataitem",
        "pk": 87,
        "fields": {
            "label": "\u6765\u6e90\u8bf4\u660e",
            "name": "lai_yuan_shuo_ming",
            "pym": "lysm",
            "erpsys_id": "61f89178-3c14-11ef-ba98-0e586f6f8a1e",
            "field_type": "CharField",
            "business_type": null,
            "sub_class": null,
            "affiliated_to": null,
            "implement_type": "Field",
            "dependency_order": 0,
            "default_value": null,
            "is_multivalued": false,
            "max_length": 100,
            "max_digits": 10,
            "decimal_places": 2,
            "computed_logic": "",
            "init_content": null
        }
    },
    {
        "model": "design.dataitem",
        "pk": 89,
        "fields": {
            "label": "\u5907\u6ce8",
            "name": "bei_zhu",
            "pym": "bz",
            "erpsys_id": "fefc8812-3c37-11ef-8d55-0e586f6f8a1e",
            "field_type": "TextField",
            "business_type": null,
            "sub_class": null,
            "affiliated_to": null,
            "implement_type": "Field",
            "dependency_order": 0,
            "default_value": null,
            "is_multivalued": false,
            "max_length": 100,
            "max_digits": 10,
            "decimal_places": 2,
            "computed_logic": "",
            "init_content": null
        }
    },
    {
        "model": "design.dataitem",
        "pk": 90,
        "fields": {
            "label": "\u4f5c\u4e1a\u65f6\u95f4",
            "name": "zuo_ye_shi_jian",
            "pym": "zysj",
            "erpsys_id": "b1dc79bc-3c3b-11ef-9d80-0e586f6f8a1e",
            "field_type": "DateTimeField",
            "business_type": 91,
            "sub_class": null,
            "affiliated_to": null,
            "implement_type": "Field",
            "dependency_order": 0,
            "default_value": "ref(\u7cfb\u7edf\u65f6\u95f4)",
            "is_multivalued": false,
            "max_length": 100,
            "max_digits": 10,
            "decimal_places": 2,
            "computed_logic": "",
            "init_content": null
        }
    },
    {
        "model": "design.dataitem",
        "pk": 91,
        "fields": {
            "label": "\u521b\u5efa\u65f6\u95f4",
            "name": "created_time",
            "pym": "cjsj",
            "erpsys_id": "680fce14-3c3c-11ef-9d80-0e586f6f8a1e",
            "field_type": "Reserved",
            "business_type": 91,
            "sub_class": null,
            "affiliated_to": null,
            "implement_type": "Field",
            "dependency_order": 0,
            "default_value": null,
            "is_multivalued": false,
            "max_length": 100,
            "max_digits": 10,
            "decimal_places": 2,
            "computed_logic": "",
            "init_content": null
        }
    },
    {
        "model": "design.dataitem",
        "pk": 92,
        "fields": {
            "label": "\u4e2a\u4eba\u8d44\u6599",
            "name": "Profile",
            "pym": "grzl",
            "erpsys_id": "ee7880c6-3c4c-11ef-b00e-0e586f6f8a1e",
            "field_type": "Reserved",
            "business_type": 16,
            "sub_class": null,
            "affiliated_to": 16,
            "implement_type": "Model",
            "dependency_order": 10,
            "default_value": null,
            "is_multivalued": false,
            "max_length": 100,
            "max_digits": 10,
            "decimal_places": 2,
            "computed_logic": "",
            "init_content": null
        }
    },
    {
        "model": "design.dataitem",
        "pk": 93,
        "fields": {
            "label": "\u8d44\u6e90",
            "name": "Resource",
            "pym": "zy",
            "erpsys_id": "181d5dae-3cd7-11ef-9b00-0e586f6f8a1e",
            "field_type": "Reserved",
            "business_type": 93,
            "sub_class": null,
            "affiliated_to": null,
            "implement_type": "KernelModel",
            "dependency_order": 0,
            "default_value": null,
            "is_multivalued": false,
            "max_length": 100,
            "max_digits": 10,
            "decimal_places": 2,
            "computed_logic": "",
            "init_content": null
        }
    },
    {
        "model": "design.dataitem",
        "pk": 94,
        "fields": {
            "label": "\u786e\u8ba4\u9884\u7ea6",
            "name": "que_ren_yu_yue",
            "pym": "qryy",
            "erpsys_id": "91880de8-3cf9-11ef-8490-0e586f6f8a1e",
            "field_type": "BooleanField",
            "business_type": null,
            "sub_class": null,
            "affiliated_to": null,
            "implement_type": "Field",
            "dependency_order": 0,
            "default_value": "True",
            "is_multivalued": false,
            "max_length": 100,
            "max_digits": 10,
            "decimal_places": 2,
            "computed_logic": "",
            "init_content": null
        }
    },
    {
        "model": "design.dataitem",
        "pk": 95,
        "fields": {
            "label": "\u5ba2\u6237\u5df2\u5230\u5e97",
            "name": "ke_hu_yi_dao_dian",
            "pym": "khydd",
            "erpsys_id": "ad100b24-3cf9-11ef-8490-0e586f6f8a1e",
            "field_type": "BooleanField",
            "business_type": null,
            "sub_class": null,
            "affiliated_to": null,
            "implement_type": "Field",
            "dependency_order": 0,
            "default_value": "False",
            "is_multivalued": false,
            "max_length": 100,
            "max_digits": 10,
            "decimal_places": 2,
            "computed_logic": "",
            "init_content": null
        }
    },
    {
        "model": "design.dataitem",
        "pk": 96,
        "fields": {
            "label": "\u9884\u7ea6\u533b\u751f",
            "name": "yu_yue_yi_sheng",
            "pym": "yyys",
            "erpsys_id": "908a69e0-3d0d-11ef-ba75-0e586f6f8a1e",
            "field_type": "TypeField",
            "business_type": 16,
            "sub_class": "role__label='\u533b\u751f'",
            "affiliated_to": null,
            "implement_type": "Field",
            "dependency_order": 0,
            "default_value": null,
            "is_multivalued": false,
            "max_length": 100,
            "max_digits": 10,
            "decimal_places": 2,
            "computed_logic": "",
            "init_content": null
        }
    },
    {
        "model": "design.dataitem",
        "pk": 97,
        "fields": {
            "label": "\u51fa\u751f\u65e5\u671f",
            "name": "chu_sheng_ri_qi",
            "pym": "csrq",
            "erpsys_id": "7a677936-3d0e-11ef-a4a3-0e586f6f8a1e",
            "field_type": "DateField",
            "business_type": null,
            "sub_class": null,
            "affiliated_to": null,
            "implement_type": "Field",
            "dependency_order": 0,
            "default_value": null,
            "is_multivalued": false,
            "max_length": 100,
            "max_digits": 10,
            "decimal_places": 2,
            "computed_logic": "",
            "init_content": null
        }
    },
    {
        "model": "design.dataitem",
        "pk": 98,
        "fields": {
            "label": "\u5a5a\u5426",
            "name": "hun_fou",
            "pym": "hf",
            "erpsys_id": "afff3c50-3d0e-11ef-a4a3-0e586f6f8a1e",
            "field_type": "TypeField",
            "business_type": null,
            "sub_class": null,
            "affiliated_to": null,
            "implement_type": "Model",
            "dependency_order": 0,
            "default_value": null,
            "is_multivalued": false,
            "max_length": 100,
            "max_digits": 10,
            "decimal_places": 2,
            "computed_logic": "\"[{\\\"\u4e2d\u6587\u540d\u79f0\\\": \\\"\u5df2\u5a5a\\\"}, {\\\"\u4e2d\u6587\u540d\u79f0\\\": \\\"\u672a\u5a5a\\\"}]\"",
            "init_content": null
        }
    },
    {
        "model": "design.dataitem",
        "pk": 99,
        "fields": {
            "label": "\u5065\u5eb7\u8c03\u67e5\u8bb0\u5f55",
            "name": "jian_kang_diao_cha_ji_lu",
            "pym": "jkdcjl",
            "erpsys_id": "0c20c364-3d0f-11ef-a4a3-0e586f6f8a1e",
            "field_type": "TypeField",
            "business_type": null,
            "sub_class": null,
            "affiliated_to": 105,
            "implement_type": "Model",
            "dependency_order": 20,
            "default_value": null,
            "is_multivalued": false,
            "max_length": 100,
            "max_digits": 10,
            "decimal_places": 2,
            "computed_logic": "",
            "init_content": null
        }
    },
    {
        "model": "design.dataitem",
        "pk": 100,
        "fields": {
            "label": "\u4e13\u79d1\u8bc4\u4f30\u8bb0\u5f55",
            "name": "zhuan_ke_ping_gu_ji_lu",
            "pym": "zkpgjl",
            "erpsys_id": "7b5cf414-3d0f-11ef-a4a3-0e586f6f8a1e",
            "field_type": "TypeField",
            "business_type": null,
            "sub_class": null,
            "affiliated_to": 105,
            "implement_type": "Model",
            "dependency_order": 20,
            "default_value": null,
            "is_multivalued": false,
            "max_length": 100,
            "max_digits": 10,
            "decimal_places": 2,
            "computed_logic": "",
            "init_content": null
        }
    },
    {
        "model": "design.dataitem",
        "pk": 101,
        "fields": {
            "label": "\u8bca\u65ad\u53ca\u5904\u7406\u610f\u89c1\u8bb0\u5f55",
            "name": "zhen_duan_ji_chu_li_yi_jian_ji_lu",
            "pym": "zdjclyjjl",
            "erpsys_id": "c1819c92-3d0f-11ef-a4a3-0e586f6f8a1e",
            "field_type": "TypeField",
            "business_type": null,
            "sub_class": null,
            "affiliated_to": 105,
            "implement_type": "Model",
            "dependency_order": 20,
            "default_value": null,
            "is_multivalued": false,
            "max_length": 100,
            "max_digits": 10,
            "decimal_places": 2,
            "computed_logic": "",
            "init_content": null
        }
    },
    {
        "model": "design.dataitem",
        "pk": 102,
        "fields": {
            "label": "\u75c7\u72b6",
            "name": "zheng_zhuang",
            "pym": "zz",
            "erpsys_id": "e7fd7e7c-3d0f-11ef-a4a3-0e586f6f8a1e",
            "field_type": "TypeField",
            "business_type": null,
            "sub_class": null,
            "affiliated_to": null,
            "implement_type": "Model",
            "dependency_order": 0,
            "default_value": null,
            "is_multivalued": true,
            "max_length": 100,
            "max_digits": 10,
            "decimal_places": 2,
            "computed_logic": "",
            "init_content": null
        }
    },
    {
        "model": "design.dataitem",
        "pk": 103,
        "fields": {
            "label": "\u8bca\u65ad",
            "name": "zhen_duan",
            "pym": "zd",
            "erpsys_id": "f646c560-3d0f-11ef-a4a3-0e586f6f8a1e",
            "field_type": "TypeField",
            "business_type": null,
            "sub_class": null,
            "affiliated_to": null,
            "implement_type": "Model",
            "dependency_order": 0,
            "default_value": null,
            "is_multivalued": true,
            "max_length": 100,
            "max_digits": 10,
            "decimal_places": 2,
            "computed_logic": "",
            "init_content": null
        }
    },
    {
        "model": "design.dataitem",
        "pk": 104,
        "fields": {
            "label": "\u5efa\u8bae\u65b9\u6848",
            "name": "jian_yi_fang_an",
            "pym": "jyfa",
            "erpsys_id": "0a8dd32e-3d10-11ef-a4a3-0e586f6f8a1e",
            "field_type": "TypeField",
            "business_type": 58,
            "sub_class": null,
            "affiliated_to": null,
            "implement_type": "Field",
            "dependency_order": 0,
            "default_value": null,
            "is_multivalued": false,
            "max_length": 100,
            "max_digits": 10,
            "decimal_places": 2,
            "computed_logic": "",
            "init_content": null
        }
    },
    {
        "model": "design.dataitem",
        "pk": 105,
        "fields": {
            "label": "\u5ba2\u6237",
            "name": "ke_hu",
            "pym": "kh",
            "erpsys_id": "5d719d54-3d8e-11ef-a31c-0e586f6f8a1e",
            "field_type": "TypeField",
            "business_type": 16,
            "sub_class": "role__label='\u5ba2\u6237'",
            "affiliated_to": null,
            "implement_type": "Field",
            "dependency_order": 0,
            "default_value": null,
            "is_multivalued": false,
            "max_length": 100,
            "max_digits": 10,
            "decimal_places": 2,
            "computed_logic": "",
            "init_content": null
        }
    },
    {
        "model": "design.dataitem",
        "pk": 106,
        "fields": {
            "label": "\u4e3b\u8bc9",
            "name": "zhu_su",
            "pym": "zs",
            "erpsys_id": "66c291aa-3d8f-11ef-a31c-0e586f6f8a1e",
            "field_type": "TextField",
            "business_type": null,
            "sub_class": null,
            "affiliated_to": null,
            "implement_type": "Field",
            "dependency_order": 0,
            "default_value": null,
            "is_multivalued": false,
            "max_length": 100,
            "max_digits": 10,
            "decimal_places": 2,
            "computed_logic": "",
            "init_content": null
        }
    },
    {
        "model": "design.dataitem",
        "pk": 107,
        "fields": {
            "label": "\u8089\u6bd2\u7d20\u6cbb\u7597\u8bb0\u5f55",
            "name": "rou_du_su_zhi_liao_ji_lu",
            "pym": "rdszljl",
            "erpsys_id": "17252328-3d90-11ef-a31c-0e586f6f8a1e",
            "field_type": "TypeField",
            "business_type": null,
            "sub_class": null,
            "affiliated_to": 105,
            "implement_type": "Model",
            "dependency_order": 20,
            "default_value": null,
            "is_multivalued": false,
            "max_length": 100,
            "max_digits": 10,
            "decimal_places": 2,
            "computed_logic": "",
            "init_content": null
        }
    },
    {
        "model": "design.dataitem",
        "pk": 108,
        "fields": {
            "label": "\u8d85\u58f0\u70ae\u6cbb\u7597\u8bb0\u5f55",
            "name": "chao_sheng_pao_zhi_liao_ji_lu",
            "pym": "cspzljl",
            "erpsys_id": "57b4c93e-3d90-11ef-a31c-0e586f6f8a1e",
            "field_type": "TypeField",
            "business_type": null,
            "sub_class": null,
            "affiliated_to": 105,
            "implement_type": "Model",
            "dependency_order": 20,
            "default_value": null,
            "is_multivalued": false,
            "max_length": 100,
            "max_digits": 10,
            "decimal_places": 2,
            "computed_logic": "",
            "init_content": null
        }
    },
    {
        "model": "design.dataitem",
        "pk": 109,
        "fields": {
            "label": "\u9ec4\u91d1\u5fae\u9488\u6cbb\u7597\u8bb0\u5f55",
            "name": "huang_jin_wei_zhen_zhi_liao_ji_lu",
            "pym": "hjwzzljl",
            "erpsys_id": "6dcfc61a-3d90-11ef-a31c-0e586f6f8a1e",
            "field_type": "TypeField",
            "business_type": null,
            "sub_class": null,
            "affiliated_to": 105,
            "implement_type": "Model",
            "dependency_order": 20,
            "default_value": null,
            "is_multivalued": false,
            "max_length": 100,
            "max_digits": 10,
            "decimal_places": 2,
            "computed_logic": "",
            "init_content": null
        }
    },
    {
        "model": "design.dataitem",
        "pk": 110,
        "fields": {
            "label": "\u8c03Q\u6cbb\u7597\u8bb0\u5f55",
            "name": "diao_Q_zhi_liao_ji_lu",
            "pym": "dQzljl",
            "erpsys_id": "8442b06a-3d90-11ef-a31c-0e586f6f8a1e",
            "field_type": "TypeField",
            "business_type": null,
            "sub_class": null,
            "affiliated_to": 105,
            "implement_type": "Model",
            "dependency_order": 20,
            "default_value": null,
            "is_multivalued": false,
            "max_length": 100,
            "max_digits": 10,
            "decimal_places": 2,
            "computed_logic": "",
            "init_content": null
        }
    },
    {
        "model": "design.dataitem",
        "pk": 111,
        "fields": {
            "label": "\u5149\u5b50\u6cbb\u7597\u8bb0\u5f55",
            "name": "guang_zi_zhi_liao_ji_lu",
            "pym": "gzzljl",
            "erpsys_id": "bf9ee46c-3d90-11ef-a31c-0e586f6f8a1e",
            "field_type": "TypeField",
            "business_type": null,
            "sub_class": null,
            "affiliated_to": 105,
            "implement_type": "Model",
            "dependency_order": 20,
            "default_value": null,
            "is_multivalued": false,
            "max_length": 100,
            "max_digits": 10,
            "decimal_places": 2,
            "computed_logic": "",
            "init_content": null
        }
    },
    {
        "model": "design.dataitem",
        "pk": 112,
        "fields": {
            "label": "\u679c\u9178\u6cbb\u7597\u8bb0\u5f55",
            "name": "guo_suan_zhi_liao_ji_lu",
            "pym": "gszljl",
            "erpsys_id": "d3094556-3d90-11ef-a31c-0e586f6f8a1e",
            "field_type": "TypeField",
            "business_type": null,
            "sub_class": null,
            "affiliated_to": 105,
            "implement_type": "Model",
            "dependency_order": 20,
            "default_value": null,
            "is_multivalued": false,
            "max_length": 100,
            "max_digits": 10,
            "decimal_places": 2,
            "computed_logic": "",
            "init_content": null
        }
    },
    {
        "model": "design.dataitem",
        "pk": 113,
        "fields": {
            "label": "\u6c34\u5149\u9488\u6cbb\u7597\u8bb0\u5f55",
            "name": "shui_guang_zhen_zhi_liao_ji_lu",
            "pym": "sgzzljl",
            "erpsys_id": "16fe8226-3d91-11ef-a31c-0e586f6f8a1e",
            "field_type": "TypeField",
            "business_type": null,
            "sub_class": null,
            "affiliated_to": 105,
            "implement_type": "Model",
            "dependency_order": 20,
            "default_value": null,
            "is_multivalued": false,
            "max_length": 100,
            "max_digits": 10,
            "decimal_places": 2,
            "computed_logic": "",
            "init_content": null
        }
    },
    {
        "model": "design.dataitem",
        "pk": 114,
        "fields": {
            "label": "\u5145\u503c\u8bb0\u5f55",
            "name": "chong_zhi_ji_lu",
            "pym": "czjl",
            "erpsys_id": "56e1f028-3d9e-11ef-9bfc-0e586f6f8a1e",
            "field_type": "TypeField",
            "business_type": null,
            "sub_class": null,
            "affiliated_to": 105,
            "implement_type": "Model",
            "dependency_order": 20,
            "default_value": null,
            "is_multivalued": false,
            "max_length": 100,
            "max_digits": 10,
            "decimal_places": 2,
            "computed_logic": "",
            "init_content": null
        }
    },
    {
        "model": "design.dataitem",
        "pk": 115,
        "fields": {
            "label": "\u6d88\u8d39\u8bb0\u5f55",
            "name": "xiao_fei_ji_lu",
            "pym": "xfjl",
            "erpsys_id": "66536bcc-3d9e-11ef-9bfc-0e586f6f8a1e",
            "field_type": "TypeField",
            "business_type": null,
            "sub_class": null,
            "affiliated_to": 105,
            "implement_type": "Model",
            "dependency_order": 20,
            "default_value": null,
            "is_multivalued": false,
            "max_length": 100,
            "max_digits": 10,
            "decimal_places": 2,
            "computed_logic": "",
            "init_content": null
        }
    },
    {
        "model": "design.dataitem",
        "pk": 116,
        "fields": {
            "label": "\u968f\u8bbf\u8bb0\u5f55",
            "name": "sui_fang_ji_lu",
            "pym": "sfjl",
            "erpsys_id": "80351fea-3d9e-11ef-9bfc-0e586f6f8a1e",
            "field_type": "TypeField",
            "business_type": null,
            "sub_class": null,
            "affiliated_to": 105,
            "implement_type": "Model",
            "dependency_order": 20,
            "default_value": null,
            "is_multivalued": false,
            "max_length": 100,
            "max_digits": 10,
            "decimal_places": 2,
            "computed_logic": "",
            "init_content": null
        }
    },
    {
        "model": "design.dataitem",
        "pk": 117,
        "fields": {
            "label": "\u53d1\u9001\u6cbb\u7597\u6ce8\u610f\u4e8b\u9879\u8bb0\u5f55",
            "name": "fa_song_zhi_liao_zhu_yi_shi_xiang_ji_lu",
            "pym": "fszlzysxjl",
            "erpsys_id": "e4a1b3b6-3dc7-11ef-a37e-0e586f6f8a1e",
            "field_type": "TypeField",
            "business_type": null,
            "sub_class": null,
            "affiliated_to": 105,
            "implement_type": "Model",
            "dependency_order": 20,
            "default_value": null,
            "is_multivalued": false,
            "max_length": 100,
            "max_digits": 10,
            "decimal_places": 2,
            "computed_logic": "",
            "init_content": null
        }
    },
    {
        "model": "design.dataitem",
        "pk": 118,
        "fields": {
            "label": "\u7b7e\u7f72\u77e5\u60c5\u540c\u610f\u4e66\u8bb0\u5f55",
            "name": "qian_shu_zhi_qing_tong_yi_shu_ji_lu",
            "pym": "qszqtysjl",
            "erpsys_id": "2a04da0a-3dc8-11ef-a37e-0e586f6f8a1e",
            "field_type": "TypeField",
            "business_type": null,
            "sub_class": null,
            "affiliated_to": 105,
            "implement_type": "Model",
            "dependency_order": 20,
            "default_value": null,
            "is_multivalued": false,
            "max_length": 100,
            "max_digits": 10,
            "decimal_places": 2,
            "computed_logic": "",
            "init_content": null
        }
    },
    {
        "model": "design.dataitem",
        "pk": 119,
        "fields": {
            "label": "\u5df2\u53d1\u9001",
            "name": "yi_fa_song",
            "pym": "yfs",
            "erpsys_id": "c9547eda-3dc8-11ef-a37e-0e586f6f8a1e",
            "field_type": "BooleanField",
            "business_type": null,
            "sub_class": null,
            "affiliated_to": null,
            "implement_type": "Field",
            "dependency_order": 0,
            "default_value": null,
            "is_multivalued": false,
            "max_length": 100,
            "max_digits": 10,
            "decimal_places": 2,
            "computed_logic": "",
            "init_content": null
        }
    },
    {
        "model": "design.dataitem",
        "pk": 120,
        "fields": {
            "label": "\u5df2\u7b7e\u7f72",
            "name": "yi_qian_shu",
            "pym": "yqs",
            "erpsys_id": "d3e229f6-3dc8-11ef-a37e-0e586f6f8a1e",
            "field_type": "CharField",
            "business_type": null,
            "sub_class": null,
            "affiliated_to": null,
            "implement_type": "Field",
            "dependency_order": 0,
            "default_value": null,
            "is_multivalued": false,
            "max_length": 100,
            "max_digits": 10,
            "decimal_places": 2,
            "computed_logic": "",
            "init_content": null
        }
    },
    {
        "model": "design.dataitem",
        "pk": 121,
        "fields": {
            "label": "\u7b7e\u5230",
            "name": "qian_dao",
            "pym": "qd",
            "erpsys_id": "6d4db934-4003-11ef-8ef0-0e586f6f8a1e",
            "field_type": "BooleanField",
            "business_type": null,
            "sub_class": null,
            "affiliated_to": null,
            "implement_type": "Field",
            "dependency_order": 0,
            "default_value": null,
            "is_multivalued": false,
            "max_length": 100,
            "max_digits": 10,
            "decimal_places": 2,
            "computed_logic": "",
            "init_content": null
        }
    },
    {
        "model": "design.dataitem",
        "pk": 122,
        "fields": {
            "label": "\u767b\u5f55\u7b7e\u5230\u8bb0\u5f55",
            "name": "deng_lu_qian_dao_ji_lu",
            "pym": "dlqdjl",
            "erpsys_id": "83b1bdf6-4003-11ef-8ef0-0e586f6f8a1e",
            "field_type": "TypeField",
            "business_type": null,
            "sub_class": null,
            "affiliated_to": 105,
            "implement_type": "Model",
            "dependency_order": 20,
            "default_value": null,
            "is_multivalued": false,
            "max_length": 100,
            "max_digits": 10,
            "decimal_places": 2,
            "computed_logic": "",
            "init_content": null
        }
    },
    {
        "model": "design.dataitem",
        "pk": 123,
        "fields": {
            "label": "\u65e5\u5fd7",
            "name": "ri_zhi",
            "pym": "rz",
            "erpsys_id": "8766a5ee-904c-11ef-8786-0e586f6f8a1d",
            "field_type": "TypeField",
            "business_type": null,
            "sub_class": null,
            "affiliated_to": null,
            "implement_type": "Log",
            "dependency_order": 0,
            "default_value": null,
            "is_multivalued": false,
            "max_length": 255,
            "max_digits": 10,
            "decimal_places": 2,
            "computed_logic": "",
            "init_content": null
        }
    },
    {
        "model": "design.dataitem",
        "pk": 124,
        "fields": {
            "label": "\u9884\u7ea6\u63d0\u9192\u8bb0\u5f55",
            "name": "yu_yue_ti_xing_ji_lu",
            "pym": "yytxjl",
            "erpsys_id": "4a9bffdc-904d-11ef-8786-0e586f6f8a1d",
            "field_type": "TypeField",
            "business_type": null,
            "sub_class": null,
            "affiliated_to": 105,
            "implement_type": "Model",
            "dependency_order": 20,
            "default_value": null,
            "is_multivalued": false,
            "max_length": 255,
            "max_digits": 10,
            "decimal_places": 2,
            "computed_logic": "",
            "init_content": null
        }
    },
    {
        "model": "design.dataitem",
        "pk": 125,
        "fields": {
            "label": "\u5df2\u63d0\u9192",
            "name": "yi_ti_xing",
            "pym": "ytx",
            "erpsys_id": "67371554-904e-11ef-aff7-0e586f6f8a1d",
            "field_type": "BooleanField",
            "business_type": null,
            "sub_class": null,
            "affiliated_to": null,
            "implement_type": "Field",
            "dependency_order": 0,
            "default_value": null,
            "is_multivalued": false,
            "max_length": 255,
            "max_digits": 10,
            "decimal_places": 2,
            "computed_logic": "",
            "init_content": null
        }
    },
    {
        "model": "design.dataitem",
        "pk": 126,
        "fields": {
            "label": "\u6536\u8d39\u8bb0\u5f55",
            "name": "shou_fei_ji_lu",
            "pym": "sfjl",
            "erpsys_id": "66dfa880-90eb-11ef-9be8-0e586f6f8a1d",
            "field_type": "TypeField",
            "business_type": null,
            "sub_class": null,
            "affiliated_to": 105,
            "implement_type": "Model",
            "dependency_order": 20,
            "default_value": null,
            "is_multivalued": false,
            "max_length": 255,
            "max_digits": 10,
            "decimal_places": 2,
            "computed_logic": "",
            "init_content": null
        }
    },
    {
        "model": "design.dataitem",
        "pk": 127,
        "fields": {
            "label": "\u6536\u8d39\u7c7b\u578b",
            "name": "shou_fei_lei_xing",
            "pym": "sflx",
            "erpsys_id": "a8c44404-90eb-11ef-9be8-0e586f6f8a1d",
            "field_type": "TypeField",
            "business_type": null,
            "sub_class": null,
            "affiliated_to": null,
            "implement_type": "Model",
            "dependency_order": 0,
            "default_value": null,
            "is_multivalued": false,
            "max_length": 255,
            "max_digits": 10,
            "decimal_places": 2,
            "computed_logic": "",
            "init_content": "[{\"\u4e2d\u6587\u540d\u79f0\": \"\u5355\u6b21\u4ed8\u6e05\"},{\"\u4e2d\u6587\u540d\u79f0\": \"\u9879\u76ee\u7597\u7a0b\"}, {\"\u4e2d\u6587\u540d\u79f0\": \"\u5e74\u5ea6\u5957\u9910\"}, {\"\u4e2d\u6587\u540d\u79f0\": \"\u5468\u5e74\u5e86\u6d3b\u52a8\"}, {\"\u4e2d\u6587\u540d\u79f0\": \"\u8d60\u9001\u9879\u76ee\"}, {\"\u4e2d\u6587\u540d\u79f0\": \"\u9884\u5145\u503c\"}]"
        }
    },
    {
        "model": "design.dataitem",
        "pk": 128,
        "fields": {
            "label": "\u91d1\u989d",
            "name": "jin_e",
            "pym": "je",
            "erpsys_id": "bdf28ee4-90eb-11ef-9be8-0e586f6f8a1d",
            "field_type": "DecimalField",
            "business_type": null,
            "sub_class": null,
            "affiliated_to": null,
            "implement_type": "Field",
            "dependency_order": 0,
            "default_value": null,
            "is_multivalued": false,
            "max_length": 255,
            "max_digits": 10,
            "decimal_places": 2,
            "computed_logic": "",
            "init_content": null
        }
    },
    {
        "model": "design.dataitem",
        "pk": 129,
        "fields": {
            "label": "\u5e94\u6536",
            "name": "ying_shou",
            "pym": "ys",
            "erpsys_id": "49065212-90ed-11ef-9be8-0e586f6f8a1d",
            "field_type": "DecimalField",
            "business_type": null,
            "sub_class": null,
            "affiliated_to": null,
            "implement_type": "Field",
            "dependency_order": 0,
            "default_value": null,
            "is_multivalued": false,
            "max_length": 255,
            "max_digits": 10,
            "decimal_places": 2,
            "computed_logic": "",
            "init_content": null
        }
    },
    {
        "model": "design.dataitem",
        "pk": 130,
        "fields": {
            "label": "\u5b9e\u6536",
            "name": "shi_shou",
            "pym": "ss",
            "erpsys_id": "5029f4a4-90ed-11ef-9be8-0e586f6f8a1d",
            "field_type": "DecimalField",
            "business_type": null,
            "sub_class": null,
            "affiliated_to": null,
            "implement_type": "Field",
            "dependency_order": 0,
            "default_value": null,
            "is_multivalued": false,
            "max_length": 255,
            "max_digits": 10,
            "decimal_places": 2,
            "computed_logic": "",
            "init_content": null
        }
    },
    {
        "model": "design.dataitem",
        "pk": 131,
        "fields": {
            "label": "\u6298\u6263",
            "name": "zhe_kou",
            "pym": "zk",
            "erpsys_id": "5bc7fd7e-90ed-11ef-9be8-0e586f6f8a1d",
            "field_type": "DecimalField",
            "business_type": null,
            "sub_class": null,
            "affiliated_to": null,
            "implement_type": "Field",
            "dependency_order": 0,
            "default_value": null,
            "is_multivalued": false,
            "max_length": 255,
            "max_digits": 10,
            "decimal_places": 2,
            "computed_logic": "",
            "init_content": null
        }
    },
    {
        "model": "design.dataitem",
        "pk": 132,
        "fields": {
            "label": "\u6536\u8d39\u9879\u76ee",
            "name": "shou_fei_xiang_mu",
            "pym": "sfxm",
            "erpsys_id": "97fa4108-90ed-11ef-9be8-0e586f6f8a1d",
            "field_type": "CharField",
            "business_type": null,
            "sub_class": null,
            "affiliated_to": null,
            "implement_type": "Field",
            "dependency_order": 0,
            "default_value": null,
            "is_multivalued": false,
            "max_length": 255,
            "max_digits": 10,
            "decimal_places": 2,
            "computed_logic": "",
            "init_content": null
        }
    },
    {
        "model": "design.dataitem",
        "pk": 133,
        "fields": {
            "label": "\u6cbb\u7597\u9879\u76ee\u6838\u9500\u8bb0\u5f55",
            "name": "zhi_liao_xiang_mu_he_xiao_ji_lu",
            "pym": "zlxmhxjl",
            "erpsys_id": "52277ae4-9122-11ef-aa2e-0e586f6f8a1d",
            "field_type": "TypeField",
            "business_type": null,
            "sub_class": null,
            "affiliated_to": 105,
            "implement_type": "Model",
            "dependency_order": 20,
            "default_value": null,
            "is_multivalued": false,
            "max_length": 255,
            "max_digits": 10,
            "decimal_places": 2,
            "computed_logic": "",
            "init_content": null
        }
    },
    {
        "model": "design.dataitem",
        "pk": 134,
        "fields": {
            "label": "\u6cbb\u7597\u9879\u76ee",
            "name": "zhi_liao_xiang_mu",
            "pym": "zlxm",
            "erpsys_id": "952f5870-9145-11ef-b937-0e586f6f8a1d",
            "field_type": "TypeField",
            "business_type": 135,
            "sub_class": null,
            "affiliated_to": null,
            "implement_type": "Field",
            "dependency_order": 0,
            "default_value": null,
            "is_multivalued": false,
            "max_length": 255,
            "max_digits": 10,
            "decimal_places": 2,
            "computed_logic": "",
            "init_content": null
        }
    },
    {
        "model": "design.dataitem",
        "pk": 135,
        "fields": {
            "label": "\u8fdb\u7a0b",
            "name": "Process",
            "pym": "jc",
            "erpsys_id": "6edb5c40-9146-11ef-8742-0e586f6f8a1d",
            "field_type": "Reserved",
            "business_type": 135,
            "sub_class": null,
            "affiliated_to": null,
            "implement_type": "KernelModel",
            "dependency_order": 0,
            "default_value": null,
            "is_multivalued": false,
            "max_length": 255,
            "max_digits": 10,
            "decimal_places": 2,
            "computed_logic": "",
            "init_content": null
        }
    },
    {
        "model": "design.dataitem",
        "pk": 136,
        "fields": {
            "label": "\u968f\u8bbf\u5185\u5bb9",
            "name": "sui_fang_nei_rong",
            "pym": "sfnr",
            "erpsys_id": "15bacc64-91ef-11ef-b988-0e586f6f8a1d",
            "field_type": "TextField",
            "business_type": null,
            "sub_class": null,
            "affiliated_to": null,
            "implement_type": "Field",
            "dependency_order": 0,
            "default_value": null,
            "is_multivalued": false,
            "max_length": 255,
            "max_digits": 10,
            "decimal_places": 2,
            "computed_logic": "",
            "init_content": null
        }
    },
    {
        "model": "design.dataitemconsists",
        "pk": 26,
        "fields": {
            "data_item": 57,
            "sub_data_item": 53,
            "order": 10,
            "default_value": null,
            "map_api_field": null
        }
    },
    {
        "model": "design.dataitemconsists",
        "pk": 28,
        "fields": {
            "data_item": 57,
            "sub_data_item": 48,
            "order": 10,
            "default_value": null,
            "map_api_field": null
        }
    },
    {
        "model": "design.dataitemconsists",
        "pk": 29,
        "fields": {
            "data_item": 57,
            "sub_data_item": 49,
            "order": 10,
            "default_value": null,
            "map_api_field": null
        }
    },
    {
        "model": "design.dataitemconsists",
        "pk": 30,
        "fields": {
            "data_item": 57,
            "sub_data_item": 56,
            "order": 10,
            "default_value": null,
            "map_api_field": null
        }
    },
    {
        "model": "design.dataitemconsists",
        "pk": 31,
        "fields": {
            "data_item": 57,
            "sub_data_item": 55,
            "order": 10,
            "default_value": null,
            "map_api_field": null
        }
    },
    {
        "model": "design.dataitemconsists",
        "pk": 32,
        "fields": {
            "data_item": 57,
            "sub_data_item": 54,
            "order": 10,
            "default_value": null,
            "map_api_field": null
        }
    },
    {
        "model": "design.dataitemconsists",
        "pk": 35,
        "fields": {
            "data_item": 16,
            "sub_data_item": 39,
            "order": 10,
            "default_value": null,
            "map_api_field": null
        }
    },
    {
        "model": "design.dataitemconsists",
        "pk": 39,
        "fields": {
            "data_item": 16,
            "sub_data_item": 51,
            "order": 10,
            "default_value": null,
            "map_api_field": null
        }
    },
    {
        "model": "design.dataitemconsists",
        "pk": 40,
        "fields": {
            "data_item": 63,
            "sub_data_item": 65,
            "order": 10,
            "default_value": null,
            "map_api_field": null
        }
    },
    {
        "model": "design.dataitemconsists",
        "pk": 41,
        "fields": {
            "data_item": 63,
            "sub_data_item": 66,
            "order": 10,
            "default_value": null,
            "map_api_field": null
        }
    },
    {
        "model": "design.dataitemconsists",
        "pk": 42,
        "fields": {
            "data_item": 57,
            "sub_data_item": 68,
            "order": 10,
            "default_value": null,
            "map_api_field": null
        }
    },
    {
        "model": "design.dataitemconsists",
        "pk": 43,
        "fields": {
            "data_item": 57,
            "sub_data_item": 69,
            "order": 10,
            "default_value": null,
            "map_api_field": null
        }
    },
    {
        "model": "design.dataitemconsists",
        "pk": 51,
        "fields": {
            "data_item": 18,
            "sub_data_item": 72,
            "order": 10,
            "default_value": null,
            "map_api_field": null
        }
    },
    {
        "model": "design.dataitemconsists",
        "pk": 52,
        "fields": {
            "data_item": 18,
            "sub_data_item": 74,
            "order": 10,
            "default_value": null,
            "map_api_field": null
        }
    },
    {
        "model": "design.dataitemconsists",
        "pk": 53,
        "fields": {
            "data_item": 18,
            "sub_data_item": 73,
            "order": 10,
            "default_value": null,
            "map_api_field": null
        }
    },
    {
        "model": "design.dataitemconsists",
        "pk": 54,
        "fields": {
            "data_item": 79,
            "sub_data_item": 15,
            "order": 10,
            "default_value": null,
            "map_api_field": null
        }
    },
    {
        "model": "design.dataitemconsists",
        "pk": 55,
        "fields": {
            "data_item": 79,
            "sub_data_item": 78,
            "order": 15,
            "default_value": null,
            "map_api_field": null
        }
    },
    {
        "model": "design.dataitemconsists",
        "pk": 56,
        "fields": {
            "data_item": 79,
            "sub_data_item": 81,
            "order": 30,
            "default_value": null,
            "map_api_field": null
        }
    },
    {
        "model": "design.dataitemconsists",
        "pk": 57,
        "fields": {
            "data_item": 79,
            "sub_data_item": 75,
            "order": 20,
            "default_value": null,
            "map_api_field": null
        }
    },
    {
        "model": "design.dataitemconsists",
        "pk": 58,
        "fields": {
            "data_item": 79,
            "sub_data_item": 82,
            "order": 25,
            "default_value": null,
            "map_api_field": null
        }
    },
    {
        "model": "design.dataitemconsists",
        "pk": 59,
        "fields": {
            "data_item": 79,
            "sub_data_item": 84,
            "order": 28,
            "default_value": null,
            "map_api_field": null
        }
    },
    {
        "model": "design.dataitemconsists",
        "pk": 60,
        "fields": {
            "data_item": 79,
            "sub_data_item": 85,
            "order": 40,
            "default_value": null,
            "map_api_field": null
        }
    },
    {
        "model": "design.dataitemconsists",
        "pk": 61,
        "fields": {
            "data_item": 79,
            "sub_data_item": 87,
            "order": 45,
            "default_value": null,
            "map_api_field": null
        }
    },
    {
        "model": "design.dataitemconsists",
        "pk": 62,
        "fields": {
            "data_item": 79,
            "sub_data_item": 94,
            "order": 35,
            "default_value": null,
            "map_api_field": null
        }
    },
    {
        "model": "design.dataitemconsists",
        "pk": 63,
        "fields": {
            "data_item": 79,
            "sub_data_item": 89,
            "order": 50,
            "default_value": null,
            "map_api_field": null
        }
    },
    {
        "model": "design.dataitemconsists",
        "pk": 66,
        "fields": {
            "data_item": 92,
            "sub_data_item": 15,
            "order": 10,
            "default_value": null,
            "map_api_field": null
        }
    },
    {
        "model": "design.dataitemconsists",
        "pk": 67,
        "fields": {
            "data_item": 92,
            "sub_data_item": 76,
            "order": 15,
            "default_value": null,
            "map_api_field": null
        }
    },
    {
        "model": "design.dataitemconsists",
        "pk": 68,
        "fields": {
            "data_item": 92,
            "sub_data_item": 75,
            "order": 20,
            "default_value": null,
            "map_api_field": null
        }
    },
    {
        "model": "design.dataitemconsists",
        "pk": 69,
        "fields": {
            "data_item": 92,
            "sub_data_item": 78,
            "order": 25,
            "default_value": null,
            "map_api_field": null
        }
    },
    {
        "model": "design.dataitemconsists",
        "pk": 70,
        "fields": {
            "data_item": 92,
            "sub_data_item": 83,
            "order": 30,
            "default_value": null,
            "map_api_field": null
        }
    },
    {
        "model": "design.dataitemconsists",
        "pk": 71,
        "fields": {
            "data_item": 92,
            "sub_data_item": 82,
            "order": 35,
            "default_value": null,
            "map_api_field": null
        }
    },
    {
        "model": "design.dataitemconsists",
        "pk": 72,
        "fields": {
            "data_item": 92,
            "sub_data_item": 52,
            "order": 40,
            "default_value": null,
            "map_api_field": null
        }
    },
    {
        "model": "design.dataitemconsists",
        "pk": 73,
        "fields": {
            "data_item": 92,
            "sub_data_item": 85,
            "order": 45,
            "default_value": null,
            "map_api_field": null
        }
    },
    {
        "model": "design.dataitemconsists",
        "pk": 74,
        "fields": {
            "data_item": 92,
            "sub_data_item": 87,
            "order": 50,
            "default_value": null,
            "map_api_field": null
        }
    },
    {
        "model": "design.dataitemconsists",
        "pk": 75,
        "fields": {
            "data_item": 92,
            "sub_data_item": 89,
            "order": 60,
            "default_value": null,
            "map_api_field": null
        }
    },
    {
        "model": "design.dataitemconsists",
        "pk": 76,
        "fields": {
            "data_item": 79,
            "sub_data_item": 24,
            "order": 32,
            "default_value": null,
            "map_api_field": null
        }
    },
    {
        "model": "design.dataitemconsists",
        "pk": 77,
        "fields": {
            "data_item": 79,
            "sub_data_item": 95,
            "order": 37,
            "default_value": null,
            "map_api_field": null
        }
    },
    {
        "model": "design.dataitemconsists",
        "pk": 78,
        "fields": {
            "data_item": 79,
            "sub_data_item": 96,
            "order": 33,
            "default_value": null,
            "map_api_field": null
        }
    },
    {
        "model": "design.dataitemconsists",
        "pk": 79,
        "fields": {
            "data_item": 99,
            "sub_data_item": 15,
            "order": 10,
            "default_value": null,
            "map_api_field": null
        }
    },
    {
        "model": "design.dataitemconsists",
        "pk": 80,
        "fields": {
            "data_item": 99,
            "sub_data_item": 76,
            "order": 10,
            "default_value": null,
            "map_api_field": null
        }
    },
    {
        "model": "design.dataitemconsists",
        "pk": 81,
        "fields": {
            "data_item": 99,
            "sub_data_item": 97,
            "order": 10,
            "default_value": null,
            "map_api_field": null
        }
    },
    {
        "model": "design.dataitemconsists",
        "pk": 82,
        "fields": {
            "data_item": 99,
            "sub_data_item": 98,
            "order": 10,
            "default_value": null,
            "map_api_field": null
        }
    },
    {
        "model": "design.dataitemconsists",
        "pk": 83,
        "fields": {
            "data_item": 99,
            "sub_data_item": 78,
            "order": 10,
            "default_value": null,
            "map_api_field": null
        }
    },
    {
        "model": "design.dataitemconsists",
        "pk": 84,
        "fields": {
            "data_item": 99,
            "sub_data_item": 82,
            "order": 10,
            "default_value": null,
            "map_api_field": null
        }
    },
    {
        "model": "design.dataitemconsists",
        "pk": 85,
        "fields": {
            "data_item": 101,
            "sub_data_item": 102,
            "order": 20,
            "default_value": null,
            "map_api_field": null
        }
    },
    {
        "model": "design.dataitemconsists",
        "pk": 86,
        "fields": {
            "data_item": 101,
            "sub_data_item": 103,
            "order": 30,
            "default_value": null,
            "map_api_field": null
        }
    },
    {
        "model": "design.dataitemconsists",
        "pk": 87,
        "fields": {
            "data_item": 101,
            "sub_data_item": 104,
            "order": 40,
            "default_value": null,
            "map_api_field": null
        }
    },
    {
        "model": "design.dataitemconsists",
        "pk": 90,
        "fields": {
            "data_item": 100,
            "sub_data_item": 106,
            "order": 10,
            "default_value": null,
            "map_api_field": null
        }
    },
    {
        "model": "design.dataitemconsists",
        "pk": 102,
        "fields": {
            "data_item": 117,
            "sub_data_item": 24,
            "order": 10,
            "default_value": null,
            "map_api_field": null
        }
    },
    {
        "model": "design.dataitemconsists",
        "pk": 103,
        "fields": {
            "data_item": 117,
            "sub_data_item": 119,
            "order": 10,
            "default_value": null,
            "map_api_field": null
        }
    },
    {
        "model": "design.dataitemconsists",
        "pk": 105,
        "fields": {
            "data_item": 118,
            "sub_data_item": 24,
            "order": 10,
            "default_value": null,
            "map_api_field": null
        }
    },
    {
        "model": "design.dataitemconsists",
        "pk": 106,
        "fields": {
            "data_item": 118,
            "sub_data_item": 120,
            "order": 10,
            "default_value": null,
            "map_api_field": null
        }
    },
    {
        "model": "design.dataitemconsists",
        "pk": 107,
        "fields": {
            "data_item": 122,
            "sub_data_item": 121,
            "order": 10,
            "default_value": null,
            "map_api_field": null
        }
    },
    {
        "model": "design.dataitemconsists",
        "pk": 108,
        "fields": {
            "data_item": 124,
            "sub_data_item": 125,
            "order": 10,
            "default_value": null,
            "map_api_field": null
        }
    },
    {
        "model": "design.dataitemconsists",
        "pk": 111,
        "fields": {
            "data_item": 126,
            "sub_data_item": 132,
            "order": 10,
            "default_value": null,
            "map_api_field": null
        }
    },
    {
        "model": "design.dataitemconsists",
        "pk": 112,
        "fields": {
            "data_item": 126,
            "sub_data_item": 129,
            "order": 10,
            "default_value": null,
            "map_api_field": null
        }
    },
    {
        "model": "design.dataitemconsists",
        "pk": 113,
        "fields": {
            "data_item": 126,
            "sub_data_item": 131,
            "order": 10,
            "default_value": null,
            "map_api_field": null
        }
    },
    {
        "model": "design.dataitemconsists",
        "pk": 114,
        "fields": {
            "data_item": 126,
            "sub_data_item": 130,
            "order": 10,
            "default_value": null,
            "map_api_field": null
        }
    },
    {
        "model": "design.dataitemconsists",
        "pk": 115,
        "fields": {
            "data_item": 126,
            "sub_data_item": 127,
            "order": 10,
            "default_value": null,
            "map_api_field": null
        }
    },
    {
        "model": "design.dataitemconsists",
        "pk": 116,
        "fields": {
            "data_item": 133,
            "sub_data_item": 134,
            "order": 10,
            "default_value": null,
            "map_api_field": null
        }
    },
    {
        "model": "design.dataitemconsists",
        "pk": 117,
        "fields": {
            "data_item": 116,
            "sub_data_item": 134,
            "order": 10,
            "default_value": null,
            "map_api_field": null
        }
    },
    {
        "model": "design.dataitemconsists",
        "pk": 118,
        "fields": {
            "data_item": 116,
            "sub_data_item": 136,
            "order": 10,
            "default_value": null,
            "map_api_field": null
        }
    },
    {
        "model": "design.organization",
        "pk": 1,
        "fields": {
            "label": "\u989c\u9752\u533b\u7f8e\u8bca\u6240",
            "name": "yan_qing_yi_mei_zhen_suo",
            "pym": "yqymzs",
            "erpsys_id": "8470fe62-82cc-11ef-9643-0e586f6f8a1d"
        }
    },
    {
        "model": "design.role",
        "pk": 895,
        "fields": {
            "label": "\u533b\u751f",
            "name": "yi_sheng",
            "pym": "ys",
            "erpsys_id": "bf8d1c10-91ef-11ef-92a0-0e586f6f8a1d",
            "services": []
        }
    },
    {
        "model": "design.role",
        "pk": 896,
        "fields": {
            "label": "\u62a4\u58eb",
            "name": "hu_shi",
            "pym": "hs",
            "erpsys_id": "bf8d5504-91ef-11ef-92a0-0e586f6f8a1d",
            "services": []
        }
    },
    {
        "model": "design.role",
        "pk": 897,
        "fields": {
            "label": "\u5ba2\u670d",
            "name": "ke_fu",
            "pym": "kf",
            "erpsys_id": "bf8d653a-91ef-11ef-92a0-0e586f6f8a1d",
            "services": []
        }
    },
    {
        "model": "design.role",
        "pk": 898,
        "fields": {
            "label": "\u7ba1\u7406\u5458",
            "name": "guan_li_yuan",
            "pym": "gly",
            "erpsys_id": "bf8d741c-91ef-11ef-92a0-0e586f6f8a1d",
            "services": []
        }
    },
    {
        "model": "design.role",
        "pk": 899,
        "fields": {
            "label": "\u5ba2\u6237",
            "name": "ke_hu",
            "pym": "kh",
            "erpsys_id": "bf8d82a4-91ef-11ef-92a0-0e586f6f8a1d",
            "services": []
        }
    },
    {
        "model": "design.role",
        "pk": 900,
        "fields": {
            "label": "System",
            "name": "System",
            "pym": "System",
            "erpsys_id": "bf8d8fec-91ef-11ef-92a0-0e586f6f8a1d",
            "services": []
        }
    },
    {
        "model": "design.operator",
        "pk": 1,
        "fields": {
            "label": "\u9648\u533b\u751f",
            "name": "chen_yi_sheng",
            "pym": "cys",
            "erpsys_id": "8d457584-82c9-11ef-93d4-0e586f6f8a1d",
            "active": false,
            "user": 2,
            "organization": 1,
            "related_staff": null,
            "context": null,
            "role": [
                895
            ]
        }
    },
    {
        "model": "design.operator",
        "pk": 2,
        "fields": {
            "label": "\u5c0f\u65b9",
            "name": "xiao_fang",
            "pym": "xf",
            "erpsys_id": "c7ea1518-82ca-11ef-87c3-0e586f6f8a1d",
            "active": false,
            "user": 4,
            "organization": 1,
            "related_staff": null,
            "context": null,
            "role": [
                896,
                897
            ]
        }
    },
    {
        "model": "design.operator",
        "pk": 3,
        "fields": {
            "label": "\u5c0f\u848b",
            "name": "xiao_jiang",
            "pym": "xj",
            "erpsys_id": "cfcf4ba4-82ca-11ef-87c3-0e586f6f8a1d",
            "active": false,
            "user": 5,
            "organization": 1,
            "related_staff": null,
            "context": null,
            "role": [
                896,
                897
            ]
        }
    },
    {
        "model": "design.operator",
        "pk": 78,
        "fields": {
            "label": "\u81ea\u52a8\u8c03\u5ea6",
            "name": "SystemSchedler",
            "pym": null,
            "erpsys_id": "a263bb28-4003-11ef-8ef0-0e586f6f8a1e",
            "active": false,
            "user": null,
            "organization": 1,
            "related_staff": null,
            "context": null,
            "role": [
                900
            ]
        }
    },
    {
        "model": "design.operator",
        "pk": 79,
        "fields": {
            "label": "\u7ecf\u7406",
            "name": "Manager",
            "pym": null,
            "erpsys_id": "2e0e0d1a-400c-11ef-9a95-0e586f6f8a1e",
            "active": false,
            "user": 3,
            "organization": 1,
            "related_staff": 1,
            "context": null,
            "role": [
                898
            ]
        }
    },
    {
        "model": "design.operator",
        "pk": 80,
        "fields": {
            "label": "\u5f20\u4e09",
            "name": "zhang_san",
            "pym": "zs",
            "erpsys_id": "5d6adf1c-82e1-11ef-be58-0e586f6f8a1d",
            "active": false,
            "user": 6,
            "organization": null,
            "related_staff": null,
            "context": null,
            "role": [
                899
            ]
        }
    },
    {
        "model": "design.operator",
        "pk": 81,
        "fields": {
            "label": "\u674e\u56db",
            "name": "li_si",
            "pym": "ls",
            "erpsys_id": "664fdbd2-82e1-11ef-be58-0e586f6f8a1d",
            "active": false,
            "user": 7,
            "organization": null,
            "related_staff": null,
            "context": null,
            "role": [
                899
            ]
        }
    },
    {
        "model": "design.operator",
        "pk": 82,
        "fields": {
            "label": "\u738b\u4e94",
            "name": "wang_wu",
            "pym": "ww",
            "erpsys_id": "6bfbd996-82e1-11ef-be58-0e586f6f8a1d",
            "active": false,
            "user": 8,
            "organization": null,
            "related_staff": null,
            "context": null,
            "role": [
                899
            ]
        }
    },
    {
        "model": "design.operator",
        "pk": 83,
        "fields": {
            "label": "\u8d75\u516d",
            "name": "zhao_liu",
            "pym": "zl",
            "erpsys_id": "76daa162-82e1-11ef-be58-0e586f6f8a1d",
            "active": false,
            "user": 9,
            "organization": null,
            "related_staff": null,
            "context": null,
            "role": [
                899
            ]
        }
    },
    {
        "model": "design.operator",
        "pk": 84,
        "fields": {
            "label": "\u94b1\u4e03",
            "name": "qian_qi",
            "pym": "qq",
            "erpsys_id": "7d184df4-82e1-11ef-be58-0e586f6f8a1d",
            "active": false,
            "user": 10,
            "organization": null,
            "related_staff": null,
            "context": null,
            "role": [
                899
            ]
        }
    },
    {
        "model": "design.operator",
        "pk": 85,
        "fields": {
            "label": "\u5b59\u516b",
            "name": "sun_ba",
            "pym": "sb",
            "erpsys_id": "8911ca0e-82e1-11ef-be58-0e586f6f8a1d",
            "active": false,
            "user": 11,
            "organization": null,
            "related_staff": null,
            "context": null,
            "role": [
                899
            ]
        }
    },
    {
        "model": "design.operator",
        "pk": 86,
        "fields": {
            "label": "\u5468\u4e5d",
            "name": "zhou_jiu",
            "pym": "zj",
            "erpsys_id": "8ed3f656-82e1-11ef-be58-0e586f6f8a1d",
            "active": false,
            "user": 12,
            "organization": null,
            "related_staff": null,
            "context": null,
            "role": [
                899
            ]
        }
    },
    {
        "model": "design.resource",
        "pk": 1,
        "fields": {
            "label": "\u7269\u6599",
            "name": "Material",
            "pym": null,
            "erpsys_id": "969eb5f2-3dee-11ef-b684-0e586f6f8a1e",
            "res_type": "Consumption"
        }
    },
    {
        "model": "design.resource",
        "pk": 2,
        "fields": {
            "label": "\u8bbe\u5907",
            "name": "Equipment",
            "pym": null,
            "erpsys_id": "969f053e-3dee-11ef-b684-0e586f6f8a1e",
            "res_type": "TDM"
        }
    },
    {
        "model": "design.resource",
        "pk": 3,
        "fields": {
            "label": "\u5de5\u5177",
            "name": "Device",
            "pym": null,
            "erpsys_id": "969f2eb0-3dee-11ef-b684-0e586f6f8a1e",
            "res_type": "Recycle"
        }
    },
    {
        "model": "design.resource",
        "pk": 4,
        "fields": {
            "label": "\u8d44\u91d1",
            "name": "Capital",
            "pym": null,
            "erpsys_id": "969f5cfa-3dee-11ef-b684-0e586f6f8a1e",
            "res_type": "Consumption"
        }
    },
    {
        "model": "design.resource",
        "pk": 5,
        "fields": {
            "label": "\u77e5\u8bc6",
            "name": "Knowledge",
            "pym": null,
            "erpsys_id": "969f97ce-3dee-11ef-b684-0e586f6f8a1e",
            "res_type": "Shared"
        }
    },
    {
        "model": "design.resource",
        "pk": 6,
        "fields": {
            "label": "\u4eba\u5458",
            "name": "Operator",
            "pym": null,
            "erpsys_id": "d2a1e8ce-40c0-11ef-8159-0e586f6f8a1e",
            "res_type": "TDM"
        }
    },
    {
        "model": "design.material",
        "pk": 746,
        "fields": {
            "label": "100\u5355\u4f4d\u4fdd\u59a5\u9002",
            "name": "100_dan_wei_bao_tuo_shi",
            "pym": "100dwbts",
            "erpsys_id": "bf8f988c-91ef-11ef-92a0-0e586f6f8a1d"
        }
    },
    {
        "model": "design.material",
        "pk": 747,
        "fields": {
            "label": "50\u5355\u4f4d\u4fdd\u59a5\u9002",
            "name": "50_dan_wei_bao_tuo_shi",
            "pym": "50dwbts",
            "erpsys_id": "bf8fa9d0-91ef-11ef-92a0-0e586f6f8a1d"
        }
    },
    {
        "model": "design.material",
        "pk": 748,
        "fields": {
            "label": "\u55e8\u4f53",
            "name": "hai_ti",
            "pym": "ht",
            "erpsys_id": "bf8fbb82-91ef-11ef-92a0-0e586f6f8a1d"
        }
    },
    {
        "model": "design.material",
        "pk": 749,
        "fields": {
            "label": "\u4e54\u96c5\u767b\u6781\u81f4",
            "name": "qiao_ya_deng_ji_zhi",
            "pym": "qydjz",
            "erpsys_id": "bf8fc942-91ef-11ef-92a0-0e586f6f8a1d"
        }
    },
    {
        "model": "design.material",
        "pk": 750,
        "fields": {
            "label": "\u4e00\u6b21\u6027\u6ce8\u5c04\u5668",
            "name": "yi_ci_xing_zhu_she_qi",
            "pym": "ycxzsq",
            "erpsys_id": "bf8fd7fc-91ef-11ef-92a0-0e586f6f8a1d"
        }
    },
    {
        "model": "design.material",
        "pk": 751,
        "fields": {
            "label": "\u4e54\u96c5\u767b\u6781\u81f4",
            "name": "qiao_ya_deng_ji_zhi",
            "pym": "qydjz",
            "erpsys_id": "c4c8e98c-b3b6-11ef-b99d-0e586f6f8a1e"
        }
    },
    {
        "model": "design.material",
        "pk": 752,
        "fields": {
            "label": "\u4e54\u96c5\u767b\u6781\u81f4",
            "name": "qiao_ya_deng_ji_zhi",
            "pym": "qydjz",
            "erpsys_id": "915649ca-b3b9-11ef-b5e5-0e586f6f8a1e"
        }
    },
    {
        "model": "design.material",
        "pk": 753,
        "fields": {
            "label": "\u4e54\u96c5\u767b\u6781\u81f4",
            "name": "qiao_ya_deng_ji_zhi",
            "pym": "qydjz",
            "erpsys_id": "55a5059a-b3bb-11ef-8230-0e586f6f8a1e"
        }
    },
    {
        "model": "design.material",
        "pk": 754,
        "fields": {
            "label": "\u4e54\u96c5\u767b\u6781\u81f4",
            "name": "qiao_ya_deng_ji_zhi",
            "pym": "qydjz",
            "erpsys_id": "2597a458-b3dd-11ef-ac09-0e586f6f8a1e"
        }
    },
    {
        "model": "design.material",
        "pk": 755,
        "fields": {
            "label": "\u4e54\u96c5\u767b\u6781\u81f4",
            "name": "qiao_ya_deng_ji_zhi",
            "pym": "qydjz",
            "erpsys_id": "8eec7d32-b3df-11ef-8476-0e586f6f8a1e"
        }
    },
    {
        "model": "design.material",
        "pk": 756,
        "fields": {
            "label": "\u4e54\u96c5\u767b\u6781\u81f4",
            "name": "qiao_ya_deng_ji_zhi",
            "pym": "qydjz",
            "erpsys_id": "561a48f4-b448-11ef-a49b-0e586f6f8a1e"
        }
    },
    {
        "model": "design.material",
        "pk": 757,
        "fields": {
            "label": "\u4e54\u96c5\u767b\u6781\u81f4",
            "name": "qiao_ya_deng_ji_zhi",
            "pym": "qydjz",
            "erpsys_id": "f91e0ab0-b44b-11ef-a261-0e586f6f8a1e"
        }
    },
    {
        "model": "design.material",
        "pk": 758,
        "fields": {
            "label": "\u4e54\u96c5\u767b\u6781\u81f4",
            "name": "qiao_ya_deng_ji_zhi",
            "pym": "qydjz",
            "erpsys_id": "c4e3f412-b450-11ef-91f6-0e586f6f8a1e"
        }
    },
    {
        "model": "design.material",
        "pk": 759,
        "fields": {
            "label": "\u4e54\u96c5\u767b\u6781\u81f4",
            "name": "qiao_ya_deng_ji_zhi",
            "pym": "qydjz",
            "erpsys_id": "2e017d0c-b451-11ef-a39a-0e586f6f8a1e"
        }
    },
    {
        "model": "design.material",
        "pk": 760,
        "fields": {
            "label": "\u4e54\u96c5\u767b\u6781\u81f4",
            "name": "qiao_ya_deng_ji_zhi",
            "pym": "qydjz",
            "erpsys_id": "18a5d82c-b4a1-11ef-9f2d-0e586f6f8a1e"
        }
    },
    {
        "model": "design.material",
        "pk": 761,
        "fields": {
            "label": "\u4e54\u96c5\u767b\u6781\u81f4",
            "name": "qiao_ya_deng_ji_zhi",
            "pym": "qydjz",
            "erpsys_id": "e1ab1616-b60d-11ef-ae26-0e586f6f8a1e"
        }
    },
    {
        "model": "design.material",
        "pk": 762,
        "fields": {
            "label": "\u4e54\u96c5\u767b\u6781\u81f4",
            "name": "qiao_ya_deng_ji_zhi",
            "pym": "qydjz",
            "erpsys_id": "f3209b2a-b638-11ef-a819-0e586f6f8a1e"
        }
    },
    {
        "model": "design.material",
        "pk": 763,
        "fields": {
            "label": "\u4e54\u96c5\u767b\u6781\u81f4",
            "name": "qiao_ya_deng_ji_zhi",
            "pym": "qydjz",
            "erpsys_id": "052882c0-b6ab-11ef-a3de-0e586f6f8a1e"
        }
    },
    {
        "model": "design.material",
        "pk": 764,
        "fields": {
            "label": "\u4e54\u96c5\u767b\u6781\u81f4",
            "name": "qiao_ya_deng_ji_zhi",
            "pym": "qydjz",
            "erpsys_id": "2684bcb8-b6ab-11ef-ad36-0e586f6f8a1e"
        }
    },
    {
        "model": "design.material",
        "pk": 765,
        "fields": {
            "label": "\u4e54\u96c5\u767b\u6781\u81f4",
            "name": "qiao_ya_deng_ji_zhi",
            "pym": "qydjz",
            "erpsys_id": "4ca24d0c-b6ce-11ef-a194-0e586f6f8a1e"
        }
    },
    {
        "model": "design.material",
        "pk": 766,
        "fields": {
            "label": "\u4e54\u96c5\u767b\u6781\u81f4",
            "name": "qiao_ya_deng_ji_zhi",
            "pym": "qydjz",
            "erpsys_id": "07aba232-b6d5-11ef-9a4b-0e586f6f8a1e"
        }
    },
    {
        "model": "design.material",
        "pk": 767,
        "fields": {
            "label": "\u4e54\u96c5\u767b\u6781\u81f4",
            "name": "qiao_ya_deng_ji_zhi",
            "pym": "qydjz",
            "erpsys_id": "43cdca20-b797-11ef-85df-0e586f6f8a1e"
        }
    },
    {
        "model": "design.material",
        "pk": 768,
        "fields": {
            "label": "\u4e54\u96c5\u767b\u6781\u81f4",
            "name": "qiao_ya_deng_ji_zhi",
            "pym": "qydjz",
            "erpsys_id": "a86ad10c-b7a2-11ef-8abf-0e586f6f8a1e"
        }
    },
    {
        "model": "design.material",
        "pk": 769,
        "fields": {
            "label": "\u4e54\u96c5\u767b\u6781\u81f4",
            "name": "qiao_ya_deng_ji_zhi",
            "pym": "qydjz",
            "erpsys_id": "571c0356-b7a3-11ef-abf6-0e586f6f8a1e"
        }
    },
    {
        "model": "design.material",
        "pk": 770,
        "fields": {
            "label": "\u4e54\u96c5\u767b\u6781\u81f4",
            "name": "qiao_ya_deng_ji_zhi",
            "pym": "qydjz",
            "erpsys_id": "f249d65c-b7c9-11ef-a3cc-0e586f6f8a1e"
        }
    },
    {
        "model": "design.material",
        "pk": 771,
        "fields": {
            "label": "\u4e54\u96c5\u767b\u6781\u81f4",
            "name": "qiao_ya_deng_ji_zhi",
            "pym": "qydjz",
            "erpsys_id": "dfa646f4-b7cc-11ef-b8c2-0e586f6f8a1e"
        }
    },
    {
        "model": "design.material",
        "pk": 772,
        "fields": {
            "label": "\u4e54\u96c5\u767b\u6781\u81f4",
            "name": "qiao_ya_deng_ji_zhi",
            "pym": "qydjz",
            "erpsys_id": "172f5576-b83f-11ef-8ef8-0e586f6f8a1e"
        }
    },
    {
        "model": "design.material",
        "pk": 773,
        "fields": {
            "label": "\u4e54\u96c5\u767b\u6781\u81f4",
            "name": "qiao_ya_deng_ji_zhi",
            "pym": "qydjz",
            "erpsys_id": "c75f8f96-b890-11ef-8575-0e586f6f8a1e"
        }
    },
    {
        "model": "design.material",
        "pk": 774,
        "fields": {
            "label": "\u4e54\u96c5\u767b\u6781\u81f4",
            "name": "qiao_ya_deng_ji_zhi",
            "pym": "qydjz",
            "erpsys_id": "853873fc-b8fa-11ef-bda4-0e586f6f8a1e"
        }
    },
    {
        "model": "design.material",
        "pk": 775,
        "fields": {
            "label": "\u4e54\u96c5\u767b\u6781\u81f4",
            "name": "qiao_ya_deng_ji_zhi",
            "pym": "qydjz",
            "erpsys_id": "568ed192-b8fd-11ef-af0e-0e586f6f8a1e"
        }
    },
    {
        "model": "design.material",
        "pk": 776,
        "fields": {
            "label": "\u4e54\u96c5\u767b\u6781\u81f4",
            "name": "qiao_ya_deng_ji_zhi",
            "pym": "qydjz",
            "erpsys_id": "c3c31114-bd1d-11ef-9e9f-0e586f6f8a1e"
        }
    },
    {
        "model": "design.material",
        "pk": 777,
        "fields": {
            "label": "\u4e54\u96c5\u767b\u6781\u81f4",
            "name": "qiao_ya_deng_ji_zhi",
            "pym": "qydjz",
            "erpsys_id": "c7c81b92-bd1d-11ef-a8c1-0e586f6f8a1e"
        }
    },
    {
        "model": "design.material",
        "pk": 778,
        "fields": {
            "label": "\u4e54\u96c5\u767b\u6781\u81f4",
            "name": "qiao_ya_deng_ji_zhi",
            "pym": "qydjz",
            "erpsys_id": "0b4e77bc-bd1e-11ef-912e-0e586f6f8a1e"
        }
    },
    {
        "model": "design.material",
        "pk": 779,
        "fields": {
            "label": "\u4e54\u96c5\u767b\u6781\u81f4",
            "name": "qiao_ya_deng_ji_zhi",
            "pym": "qydjz",
            "erpsys_id": "febbd3c2-bd1e-11ef-8fd6-0e586f6f8a1e"
        }
    },
    {
        "model": "design.material",
        "pk": 780,
        "fields": {
            "label": "\u4e54\u96c5\u767b\u6781\u81f4",
            "name": "qiao_ya_deng_ji_zhi",
            "pym": "qydjz",
            "erpsys_id": "15d669c2-bd20-11ef-96a1-0e586f6f8a1e"
        }
    },
    {
        "model": "design.material",
        "pk": 781,
        "fields": {
            "label": "\u4e54\u96c5\u767b\u6781\u81f4",
            "name": "qiao_ya_deng_ji_zhi",
            "pym": "qydjz",
            "erpsys_id": "94daf580-bd48-11ef-bc26-0e586f6f8a1e"
        }
    },
    {
        "model": "design.material",
        "pk": 782,
        "fields": {
            "label": "\u4e54\u96c5\u767b\u6781\u81f4",
            "name": "qiao_ya_deng_ji_zhi",
            "pym": "qydjz",
            "erpsys_id": "97b19624-bd48-11ef-9ffe-0e586f6f8a1e"
        }
    },
    {
        "model": "design.material",
        "pk": 783,
        "fields": {
            "label": "\u4e54\u96c5\u767b\u6781\u81f4",
            "name": "qiao_ya_deng_ji_zhi",
            "pym": "qydjz",
            "erpsys_id": "1ca20ed0-beda-11ef-9689-0e586f6f8a1e"
        }
    },
    {
        "model": "design.material",
        "pk": 784,
        "fields": {
            "label": "\u4e54\u96c5\u767b\u6781\u81f4",
            "name": "qiao_ya_deng_ji_zhi",
            "pym": "qydjz",
            "erpsys_id": "17e6f624-c657-11ef-be8f-0e586f6f8a1e"
        }
    },
    {
        "model": "design.material",
        "pk": 785,
        "fields": {
            "label": "\u4e54\u96c5\u767b\u6781\u81f4",
            "name": "qiao_ya_deng_ji_zhi",
            "pym": "qydjz",
            "erpsys_id": "a564c2d2-c658-11ef-8ed3-0e586f6f8a1e"
        }
    },
    {
        "model": "design.material",
        "pk": 786,
        "fields": {
            "label": "\u4e54\u96c5\u767b\u6781\u81f4",
            "name": "qiao_ya_deng_ji_zhi",
            "pym": "qydjz",
            "erpsys_id": "a9dbf0b0-c658-11ef-9e38-0e586f6f8a1e"
        }
    },
    {
        "model": "design.service",
        "pk": 1,
        "fields": {
            "label": "\u7269\u6599\u5165\u5e93",
            "name": "wu_liao_ru_ku",
            "pym": "wlrk",
            "erpsys_id": "ef97f612-3b75-11ef-9ede-0e586f6f8a1e",
            "serve_content_type": 21,
            "subject": 57,
            "form": null,
            "action_func_name": null,
            "action_api": null,
            "action_api_params": null,
            "price": null,
            "route_to": null,
            "program": null,
            "service_type": "MANUAL",
            "reference": []
        }
    },
    {
        "model": "design.service",
        "pk": 2,
        "fields": {
            "label": "\u7269\u6599\u51fa\u5e93",
            "name": "wu_liao_chu_ku",
            "pym": "wlck",
            "erpsys_id": "dcae1c46-3b77-11ef-a2ed-0e586f6f8a1e",
            "serve_content_type": 21,
            "subject": 57,
            "form": null,
            "action_func_name": null,
            "action_api": null,
            "action_api_params": null,
            "price": null,
            "route_to": null,
            "program": null,
            "service_type": "MANUAL",
            "reference": []
        }
    },
    {
        "model": "design.service",
        "pk": 3,
        "fields": {
            "label": "\u65b0\u9884\u7ea6",
            "name": "xin_yu_yue",
            "pym": "xyy",
            "erpsys_id": "ce926e82-3cf8-11ef-8490-0e586f6f8a1e",
            "serve_content_type": 23,
            "subject": 79,
            "form": null,
            "action_func_name": null,
            "action_api": null,
            "action_api_params": null,
            "price": null,
            "route_to": null,
            "program": null,
            "service_type": "MANUAL",
            "reference": []
        }
    },
    {
        "model": "design.service",
        "pk": 4,
        "fields": {
            "label": "\u5230\u8bca\u786e\u8ba4",
            "name": "dao_zhen_que_ren",
            "pym": "dzqr",
            "erpsys_id": "ffd3a662-3cfa-11ef-8b98-0e586f6f8a1e",
            "serve_content_type": 23,
            "subject": 79,
            "form": null,
            "action_func_name": null,
            "action_api": null,
            "action_api_params": null,
            "price": null,
            "route_to": null,
            "program": null,
            "service_type": "MANUAL",
            "reference": []
        }
    },
    {
        "model": "design.service",
        "pk": 5,
        "fields": {
            "label": "\u5065\u5eb7\u8c03\u67e5",
            "name": "jian_kang_diao_cha",
            "pym": "jkdc",
            "erpsys_id": "9f572ffe-3d02-11ef-97d2-0e586f6f8a1e",
            "serve_content_type": 23,
            "subject": 99,
            "form": null,
            "action_func_name": null,
            "action_api": null,
            "action_api_params": null,
            "price": null,
            "route_to": null,
            "program": null,
            "service_type": "MANUAL",
            "reference": []
        }
    },
    {
        "model": "design.service",
        "pk": 6,
        "fields": {
            "label": "\u9884\u5145\u503c",
            "name": "yu_chong_zhi",
            "pym": "ycz",
            "erpsys_id": "396f8c12-3d03-11ef-9f8b-0e586f6f8a1e",
            "serve_content_type": 23,
            "subject": 114,
            "form": null,
            "action_func_name": null,
            "action_api": null,
            "action_api_params": null,
            "price": null,
            "route_to": null,
            "program": null,
            "service_type": "MANUAL",
            "reference": []
        }
    },
    {
        "model": "design.service",
        "pk": 7,
        "fields": {
            "label": "\u4ea4\u8d39",
            "name": "jiao_fei",
            "pym": "jf",
            "erpsys_id": "3f2757b6-3d03-11ef-9f8b-0e586f6f8a1e",
            "serve_content_type": 23,
            "subject": 126,
            "form": null,
            "action_func_name": null,
            "action_api": null,
            "action_api_params": null,
            "price": null,
            "route_to": null,
            "program": null,
            "service_type": "MANUAL",
            "reference": []
        }
    },
    {
        "model": "design.service",
        "pk": 8,
        "fields": {
            "label": "\u9762\u8bca\u8bc4\u4f30",
            "name": "mian_zhen_ping_gu",
            "pym": "mzpg",
            "erpsys_id": "5850919e-3d03-11ef-9f8b-0e586f6f8a1e",
            "serve_content_type": 23,
            "subject": 100,
            "form": null,
            "action_func_name": null,
            "action_api": null,
            "action_api_params": null,
            "price": null,
            "route_to": null,
            "program": null,
            "service_type": "MANUAL",
            "reference": []
        }
    },
    {
        "model": "design.service",
        "pk": 9,
        "fields": {
            "label": "\u8089\u6bd2\u7d20\u6cbb\u7597",
            "name": "rou_du_su_zhi_liao",
            "pym": "rdszl",
            "erpsys_id": "4bd03324-3d04-11ef-9c6e-0e586f6f8a1e",
            "serve_content_type": 23,
            "subject": 107,
            "form": null,
            "action_func_name": null,
            "action_api": null,
            "action_api_params": null,
            "price": null,
            "route_to": null,
            "program": null,
            "service_type": "MANUAL",
            "reference": []
        }
    },
    {
        "model": "design.service",
        "pk": 10,
        "fields": {
            "label": "\u8d85\u58f0\u70ae\u6cbb\u7597",
            "name": "chao_sheng_pao_zhi_liao",
            "pym": "cspzl",
            "erpsys_id": "52d0e8d0-3d04-11ef-9c6e-0e586f6f8a1e",
            "serve_content_type": 23,
            "subject": 108,
            "form": null,
            "action_func_name": null,
            "action_api": null,
            "action_api_params": null,
            "price": null,
            "route_to": null,
            "program": null,
            "service_type": "MANUAL",
            "reference": []
        }
    },
    {
        "model": "design.service",
        "pk": 11,
        "fields": {
            "label": "\u9ec4\u91d1\u5fae\u9488\u6cbb\u7597",
            "name": "huang_jin_wei_zhen_zhi_liao",
            "pym": "hjwzzl",
            "erpsys_id": "5ae8c5b0-3d04-11ef-9c6e-0e586f6f8a1e",
            "serve_content_type": 23,
            "subject": 109,
            "form": null,
            "action_func_name": null,
            "action_api": null,
            "action_api_params": null,
            "price": null,
            "route_to": null,
            "program": null,
            "service_type": "MANUAL",
            "reference": []
        }
    },
    {
        "model": "design.service",
        "pk": 12,
        "fields": {
            "label": "\u8c03Q\u6cbb\u7597",
            "name": "diao_Q_zhi_liao",
            "pym": "dQzl",
            "erpsys_id": "650f7a52-3d04-11ef-9c6e-0e586f6f8a1e",
            "serve_content_type": 23,
            "subject": 110,
            "form": null,
            "action_func_name": null,
            "action_api": null,
            "action_api_params": null,
            "price": null,
            "route_to": null,
            "program": null,
            "service_type": "MANUAL",
            "reference": []
        }
    },
    {
        "model": "design.service",
        "pk": 13,
        "fields": {
            "label": "\u5149\u5b50\u6cbb\u7597",
            "name": "guang_zi_zhi_liao",
            "pym": "gzzl",
            "erpsys_id": "6a1f70b0-3d04-11ef-9c6e-0e586f6f8a1e",
            "serve_content_type": 23,
            "subject": 111,
            "form": null,
            "action_func_name": null,
            "action_api": null,
            "action_api_params": null,
            "price": null,
            "route_to": null,
            "program": null,
            "service_type": "MANUAL",
            "reference": []
        }
    },
    {
        "model": "design.service",
        "pk": 14,
        "fields": {
            "label": "\u679c\u9178\u6cbb\u7597",
            "name": "guo_suan_zhi_liao",
            "pym": "gszl",
            "erpsys_id": "6e918eee-3d04-11ef-9c6e-0e586f6f8a1e",
            "serve_content_type": 23,
            "subject": 112,
            "form": null,
            "action_func_name": null,
            "action_api": null,
            "action_api_params": null,
            "price": null,
            "route_to": null,
            "program": null,
            "service_type": "MANUAL",
            "reference": []
        }
    },
    {
        "model": "design.service",
        "pk": 15,
        "fields": {
            "label": "\u6c34\u5149\u9488\u6cbb\u7597",
            "name": "shui_guang_zhen_zhi_liao",
            "pym": "sgzzl",
            "erpsys_id": "74a5a00e-3d04-11ef-9c6e-0e586f6f8a1e",
            "serve_content_type": 23,
            "subject": 113,
            "form": null,
            "action_func_name": null,
            "action_api": null,
            "action_api_params": null,
            "price": null,
            "route_to": null,
            "program": null,
            "service_type": "MANUAL",
            "reference": []
        }
    },
    {
        "model": "design.service",
        "pk": 16,
        "fields": {
            "label": "\u53d1\u9001\u6cbb\u7597\u6ce8\u610f\u4e8b\u9879",
            "name": "fa_song_zhi_liao_zhu_yi_shi_xiang",
            "pym": "fszlzysx",
            "erpsys_id": "a96d64c0-3d04-11ef-9c6e-0e586f6f8a1e",
            "serve_content_type": 23,
            "subject": 117,
            "form": null,
            "action_func_name": null,
            "action_api": null,
            "action_api_params": null,
            "price": null,
            "route_to": null,
            "program": null,
            "service_type": "MANUAL",
            "reference": []
        }
    },
    {
        "model": "design.service",
        "pk": 17,
        "fields": {
            "label": "\u7b7e\u7f72\u77e5\u60c5\u540c\u610f\u4e66",
            "name": "qian_shu_zhi_qing_tong_yi_shu",
            "pym": "qszqtys",
            "erpsys_id": "ba80a24a-3d04-11ef-9c6e-0e586f6f8a1e",
            "serve_content_type": 23,
            "subject": 118,
            "form": null,
            "action_func_name": null,
            "action_api": null,
            "action_api_params": null,
            "price": null,
            "route_to": null,
            "program": null,
            "service_type": "MANUAL",
            "reference": []
        }
    },
    {
        "model": "design.service",
        "pk": 18,
        "fields": {
            "label": "\u968f\u8bbf",
            "name": "sui_fang",
            "pym": "sf",
            "erpsys_id": "ea681916-3d04-11ef-9c6e-0e586f6f8a1e",
            "serve_content_type": 23,
            "subject": 116,
            "form": null,
            "action_func_name": null,
            "action_api": null,
            "action_api_params": null,
            "price": null,
            "route_to": null,
            "program": null,
            "service_type": "MANUAL",
            "reference": []
        }
    },
    {
        "model": "design.service",
        "pk": 19,
        "fields": {
            "label": "\u8bca\u65ad\u53ca\u5904\u7406",
            "name": "zhen_duan_ji_chu_li",
            "pym": "zdjcl",
            "erpsys_id": "a6f93c20-3d11-11ef-9060-0e586f6f8a1e",
            "serve_content_type": 23,
            "subject": 101,
            "form": null,
            "action_func_name": null,
            "action_api": null,
            "action_api_params": null,
            "price": null,
            "route_to": null,
            "program": null,
            "service_type": "MANUAL",
            "reference": []
        }
    },
    {
        "model": "design.service",
        "pk": 21,
        "fields": {
            "label": "\u7528\u6237\u767b\u5f55",
            "name": "user_login",
            "pym": "yhdl",
            "erpsys_id": "b94e64e6-4067-11ef-9e4b-0e586f6f8a1e",
            "serve_content_type": 23,
            "subject": 123,
            "form": null,
            "action_func_name": null,
            "action_api": null,
            "action_api_params": null,
            "price": null,
            "route_to": null,
            "program": null,
            "service_type": "SYSTEM",
            "reference": []
        }
    },
    {
        "model": "design.service",
        "pk": 22,
        "fields": {
            "label": "\u7528\u6237\u6ce8\u518c",
            "name": "user_register",
            "pym": "yhzc",
            "erpsys_id": "c7a3bb5e-4067-11ef-9e4b-0e586f6f8a1e",
            "serve_content_type": 23,
            "subject": 123,
            "form": null,
            "action_func_name": null,
            "action_api": null,
            "action_api_params": null,
            "price": null,
            "route_to": null,
            "program": null,
            "service_type": "SYSTEM",
            "reference": []
        }
    },
    {
        "model": "design.service",
        "pk": 24,
        "fields": {
            "label": "\u53d1\u9001\u4f01\u4e1a\u5fae\u4fe1\u901a\u77e5",
            "name": "fa_song_qi_ye_wei_xin_tong_zhi",
            "pym": "fsqywxtz",
            "erpsys_id": "68b9161a-8eba-11ef-bd19-0e586f6f8a1d",
            "serve_content_type": 23,
            "subject": 123,
            "form": null,
            "action_func_name": "send_wechart_message",
            "action_api": 1,
            "action_api_params": null,
            "price": null,
            "route_to": null,
            "program": null,
            "service_type": "MANUAL",
            "reference": []
        }
    },
    {
        "model": "design.service",
        "pk": 25,
        "fields": {
            "label": "\u63d0\u9192\u9884\u7ea6",
            "name": "ti_xing_yu_yue",
            "pym": "txyy",
            "erpsys_id": "90eb6cf4-904b-11ef-ae12-0e586f6f8a1d",
            "serve_content_type": 23,
            "subject": 123,
            "form": null,
            "action_func_name": null,
            "action_api": null,
            "action_api_params": null,
            "price": null,
            "route_to": null,
            "program": null,
            "service_type": "SYSTEM",
            "reference": []
        }
    },
    {
        "model": "design.service",
        "pk": 26,
        "fields": {
            "label": "\u5230\u8bca\u63d0\u9192",
            "name": "dao_zhen_ti_xing",
            "pym": "dztx",
            "erpsys_id": "008c5a40-904d-11ef-8786-0e586f6f8a1d",
            "serve_content_type": 23,
            "subject": 124,
            "form": null,
            "action_func_name": null,
            "action_api": null,
            "action_api_params": null,
            "price": null,
            "route_to": null,
            "program": null,
            "service_type": "MANUAL",
            "reference": []
        }
    },
    {
        "model": "design.service",
        "pk": 27,
        "fields": {
            "label": "\u670d\u52a1\u8ba1\u5212\u5185\u9884\u7ea6",
            "name": "fu_wu_ji_hua_nei_yu_yue",
            "pym": "yy",
            "erpsys_id": "04b5dca2-904f-11ef-9a7e-0e586f6f8a1d",
            "serve_content_type": 23,
            "subject": 79,
            "form": null,
            "action_func_name": null,
            "action_api": null,
            "action_api_params": null,
            "price": null,
            "route_to": null,
            "program": null,
            "service_type": "MANUAL",
            "reference": []
        }
    },
    {
        "model": "design.service",
        "pk": 28,
        "fields": {
            "label": "\u7ef4\u62a4\u5ba2\u6237\u6863\u6848",
            "name": "wei_hu_ke_hu_dang_an",
            "pym": "whkhda",
            "erpsys_id": "d2061af8-9051-11ef-9a7e-0e586f6f8a1d",
            "serve_content_type": 23,
            "subject": 92,
            "form": null,
            "action_func_name": null,
            "action_api": null,
            "action_api_params": null,
            "price": null,
            "route_to": null,
            "program": null,
            "service_type": "MANUAL",
            "reference": []
        }
    },
    {
        "model": "design.service",
        "pk": 29,
        "fields": {
            "label": "\u5ba2\u6237\u63a5\u5f85",
            "name": "ke_hu_jie_dai",
            "pym": "khjd",
            "erpsys_id": "1812887e-9057-11ef-9a7e-0e586f6f8a1d",
            "serve_content_type": 23,
            "subject": 123,
            "form": null,
            "action_func_name": null,
            "action_api": null,
            "action_api_params": null,
            "price": null,
            "route_to": null,
            "program": null,
            "service_type": "MANUAL",
            "reference": []
        }
    },
    {
        "model": "design.service",
        "pk": 30,
        "fields": {
            "label": "\u63a5\u8bca",
            "name": "jie_zhen",
            "pym": "jz",
            "erpsys_id": "b61a3026-9057-11ef-9a7e-0e586f6f8a1d",
            "serve_content_type": 23,
            "subject": 123,
            "form": null,
            "action_func_name": null,
            "action_api": null,
            "action_api_params": null,
            "price": null,
            "route_to": null,
            "program": null,
            "service_type": "MANUAL",
            "reference": []
        }
    },
    {
        "model": "design.service",
        "pk": 31,
        "fields": {
            "label": "\u6838\u9500\u6cbb\u7597\u9879\u76ee",
            "name": "he_xiao_zhi_liao_xiang_mu",
            "pym": "hxzlxm",
            "erpsys_id": "7b5b228a-9122-11ef-aa2e-0e586f6f8a1d",
            "serve_content_type": 23,
            "subject": 133,
            "form": null,
            "action_func_name": null,
            "action_api": null,
            "action_api_params": null,
            "price": null,
            "route_to": null,
            "program": null,
            "service_type": "MANUAL",
            "reference": []
        }
    },
    {
        "model": "design.service",
        "pk": 32,
        "fields": {
            "label": "\u63d0\u9192\u968f\u8bbf",
            "name": "ti_xing_sui_fang",
            "pym": "txsf",
            "erpsys_id": "3a14122a-9125-11ef-aa2e-0e586f6f8a1d",
            "serve_content_type": 23,
            "subject": 123,
            "form": null,
            "action_func_name": null,
            "action_api": null,
            "action_api_params": null,
            "price": null,
            "route_to": null,
            "program": null,
            "service_type": "SYSTEM",
            "reference": []
        }
    },
    {
        "model": "design.service",
        "pk": 33,
        "fields": {
            "label": "\u6cbb\u7597\u670d\u52a1",
            "name": "zhi_liao_fu_wu",
            "pym": "zlfw",
            "erpsys_id": "992bc8f8-b3ac-11ef-a6d8-0e586f6f8a1e",
            "serve_content_type": 23,
            "subject": 123,
            "form": null,
            "action_func_name": null,
            "action_api": null,
            "action_api_params": null,
            "price": null,
            "route_to": null,
            "program": null,
            "service_type": "MANUAL",
            "reference": []
        }
    },
    {
        "model": "design.service",
        "pk": 34,
        "fields": {
            "label": "\u5ba2\u6237\u670d\u52a1",
            "name": "ke_hu_fu_wu",
            "pym": "khfw",
            "erpsys_id": "bb592f4c-b3ac-11ef-a6d8-0e586f6f8a1e",
            "serve_content_type": 23,
            "subject": 123,
            "form": null,
            "action_func_name": null,
            "action_api": null,
            "action_api_params": null,
            "price": null,
            "route_to": null,
            "program": null,
            "service_type": "MANUAL",
            "reference": []
        }
    },
    {
        "model": "design.service",
        "pk": 35,
        "fields": {
            "label": "\u76ae\u80a4\u68c0\u67e5",
            "name": "pi_fu_jian_cha",
            "pym": "pfjc",
            "erpsys_id": "d74ecd72-b3db-11ef-ac09-0e586f6f8a1e",
            "serve_content_type": 23,
            "subject": 99,
            "form": null,
            "action_func_name": null,
            "action_api": null,
            "action_api_params": null,
            "price": null,
            "route_to": null,
            "program": null,
            "service_type": "MANUAL",
            "reference": []
        }
    },
    {
        "model": "design.service",
        "pk": 36,
        "fields": {
            "label": "\u51c6\u5907\u6cbb\u7597\u8ba1\u5212",
            "name": "zhun_bei_zhi_liao_ji_hua",
            "pym": "zbzljh",
            "erpsys_id": "140df224-b44f-11ef-b5b5-0e586f6f8a1e",
            "serve_content_type": 23,
            "subject": 123,
            "form": null,
            "action_func_name": null,
            "action_api": null,
            "action_api_params": null,
            "price": null,
            "route_to": null,
            "program": null,
            "service_type": "SYSTEM",
            "reference": []
        }
    },
    {
        "model": "design.service",
        "pk": 37,
        "fields": {
            "label": "\u542f\u52a8\u6cbb\u7597\u7a0b\u5e8f",
            "name": "qi_dong_zhi_liao_cheng_xu",
            "pym": "qdzlcx",
            "erpsys_id": "703e54e4-b44f-11ef-b5b5-0e586f6f8a1e",
            "serve_content_type": 23,
            "subject": null,
            "form": null,
            "action_func_name": null,
            "action_api": null,
            "action_api_params": null,
            "price": null,
            "route_to": null,
            "program": null,
            "service_type": "SYSTEM",
            "reference": []
        }
    },
    {
        "model": "design.service",
        "pk": 38,
        "fields": {
            "label": "\u7ed3\u675f\u6cbb\u7597\u7a0b\u5e8f",
            "name": "jie_shu_zhi_liao_cheng_xu",
            "pym": "jszlcx",
            "erpsys_id": "8473db14-b44f-11ef-b5b5-0e586f6f8a1e",
            "serve_content_type": 23,
            "subject": null,
            "form": null,
            "action_func_name": null,
            "action_api": null,
            "action_api_params": null,
            "price": null,
            "route_to": null,
            "program": null,
            "service_type": "SYSTEM",
            "reference": []
        }
    },
    {
        "model": "design.serviceconsists",
        "pk": 4,
        "fields": {
            "service": 29,
            "sub_service": 4,
            "quantity": 1
        }
    },
    {
        "model": "design.serviceconsists",
        "pk": 5,
        "fields": {
            "service": 29,
            "sub_service": 28,
            "quantity": 1
        }
    },
    {
        "model": "design.serviceconsists",
        "pk": 6,
        "fields": {
            "service": 29,
            "sub_service": 5,
            "quantity": 1
        }
    },
    {
        "model": "design.serviceconsists",
        "pk": 7,
        "fields": {
            "service": 30,
            "sub_service": 8,
            "quantity": 1
        }
    },
    {
        "model": "design.serviceconsists",
        "pk": 8,
        "fields": {
            "service": 30,
            "sub_service": 19,
            "quantity": 1
        }
    },
    {
        "model": "design.event",
        "pk": 1,
        "fields": {
            "label": "\u5b8c\u6210",
            "name": "completed",
            "pym": "wc",
            "erpsys_id": "e1b0fc5e-40c2-11ef-a996-0e586f6f8a1e",
            "description": "\u670d\u52a1\u5b8c\u6210",
            "expression": "state=='TERMINATED'",
            "is_timer": false,
            "parameters": null
        }
    },
    {
        "model": "design.event",
        "pk": 2,
        "fields": {
            "label": "\u670d\u52a1\u5f00\u59cb",
            "name": "start_service_program",
            "pym": "fwks",
            "erpsys_id": "1204ccc4-b3a9-11ef-a6d8-0e586f6f8a1e",
            "description": "\u5f00\u59cb\u4e00\u4e2a\u5305\u542b\u4e00\u7cfb\u5217\u670d\u52a1\u7684\u7a0b\u5e8f",
            "expression": "start_service_program==True",
            "is_timer": false,
            "parameters": null
        }
    },
    {
        "model": "design.event",
        "pk": 3,
        "fields": {
            "label": "\u8c03\u7528\u670d\u52a1",
            "name": "calling_service",
            "pym": "dy",
            "erpsys_id": "29bd7b0a-b3da-11ef-86ca-0e586f6f8a1e",
            "description": "\u670d\u52a1\u8fc7\u7a0b\u4e2d\u8c03\u7528\u5176\u5b83\u670d\u52a1",
            "expression": "calling_service==True",
            "is_timer": false,
            "parameters": null
        }
    },
    {
        "model": "design.event",
        "pk": 4,
        "fields": {
            "label": "\u5168\u90e8\u5b8c\u6210",
            "name": "batch_completed",
            "pym": null,
            "erpsys_id": "bff66e24-bf9c-11ef-a55e-0e586f6f8a1e",
            "description": "\u6279\u6b21\u670d\u52a1\u4efb\u52a1\u5168\u90e8\u5b8c\u6210",
            "expression": "batch_completed==True",
            "is_timer": false,
            "parameters": null
        }
    },
    {
        "model": "design.instruction",
        "pk": 2,
        "fields": {
            "label": "\u542f\u52a8",
            "name": "start_one_service",
            "pym": "qd",
            "erpsys_id": "7e12020a-425d-11ef-9de5-0e586f6f8a1e",
            "sys_call": "start_one_service",
            "parameters": null
        }
    },
    {
        "model": "design.instruction",
        "pk": 3,
        "fields": {
            "label": "\u7ed3\u675f",
            "name": "end_service_program",
            "pym": "js",
            "erpsys_id": "1f7f1d8e-b3b6-11ef-a1fb-0e586f6f8a1e",
            "sys_call": "end_service_program",
            "parameters": null
        }
    },
    {
        "model": "design.instruction",
        "pk": 4,
        "fields": {
            "label": "\u8fd4\u56de",
            "name": "return_calling_service",
            "pym": "fh",
            "erpsys_id": "80bafb5c-b3db-11ef-ac09-0e586f6f8a1e",
            "sys_call": "return_calling_service",
            "parameters": null
        }
    },
    {
        "model": "design.instruction",
        "pk": 5,
        "fields": {
            "label": "\u6279\u91cf\u542f\u52a8",
            "name": "start_batch_service",
            "pym": "plqd",
            "erpsys_id": "2c0b7c7e-b44b-11ef-ac3f-0e586f6f8a1e",
            "sys_call": "start_batch_service",
            "parameters": null
        }
    },
    {
        "model": "design.instruction",
        "pk": 6,
        "fields": {
            "label": "\u8c03\u7528",
            "name": "call_service_program",
            "pym": "dy",
            "erpsys_id": "fbcddfa6-bd1f-11ef-96a1-0e586f6f8a1e",
            "sys_call": "call_service_program",
            "parameters": null
        }
    },
    {
        "model": "design.serviceprogram",
        "pk": 1,
        "fields": {
            "label": "\u6807\u51c6\u670d\u52a1\u7a0b\u5e8f",
            "name": "standard_service_program",
            "pym": null,
            "erpsys_id": "06430890-bd47-11ef-adfc-0e586f6f8a1e",
            "version": null,
            "sys_default": true,
            "entity_content_type": null,
            "entity_object_id": null,
            "active": true,
            "creator": 79,
            "created_at": "2024-12-18T13:50:21.716Z"
        }
    },
    {
        "model": "design.servicerule",
        "pk": 2,
        "fields": {
            "label": "\u670d\u52a1\u5f00\u59cb - \u5ba2\u6237\u670d\u52a1",
            "name": "xin_jian_ke_hu_fu_wu",
            "pym": "xjkhfw",
            "erpsys_id": "beab02a8-b3af-11ef-8d4c-0e586f6f8a1e",
            "service_program": 1,
            "service": 34,
            "event": 2,
            "system_instruction": 2,
            "operand_service": 3,
            "entity_content_type": 23,
            "entity_object_id": null,
            "parameter_values": null,
            "order": 10
        }
    },
    {
        "model": "design.servicerule",
        "pk": 3,
        "fields": {
            "label": "\u5b8c\u6210 - \u65b0\u9884\u7ea6",
            "name": "xin_yu_yue_wan_cheng",
            "pym": "xyywc",
            "erpsys_id": "d9e6e0f0-b3af-11ef-8d4c-0e586f6f8a1e",
            "service_program": 1,
            "service": 3,
            "event": 1,
            "system_instruction": 2,
            "operand_service": 26,
            "entity_content_type": null,
            "entity_object_id": null,
            "parameter_values": null,
            "order": 20
        }
    },
    {
        "model": "design.servicerule",
        "pk": 4,
        "fields": {
            "label": "\u5b8c\u6210 - \u5230\u8bca\u63d0\u9192",
            "name": "dao_zhen_ti_xing_wan_cheng",
            "pym": "dztxwc",
            "erpsys_id": "3d91d84e-b3b0-11ef-8d4c-0e586f6f8a1e",
            "service_program": 1,
            "service": 26,
            "event": 1,
            "system_instruction": 2,
            "operand_service": 29,
            "entity_content_type": null,
            "entity_object_id": null,
            "parameter_values": null,
            "order": 30
        }
    },
    {
        "model": "design.servicerule",
        "pk": 5,
        "fields": {
            "label": "\u5b8c\u6210 - \u5230\u8bca\u786e\u8ba4",
            "name": "dao_zhen_que_ren_wan_cheng",
            "pym": "dzqrwc",
            "erpsys_id": "d2452a22-b3b0-11ef-8d4c-0e586f6f8a1e",
            "service_program": 1,
            "service": 4,
            "event": 1,
            "system_instruction": 2,
            "operand_service": 28,
            "entity_content_type": null,
            "entity_object_id": null,
            "parameter_values": null,
            "order": 50
        }
    },
    {
        "model": "design.servicerule",
        "pk": 6,
        "fields": {
            "label": "\u5b8c\u6210 - \u7ef4\u62a4\u5ba2\u6237\u6863\u6848",
            "name": "wei_hu_ke_hu_dang_an_wan_cheng",
            "pym": "whkhdawc",
            "erpsys_id": "f3276a34-b3b0-11ef-8d4c-0e586f6f8a1e",
            "service_program": 1,
            "service": 28,
            "event": 1,
            "system_instruction": 2,
            "operand_service": 5,
            "entity_content_type": null,
            "entity_object_id": null,
            "parameter_values": null,
            "order": 60
        }
    },
    {
        "model": "design.servicerule",
        "pk": 7,
        "fields": {
            "label": "\u5b8c\u6210 - \u9762\u8bca\u8bc4\u4f30",
            "name": "mian_zhen_ping_gu_wan_cheng",
            "pym": "mzpgwc",
            "erpsys_id": "0b1be458-b3b1-11ef-8d4c-0e586f6f8a1e",
            "service_program": 1,
            "service": 8,
            "event": 1,
            "system_instruction": 2,
            "operand_service": 19,
            "entity_content_type": null,
            "entity_object_id": null,
            "parameter_values": null,
            "order": 100
        }
    },
    {
        "model": "design.servicerule",
        "pk": 8,
        "fields": {
            "label": "\u5b8c\u6210 - \u8bca\u65ad\u53ca\u5904\u7406",
            "name": "zhen_duan_wan_cheng",
            "pym": "zdwc",
            "erpsys_id": "2bd6944a-b3b1-11ef-8d4c-0e586f6f8a1e",
            "service_program": 1,
            "service": 19,
            "event": 1,
            "system_instruction": 3,
            "operand_service": 30,
            "entity_content_type": null,
            "entity_object_id": null,
            "parameter_values": null,
            "order": 110
        }
    },
    {
        "model": "design.servicerule",
        "pk": 9,
        "fields": {
            "label": "\u670d\u52a1\u5f00\u59cb - \u5ba2\u6237\u63a5\u5f85",
            "name": "xin_jian_ke_hu_jie_dai",
            "pym": "xjkhjd",
            "erpsys_id": "4f8ce414-b3b8-11ef-84fd-0e586f6f8a1e",
            "service_program": 1,
            "service": 29,
            "event": 2,
            "system_instruction": 2,
            "operand_service": 4,
            "entity_content_type": null,
            "entity_object_id": null,
            "parameter_values": null,
            "order": 40
        }
    },
    {
        "model": "design.servicerule",
        "pk": 10,
        "fields": {
            "label": "\u5b8c\u6210 - \u5065\u5eb7\u8c03\u67e5",
            "name": "jian_kang_diao_cha_wan_cheng",
            "pym": "jkdcwc",
            "erpsys_id": "950c5682-b3b8-11ef-84fd-0e586f6f8a1e",
            "service_program": 1,
            "service": 5,
            "event": 1,
            "system_instruction": 3,
            "operand_service": 29,
            "entity_content_type": null,
            "entity_object_id": null,
            "parameter_values": null,
            "order": 70
        }
    },
    {
        "model": "design.servicerule",
        "pk": 11,
        "fields": {
            "label": "\u5b8c\u6210 - \u5ba2\u6237\u63a5\u5f85",
            "name": "ke_hu_jie_dai_wan_cheng",
            "pym": "khjdwc",
            "erpsys_id": "d48d3506-b3b8-11ef-84fd-0e586f6f8a1e",
            "service_program": 1,
            "service": 29,
            "event": 1,
            "system_instruction": 2,
            "operand_service": 30,
            "entity_content_type": null,
            "entity_object_id": null,
            "parameter_values": null,
            "order": 80
        }
    },
    {
        "model": "design.servicerule",
        "pk": 12,
        "fields": {
            "label": "\u670d\u52a1\u5f00\u59cb - \u63a5\u8bca",
            "name": "xin_jian_jie_zhen",
            "pym": "xjjz",
            "erpsys_id": "188c0bce-b3b9-11ef-84fd-0e586f6f8a1e",
            "service_program": 1,
            "service": 30,
            "event": 2,
            "system_instruction": 2,
            "operand_service": 8,
            "entity_content_type": null,
            "entity_object_id": null,
            "parameter_values": null,
            "order": 90
        }
    },
    {
        "model": "design.servicerule",
        "pk": 13,
        "fields": {
            "label": "\u5b8c\u6210 - \u63a5\u8bca",
            "name": "jie_zhen_wan_cheng",
            "pym": "jzwc",
            "erpsys_id": "528598ea-b3b9-11ef-84fd-0e586f6f8a1e",
            "service_program": 1,
            "service": 30,
            "event": 1,
            "system_instruction": 2,
            "operand_service": 7,
            "entity_content_type": null,
            "entity_object_id": null,
            "parameter_values": null,
            "order": 120
        }
    },
    {
        "model": "design.servicerule",
        "pk": 14,
        "fields": {
            "label": "\u5b8c\u6210 - \u4ea4\u8d39",
            "name": "jiao_fei_wan_cheng",
            "pym": "jfwc",
            "erpsys_id": "6a576f8e-b3b9-11ef-84fd-0e586f6f8a1e",
            "service_program": 1,
            "service": 7,
            "event": 1,
            "system_instruction": 2,
            "operand_service": 33,
            "entity_content_type": null,
            "entity_object_id": null,
            "parameter_values": null,
            "order": 130
        }
    },
    {
        "model": "design.servicerule",
        "pk": 15,
        "fields": {
            "label": "\u8c03\u7528\u670d\u52a1 - \u9762\u8bca\u8bc4\u4f30",
            "name": "diao_yong_pi_fu_jian_cha",
            "pym": "dypfjc",
            "erpsys_id": "30a29d04-b3dc-11ef-ac09-0e586f6f8a1e",
            "service_program": 1,
            "service": 8,
            "event": 3,
            "system_instruction": 2,
            "operand_service": 35,
            "entity_content_type": null,
            "entity_object_id": null,
            "parameter_values": null,
            "order": 95
        }
    },
    {
        "model": "design.servicerule",
        "pk": 16,
        "fields": {
            "label": "\u5b8c\u6210 - \u76ae\u80a4\u68c0\u67e5",
            "name": "pi_fu_jian_cha_wan_cheng",
            "pym": "pfjcwc",
            "erpsys_id": "5db987bc-b3dc-11ef-ac09-0e586f6f8a1e",
            "service_program": 1,
            "service": 35,
            "event": 1,
            "system_instruction": 4,
            "operand_service": null,
            "entity_content_type": null,
            "entity_object_id": null,
            "parameter_values": null,
            "order": 97
        }
    },
    {
        "model": "design.servicerule",
        "pk": 17,
        "fields": {
            "label": "\u670d\u52a1\u5f00\u59cb - \u6cbb\u7597\u670d\u52a1",
            "name": "kai_shi_fu_wu_cheng_xu_zhi_liao_fu_wu",
            "pym": "ksfwcxzlfw",
            "erpsys_id": "452d5d8a-b450-11ef-91f6-0e586f6f8a1e",
            "service_program": 1,
            "service": 33,
            "event": 2,
            "system_instruction": 2,
            "operand_service": 37,
            "entity_content_type": null,
            "entity_object_id": null,
            "parameter_values": null,
            "order": 140
        }
    },
    {
        "model": "design.servicerule",
        "pk": 18,
        "fields": {
            "label": "\u5b8c\u6210 - \u6cbb\u7597\u670d\u52a1",
            "name": "wan_cheng_zhi_liao_fu_wu",
            "pym": "wczlfw",
            "erpsys_id": "9dd02346-b450-11ef-91f6-0e586f6f8a1e",
            "service_program": 1,
            "service": 33,
            "event": 1,
            "system_instruction": 3,
            "operand_service": 33,
            "entity_content_type": null,
            "entity_object_id": null,
            "parameter_values": null,
            "order": 150
        }
    },
    {
        "model": "design.workorder",
        "pk": 1,
        "fields": {
            "label": "\u516c\u5171\u4efb\u52a1",
            "name": "gong_gong_ren_wu",
            "pym": "ggrw",
            "erpsys_id": "40ec1ae8-8450-11ef-983d-0e586f6f8a1d",
            "config": [
                {
                    "label": "\u8fdb\u7a0bid",
                    "name": "pid",
                    "value_expression": "pid",
                    "visible": false,
                    "order": 10
                },
                {
                    "label": "\u670d\u52a1id",
                    "name": "service_id",
                    "value_expression": "service.erpsys_id",
                    "visible": false,
                    "order": 10
                },
                {
                    "label": "\u5ba2\u6237id",
                    "name": "entity_id",
                    "value_expression": "entity_content_object.erpsys_id",
                    "visible": false,
                    "order": 10
                },
                {
                    "label": "\u5173\u8054\u5458\u5de5id",
                    "name": "related_staff_id",
                    "value_expression": "entity_content_object.related_staff.erpsys_id",
                    "visible": false,
                    "order": 10
                },
                {
                    "label": "\u72b6\u6001",
                    "name": "state",
                    "value_expression": "state",
                    "visible": false,
                    "order": 10
                },
                {
                    "label": "\u4f18\u5148\u7ea7",
                    "name": "priority",
                    "value_expression": "priority",
                    "visible": false,
                    "order": 10
                },
                {
                    "label": "\u4efb\u52a1\u5165\u53e3",
                    "name": "path",
                    "value_expression": "form_url",
                    "visible": false,
                    "order": 10
                },
                {
                    "label": "\u5b9e\u4f53\u7c7b\u578b",
                    "name": "entity_type",
                    "value_expression": "entity_content_object.__class__.__name__",
                    "visible": false,
                    "order": 10
                },
                {
                    "label": "\u5ba2\u6237\u540d\u79f0",
                    "name": "entity_label",
                    "value_expression": "entity_content_object.label",
                    "visible": true,
                    "order": 100
                },
                {
                    "label": "\u670d\u52a1\u540d\u79f0",
                    "name": "service_label",
                    "value_expression": "service.label",
                    "visible": true,
                    "order": 110
                },
                {
                    "label": "\u8ba1\u5212\u65f6\u95f4",
                    "name": "scheduled_time",
                    "value_expression": "scheduled_time",
                    "visible": true,
                    "order": 120
                },
                {
                    "label": "\u5173\u8054\u5458\u5de5",
                    "name": "related_staff",
                    "value_expression": "entity_content_object.related_staff.label",
                    "visible": true,
                    "order": 130
                }
            ]
        }
    },
    {
        "model": "design.workorder",
        "pk": 2,
        "fields": {
            "label": "\u79c1\u6709\u4efb\u52a1",
            "name": "si_you_ren_wu",
            "pym": "syrw",
            "erpsys_id": "4420be4e-8450-11ef-983d-0e586f6f8a1d",
            "config": [
                {
                    "label": "\u8fdb\u7a0bid",
                    "name": "pid",
                    "value_expression": "pid",
                    "visible": false,
                    "order": 10
                },
                {
                    "label": "\u670d\u52a1id",
                    "name": "service_id",
                    "value_expression": "service.erpsys_id",
                    "visible": false,
                    "order": 10
                },
                {
                    "label": "\u5ba2\u6237id",
                    "name": "entity_id",
                    "value_expression": "entity_content_object.erpsys_id",
                    "visible": false,
                    "order": 10
                },
                {
                    "label": "\u72b6\u6001",
                    "name": "state",
                    "value_expression": "state",
                    "visible": false,
                    "order": 10
                },
                {
                    "label": "\u4f18\u5148\u7ea7",
                    "name": "priority",
                    "value_expression": "priority",
                    "visible": false,
                    "order": 10
                },
                {
                    "label": "\u4efb\u52a1\u5165\u53e3",
                    "name": "path",
                    "value_expression": "form_url",
                    "visible": false,
                    "order": 10
                },
                {
                    "label": "\u5b9e\u4f53\u7c7b\u578b",
                    "name": "entity_type",
                    "value_expression": "entity_content_object.__class__.__name__",
                    "visible": false,
                    "order": 10
                },
                {
                    "label": "\u5ba2\u6237\u540d\u79f0",
                    "name": "entity_label",
                    "value_expression": "entity_content_object.label",
                    "visible": true,
                    "order": 100
                },
                {
                    "label": "\u670d\u52a1\u540d\u79f0",
                    "name": "service_label",
                    "value_expression": "service.label",
                    "visible": true,
                    "order": 110
                },
                {
                    "label": "\u8ba1\u5212\u65f6\u95f4",
                    "name": "scheduled_time",
                    "value_expression": "scheduled_time",
                    "visible": true,
                    "order": 120
                },
                {
                    "label": "\u8054\u7cfb\u7535\u8bdd",
                    "name": "customer_phone",
                    "value_expression": "entity_content_object.property_set_Profile.dian_hua",
                    "visible": true,
                    "order": 130
                }
            ]
        }
    },
    {
        "model": "design.workorder",
        "pk": 3,
        "fields": {
            "label": "\u641c\u7d22\u4e2a\u4eba\u8868\u5934",
            "name": "sou_suo_ge_ren_biao_tou",
            "pym": "ssgrbt",
            "erpsys_id": "b59b257c-86ae-11ef-8dc5-0e586f6f8a1d",
            "config": [
                {
                    "label": "\u4eba\u5458id",
                    "name": "id",
                    "value_expression": "erpsys_id",
                    "visible": false,
                    "order": 10
                },
                {
                    "label": "\u540d\u79f0",
                    "name": "name",
                    "value_expression": "label",
                    "visible": true,
                    "order": 100
                },
                {
                    "label": "\u5e74\u9f84",
                    "name": "age",
                    "value_expression": "property_set_Profile.nian_ling",
                    "visible": true,
                    "order": 110
                },
                {
                    "label": "\u7535\u8bdd",
                    "name": "phone_number",
                    "value_expression": "property_set_Profile.dian_hua",
                    "visible": true,
                    "order": 120
                }
            ]
        }
    },
    {
        "model": "design.workorder",
        "pk": 4,
        "fields": {
            "label": "\u5b9e\u4f53\u4f5c\u4e1a\u4efb\u52a1\u6e05\u5355",
            "name": "shi_ti_zuo_ye_ren_wu_qing_dan",
            "pym": "stzyrwqd",
            "erpsys_id": "3e9743b8-8ad5-11ef-a781-0e586f6f8a1d",
            "config": [
                {
                    "label": "\u4f5c\u4e1a\u5165\u53e3",
                    "name": "path",
                    "value_expression": "form_url",
                    "visible": false,
                    "order": 10
                },
                {
                    "label": "\u670d\u52a1id",
                    "name": "service_id",
                    "value_expression": "service.erpsys_id",
                    "visible": false,
                    "order": 10
                },
                {
                    "label": "\u64cd\u4f5c\u5458id",
                    "name": "operator_id",
                    "value_expression": "operator.erpsys_id",
                    "visible": false,
                    "order": 10
                },
                {
                    "label": "\u72b6\u6001",
                    "name": "state",
                    "value_expression": "state",
                    "visible": false,
                    "order": 10
                },
                {
                    "label": "\u5b9e\u4f53\u7c7b\u578b",
                    "name": "entity_type",
                    "value_expression": "entity_content_object.__class__.__name__",
                    "visible": false,
                    "order": 10
                },
                {
                    "label": "\u670d\u52a1\u540d\u79f0",
                    "name": "service_label",
                    "value_expression": "service.label",
                    "visible": true,
                    "order": 100
                },
                {
                    "label": "\u64cd\u4f5c\u5458",
                    "name": "operator_name",
                    "value_expression": "operator.label",
                    "visible": true,
                    "order": 110
                },
                {
                    "label": "\u8ba1\u5212\u65f6\u95f4",
                    "name": "scheduled_time",
                    "value_expression": "scheduled_time",
                    "visible": true,
                    "order": 120
                }
            ]
        }
    },
    {
        "model": "design.workorder",
        "pk": 5,
        "fields": {
            "label": "\u641c\u7d22\u670d\u52a1\u8868\u5934",
            "name": "sou_suo_fu_wu_biao_tou",
            "pym": "ssfwbt",
            "erpsys_id": "498644f8-8d1a-11ef-8670-0e586f6f8a1d",
            "config": [
                {
                    "label": "\u670d\u52a1\u540d\u79f0",
                    "name": "label",
                    "value_expression": "label",
                    "visible": true,
                    "order": 10
                },
                {
                    "label": "\u670d\u52a1id",
                    "name": "erysys_id",
                    "value_expression": "erpsys_id",
                    "visible": false,
                    "order": 10
                }
            ]
        }
    },
    {
        "model": "design.workorder",
        "pk": 6,
        "fields": {
            "label": "\u5ba2\u6237Profile\u8868\u5934",
            "name": "ke_hu_Profile_biao",
            "pym": "khProfilebt",
            "erpsys_id": "6806bb6a-b7cc-11ef-a319-0e586f6f8a1e",
            "config": [
                {
                    "label": "\u4eba\u5458id",
                    "name": "id",
                    "value_expression": "erpsys_id",
                    "visible": false,
                    "order": 10
                },
                {
                    "label": "\u5b9e\u4f53\u7c7b\u578b",
                    "name": "entity_type",
                    "value_expression": "__class__.__name__",
                    "visible": false,
                    "order": 10
                },
                {
                    "label": "\u540d\u79f0",
                    "name": "name",
                    "value_expression": "label",
                    "visible": true,
                    "order": 100
                },
                {
                    "label": "\u5e74\u9f84",
                    "name": "age",
                    "value_expression": "property_set_Profile.nian_ling",
                    "visible": true,
                    "order": 110
                },
                {
                    "label": "\u7535\u8bdd",
                    "name": "phone_number",
                    "value_expression": "property_set_Profile.dian_hua",
                    "visible": true,
                    "order": 120
                }
            ]
        }
    },
    {
        "model": "design.workorderfields",
        "pk": 1,
        "fields": {
            "work_order": 1,
            "label": "\u8fdb\u7a0bid",
            "name": "pid",
            "value_expression": "pid",
            "visible": false,
            "order": 10
        }
    },
    {
        "model": "design.workorderfields",
        "pk": 2,
        "fields": {
            "work_order": 1,
            "label": "\u670d\u52a1id",
            "name": "service_id",
            "value_expression": "service.erpsys_id",
            "visible": false,
            "order": 10
        }
    },
    {
        "model": "design.workorderfields",
        "pk": 3,
        "fields": {
            "work_order": 1,
            "label": "\u670d\u52a1\u540d\u79f0",
            "name": "service_label",
            "value_expression": "service.label",
            "visible": true,
            "order": 110
        }
    },
    {
        "model": "design.workorderfields",
        "pk": 4,
        "fields": {
            "work_order": 1,
            "label": "\u5ba2\u6237id",
            "name": "entity_id",
            "value_expression": "entity_content_object.erpsys_id",
            "visible": false,
            "order": 10
        }
    },
    {
        "model": "design.workorderfields",
        "pk": 5,
        "fields": {
            "work_order": 1,
            "label": "\u5ba2\u6237\u540d\u79f0",
            "name": "entity_label",
            "value_expression": "entity_content_object.label",
            "visible": true,
            "order": 100
        }
    },
    {
        "model": "design.workorderfields",
        "pk": 6,
        "fields": {
            "work_order": 1,
            "label": "\u5173\u8054\u5458\u5de5id",
            "name": "related_staff_id",
            "value_expression": "entity_content_object.related_staff.erpsys_id",
            "visible": false,
            "order": 10
        }
    },
    {
        "model": "design.workorderfields",
        "pk": 7,
        "fields": {
            "work_order": 1,
            "label": "\u5173\u8054\u5458\u5de5",
            "name": "related_staff",
            "value_expression": "entity_content_object.related_staff.label",
            "visible": true,
            "order": 130
        }
    },
    {
        "model": "design.workorderfields",
        "pk": 8,
        "fields": {
            "work_order": 1,
            "label": "\u8ba1\u5212\u65f6\u95f4",
            "name": "scheduled_time",
            "value_expression": "scheduled_time",
            "visible": true,
            "order": 120
        }
    },
    {
        "model": "design.workorderfields",
        "pk": 9,
        "fields": {
            "work_order": 1,
            "label": "\u72b6\u6001",
            "name": "state",
            "value_expression": "state",
            "visible": false,
            "order": 10
        }
    },
    {
        "model": "design.workorderfields",
        "pk": 10,
        "fields": {
            "work_order": 2,
            "label": "\u8fdb\u7a0bid",
            "name": "pid",
            "value_expression": "pid",
            "visible": false,
            "order": 10
        }
    },
    {
        "model": "design.workorderfields",
        "pk": 11,
        "fields": {
            "work_order": 2,
            "label": "\u670d\u52a1id",
            "name": "service_id",
            "value_expression": "service.erpsys_id",
            "visible": false,
            "order": 10
        }
    },
    {
        "model": "design.workorderfields",
        "pk": 12,
        "fields": {
            "work_order": 2,
            "label": "\u670d\u52a1\u540d\u79f0",
            "name": "service_label",
            "value_expression": "service.label",
            "visible": true,
            "order": 110
        }
    },
    {
        "model": "design.workorderfields",
        "pk": 13,
        "fields": {
            "work_order": 2,
            "label": "\u5ba2\u6237id",
            "name": "entity_id",
            "value_expression": "entity_content_object.erpsys_id",
            "visible": false,
            "order": 10
        }
    },
    {
        "model": "design.workorderfields",
        "pk": 14,
        "fields": {
            "work_order": 2,
            "label": "\u5ba2\u6237\u540d\u79f0",
            "name": "entity_label",
            "value_expression": "entity_content_object.label",
            "visible": true,
            "order": 100
        }
    },
    {
        "model": "design.workorderfields",
        "pk": 15,
        "fields": {
            "work_order": 2,
            "label": "\u8054\u7cfb\u7535\u8bdd",
            "name": "customer_phone",
            "value_expression": "entity_content_object.property_set_Profile.dian_hua",
            "visible": true,
            "order": 130
        }
    },
    {
        "model": "design.workorderfields",
        "pk": 16,
        "fields": {
            "work_order": 2,
            "label": "\u8ba1\u5212\u65f6\u95f4",
            "name": "scheduled_time",
            "value_expression": "scheduled_time",
            "visible": true,
            "order": 120
        }
    },
    {
        "model": "design.workorderfields",
        "pk": 17,
        "fields": {
            "work_order": 2,
            "label": "\u72b6\u6001",
            "name": "state",
            "value_expression": "state",
            "visible": false,
            "order": 10
        }
    },
    {
        "model": "design.workorderfields",
        "pk": 18,
        "fields": {
            "work_order": 1,
            "label": "\u4f18\u5148\u7ea7",
            "name": "priority",
            "value_expression": "priority",
            "visible": false,
            "order": 10
        }
    },
    {
        "model": "design.workorderfields",
        "pk": 19,
        "fields": {
            "work_order": 2,
            "label": "\u4f18\u5148\u7ea7",
            "name": "priority",
            "value_expression": "priority",
            "visible": false,
            "order": 10
        }
    },
    {
        "model": "design.workorderfields",
        "pk": 20,
        "fields": {
            "work_order": 2,
            "label": "\u4efb\u52a1\u5165\u53e3",
            "name": "path",
            "value_expression": "form_url",
            "visible": false,
            "order": 10
        }
    },
    {
        "model": "design.workorderfields",
        "pk": 21,
        "fields": {
            "work_order": 1,
            "label": "\u4efb\u52a1\u5165\u53e3",
            "name": "path",
            "value_expression": "form_url",
            "visible": false,
            "order": 10
        }
    },
    {
        "model": "design.workorderfields",
        "pk": 22,
        "fields": {
            "work_order": 3,
            "label": "\u540d\u79f0",
            "name": "name",
            "value_expression": "label",
            "visible": true,
            "order": 100
        }
    },
    {
        "model": "design.workorderfields",
        "pk": 23,
        "fields": {
            "work_order": 3,
            "label": "\u5e74\u9f84",
            "name": "age",
            "value_expression": "property_set_Profile.nian_ling",
            "visible": true,
            "order": 110
        }
    },
    {
        "model": "design.workorderfields",
        "pk": 24,
        "fields": {
            "work_order": 3,
            "label": "\u7535\u8bdd",
            "name": "phone_number",
            "value_expression": "property_set_Profile.dian_hua",
            "visible": true,
            "order": 120
        }
    },
    {
        "model": "design.workorderfields",
        "pk": 25,
        "fields": {
            "work_order": 3,
            "label": "\u4eba\u5458id",
            "name": "id",
            "value_expression": "erpsys_id",
            "visible": false,
            "order": 10
        }
    },
    {
        "model": "design.workorderfields",
        "pk": 26,
        "fields": {
            "work_order": 4,
            "label": "\u4f5c\u4e1a\u5165\u53e3",
            "name": "path",
            "value_expression": "form_url",
            "visible": false,
            "order": 10
        }
    },
    {
        "model": "design.workorderfields",
        "pk": 27,
        "fields": {
            "work_order": 4,
            "label": "\u670d\u52a1\u540d\u79f0",
            "name": "service_label",
            "value_expression": "service.label",
            "visible": true,
            "order": 100
        }
    },
    {
        "model": "design.workorderfields",
        "pk": 28,
        "fields": {
            "work_order": 4,
            "label": "\u670d\u52a1id",
            "name": "service_id",
            "value_expression": "service.erpsys_id",
            "visible": false,
            "order": 10
        }
    },
    {
        "model": "design.workorderfields",
        "pk": 29,
        "fields": {
            "work_order": 4,
            "label": "\u64cd\u4f5c\u5458",
            "name": "operator_name",
            "value_expression": "operator.label",
            "visible": true,
            "order": 110
        }
    },
    {
        "model": "design.workorderfields",
        "pk": 30,
        "fields": {
            "work_order": 4,
            "label": "\u64cd\u4f5c\u5458id",
            "name": "operator_id",
            "value_expression": "operator.erpsys_id",
            "visible": false,
            "order": 10
        }
    },
    {
        "model": "design.workorderfields",
        "pk": 31,
        "fields": {
            "work_order": 4,
            "label": "\u72b6\u6001",
            "name": "state",
            "value_expression": "state",
            "visible": false,
            "order": 10
        }
    },
    {
        "model": "design.workorderfields",
        "pk": 32,
        "fields": {
            "work_order": 4,
            "label": "\u8ba1\u5212\u65f6\u95f4",
            "name": "scheduled_time",
            "value_expression": "scheduled_time",
            "visible": true,
            "order": 120
        }
    },
    {
        "model": "design.workorderfields",
        "pk": 33,
        "fields": {
            "work_order": 5,
            "label": "\u670d\u52a1\u540d\u79f0",
            "name": "label",
            "value_expression": "label",
            "visible": true,
            "order": 10
        }
    },
    {
        "model": "design.workorderfields",
        "pk": 34,
        "fields": {
            "work_order": 5,
            "label": "\u670d\u52a1id",
            "name": "erysys_id",
            "value_expression": "erpsys_id",
            "visible": false,
            "order": 10
        }
    },
    {
        "model": "design.workorderfields",
        "pk": 35,
        "fields": {
            "work_order": 6,
            "label": "\u4eba\u5458id",
            "name": "id",
            "value_expression": "erpsys_id",
            "visible": false,
            "order": 10
        }
    },
    {
        "model": "design.workorderfields",
        "pk": 36,
        "fields": {
            "work_order": 6,
            "label": "\u540d\u79f0",
            "name": "name",
            "value_expression": "label",
            "visible": true,
            "order": 100
        }
    },
    {
        "model": "design.workorderfields",
        "pk": 37,
        "fields": {
            "work_order": 6,
            "label": "\u5e74\u9f84",
            "name": "age",
            "value_expression": "property_set_Profile.nian_ling",
            "visible": true,
            "order": 110
        }
    },
    {
        "model": "design.workorderfields",
        "pk": 38,
        "fields": {
            "work_order": 6,
            "label": "\u7535\u8bdd",
            "name": "phone_number",
            "value_expression": "property_set_Profile.dian_hua",
            "visible": true,
            "order": 120
        }
    },
    {
        "model": "design.workorderfields",
        "pk": 39,
        "fields": {
            "work_order": 2,
            "label": "\u5b9e\u4f53\u7c7b\u578b",
            "name": "entity_type",
            "value_expression": "entity_content_object.__class__.__name__",
            "visible": false,
            "order": 10
        }
    },
    {
        "model": "design.workorderfields",
        "pk": 40,
        "fields": {
            "work_order": 1,
            "label": "\u5b9e\u4f53\u7c7b\u578b",
            "name": "entity_type",
            "value_expression": "entity_content_object.__class__.__name__",
            "visible": false,
            "order": 10
        }
    },
    {
        "model": "design.workorderfields",
        "pk": 41,
        "fields": {
            "work_order": 6,
            "label": "\u5b9e\u4f53\u7c7b\u578b",
            "name": "entity_type",
            "value_expression": "__class__.__name__",
            "visible": false,
            "order": 10
        }
    },
    {
        "model": "design.workorderfields",
        "pk": 42,
        "fields": {
            "work_order": 4,
            "label": "\u5b9e\u4f53\u7c7b\u578b",
            "name": "entity_type",
            "value_expression": "entity_content_object.__class__.__name__",
            "visible": false,
            "order": 10
        }
    },
    {
        "model": "design.api",
        "pk": 1,
        "fields": {
            "label": "\u53d1\u751f\u4f01\u4e1a\u5fae\u4fe1\u901a\u77e5",
            "name": "fa_sheng_qi_ye_wei_xin_tong_zhi",
            "pym": "fsqywxtz",
            "erpsys_id": "2c4e0794-8eba-11ef-bd19-0e586f6f8a1d",
            "provider": null,
            "url": "https://api-open-cater.meituan.com/waimai/ng/comment/queryCommentList",
            "request_method": "POST",
            "content_type": null,
            "response_type": null,
            "document_url": null
        }
    },
    {
        "model": "design.project",
        "pk": 1,
        "fields": {
            "label": "\u989c\u9752\u8bca\u6240",
            "name": "YanQing",
            "pym": "yqzs",
            "erpsys_id": "a481c3d4-39d5-11ef-98d6-0e586f6f8a1e",
            "domain": "127.0.0.1",
            "description": null
        }
    },
    {
        "model": "kernel.organization",
        "pk": 39,
        "fields": {
            "label": "\u989c\u9752\u533b\u7f8e\u8bca\u6240",
            "name": "yan_qing_yi_mei_zhen_suo",
            "pym": "yqymzs",
            "erpsys_id": "8470fe62-82cc-11ef-9643-0e586f6f8a1d"
        }
    },
    {
        "model": "kernel.role",
        "pk": 235,
        "fields": {
            "label": "\u533b\u751f",
            "name": "yi_sheng",
            "pym": "ys",
            "erpsys_id": "bf8d1c10-91ef-11ef-92a0-0e586f6f8a1d",
            "services": []
        }
    },
    {
        "model": "kernel.role",
        "pk": 236,
        "fields": {
            "label": "\u62a4\u58eb",
            "name": "hu_shi",
            "pym": "hs",
            "erpsys_id": "bf8d5504-91ef-11ef-92a0-0e586f6f8a1d",
            "services": []
        }
    },
    {
        "model": "kernel.role",
        "pk": 237,
        "fields": {
            "label": "\u5ba2\u670d",
            "name": "ke_fu",
            "pym": "kf",
            "erpsys_id": "bf8d653a-91ef-11ef-92a0-0e586f6f8a1d",
            "services": []
        }
    },
    {
        "model": "kernel.role",
        "pk": 238,
        "fields": {
            "label": "\u7ba1\u7406\u5458",
            "name": "guan_li_yuan",
            "pym": "gly",
            "erpsys_id": "bf8d741c-91ef-11ef-92a0-0e586f6f8a1d",
            "services": [
                463,
                464,
                465,
                466,
                467,
                468,
                469,
                470,
                471,
                472,
                473,
                474,
                475,
                476,
                477,
                478,
                479,
                480,
                481,
                482,
                483,
                484,
                485,
                486,
                487,
                488,
                489,
                490,
                491,
                492,
                493
            ]
        }
    },
    {
        "model": "kernel.role",
        "pk": 239,
        "fields": {
            "label": "\u5ba2\u6237",
            "name": "ke_hu",
            "pym": "kh",
            "erpsys_id": "bf8d82a4-91ef-11ef-92a0-0e586f6f8a1d",
            "services": []
        }
    },
    {
        "model": "kernel.role",
        "pk": 240,
        "fields": {
            "label": "System",
            "name": "System",
            "pym": "System",
            "erpsys_id": "bf8d8fec-91ef-11ef-92a0-0e586f6f8a1d",
            "services": []
        }
    },
    {
        "model": "kernel.operator",
        "pk": 434,
        "fields": {
            "label": "\u9648\u533b\u751f",
            "name": "chen_yi_sheng",
            "pym": "cys",
            "erpsys_id": "8d457584-82c9-11ef-93d4-0e586f6f8a1d",
            "active": false,
            "user": 2,
            "organization": 39,
            "related_staff": null,
            "context": null,
            "role": [
                235
            ]
        }
    },
    {
        "model": "kernel.operator",
        "pk": 435,
        "fields": {
            "label": "\u5c0f\u65b9",
            "name": "xiao_fang",
            "pym": "xf",
            "erpsys_id": "c7ea1518-82ca-11ef-87c3-0e586f6f8a1d",
            "active": false,
            "user": 4,
            "organization": 39,
            "related_staff": null,
            "context": null,
            "role": [
                236,
                237
            ]
        }
    },
    {
        "model": "kernel.operator",
        "pk": 436,
        "fields": {
            "label": "\u5c0f\u848b",
            "name": "xiao_jiang",
            "pym": "xj",
            "erpsys_id": "cfcf4ba4-82ca-11ef-87c3-0e586f6f8a1d",
            "active": false,
            "user": 5,
            "organization": 39,
            "related_staff": null,
            "context": null,
            "role": [
                236,
                237
            ]
        }
    },
    {
        "model": "kernel.operator",
        "pk": 437,
        "fields": {
            "label": "\u81ea\u52a8\u8c03\u5ea6",
            "name": "SystemSchedler",
            "pym": null,
            "erpsys_id": "a263bb28-4003-11ef-8ef0-0e586f6f8a1e",
            "active": false,
            "user": null,
            "organization": 39,
            "related_staff": null,
            "context": null,
            "role": [
                240
            ]
        }
    },
    {
        "model": "kernel.operator",
        "pk": 438,
        "fields": {
            "label": "\u7ecf\u7406",
            "name": "Manager",
            "pym": null,
            "erpsys_id": "2e0e0d1a-400c-11ef-9a95-0e586f6f8a1e",
            "active": false,
            "user": 3,
            "organization": 39,
            "related_staff": 434,
            "context": null,
            "role": [
                238
            ]
        }
    },
    {
        "model": "kernel.operator",
        "pk": 439,
        "fields": {
            "label": "\u5f20\u4e09",
            "name": "zhang_san",
            "pym": "zs",
            "erpsys_id": "5d6adf1c-82e1-11ef-be58-0e586f6f8a1d",
            "active": false,
            "user": 6,
            "organization": null,
            "related_staff": null,
            "context": null,
            "role": [
                239
            ]
        }
    },
    {
        "model": "kernel.operator",
        "pk": 440,
        "fields": {
            "label": "\u674e\u56db",
            "name": "li_si",
            "pym": "ls",
            "erpsys_id": "664fdbd2-82e1-11ef-be58-0e586f6f8a1d",
            "active": false,
            "user": 7,
            "organization": null,
            "related_staff": null,
            "context": null,
            "role": [
                239
            ]
        }
    },
    {
        "model": "kernel.operator",
        "pk": 441,
        "fields": {
            "label": "\u738b\u4e94",
            "name": "wang_wu",
            "pym": "ww",
            "erpsys_id": "6bfbd996-82e1-11ef-be58-0e586f6f8a1d",
            "active": false,
            "user": 8,
            "organization": null,
            "related_staff": null,
            "context": null,
            "role": [
                239
            ]
        }
    },
    {
        "model": "kernel.operator",
        "pk": 442,
        "fields": {
            "label": "\u8d75\u516d",
            "name": "zhao_liu",
            "pym": "zl",
            "erpsys_id": "76daa162-82e1-11ef-be58-0e586f6f8a1d",
            "active": false,
            "user": 9,
            "organization": null,
            "related_staff": null,
            "context": null,
            "role": [
                239
            ]
        }
    },
    {
        "model": "kernel.operator",
        "pk": 443,
        "fields": {
            "label": "\u94b1\u4e03",
            "name": "qian_qi",
            "pym": "qq",
            "erpsys_id": "7d184df4-82e1-11ef-be58-0e586f6f8a1d",
            "active": false,
            "user": 10,
            "organization": null,
            "related_staff": null,
            "context": null,
            "role": [
                239
            ]
        }
    },
    {
        "model": "kernel.operator",
        "pk": 444,
        "fields": {
            "label": "\u5b59\u516b",
            "name": "sun_ba",
            "pym": "sb",
            "erpsys_id": "8911ca0e-82e1-11ef-be58-0e586f6f8a1d",
            "active": false,
            "user": 11,
            "organization": null,
            "related_staff": null,
            "context": null,
            "role": [
                239
            ]
        }
    },
    {
        "model": "kernel.operator",
        "pk": 445,
        "fields": {
            "label": "\u5468\u4e5d",
            "name": "zhou_jiu",
            "pym": "zj",
            "erpsys_id": "8ed3f656-82e1-11ef-be58-0e586f6f8a1d",
            "active": false,
            "user": 12,
            "organization": null,
            "related_staff": null,
            "context": null,
            "role": [
                239
            ]
        }
    },
    {
        "model": "kernel.operator",
        "pk": 453,
        "fields": {
            "label": "\u672a\u77e5",
            "name": "wei_zhi",
            "pym": "wz",
            "erpsys_id": "5dad6aea-c368-11ef-a3ad-0e586f6f8a1e",
            "active": false,
            "user": null,
            "organization": null,
            "related_staff": null,
            "context": null,
            "role": []
        }
    },
    {
        "model": "kernel.operator",
        "pk": 454,
        "fields": {
            "label": "\u672a\u77e5",
            "name": "wei_zhi",
            "pym": "wz",
            "erpsys_id": "68713c72-c390-11ef-9f63-0e586f6f8a1e",
            "active": false,
            "user": null,
            "organization": null,
            "related_staff": null,
            "context": null,
            "role": []
        }
    },
    {
        "model": "kernel.operator",
        "pk": 455,
        "fields": {
            "label": "\u672a\u77e5",
            "name": "wei_zhi",
            "pym": "wz",
            "erpsys_id": "40fc8d20-c423-11ef-894d-0e586f6f8a1e",
            "active": false,
            "user": null,
            "organization": null,
            "related_staff": null,
            "context": null,
            "role": []
        }
    },
    {
        "model": "kernel.operator",
        "pk": 456,
        "fields": {
            "label": "\u672a\u77e5",
            "name": "wei_zhi",
            "pym": "wz",
            "erpsys_id": "4a1666be-c42e-11ef-92fc-0e586f6f8a1e",
            "active": false,
            "user": null,
            "organization": null,
            "related_staff": null,
            "context": null,
            "role": []
        }
    },
    {
        "model": "kernel.operator",
        "pk": 457,
        "fields": {
            "label": "\u672a\u77e5",
            "name": "wei_zhi",
            "pym": "wz",
            "erpsys_id": "22e7aba6-c42f-11ef-a8d5-0e586f6f8a1e",
            "active": false,
            "user": null,
            "organization": null,
            "related_staff": null,
            "context": null,
            "role": []
        }
    },
    {
        "model": "kernel.operator",
        "pk": 458,
        "fields": {
            "label": "\u672a\u77e5",
            "name": "wei_zhi",
            "pym": "wz",
            "erpsys_id": "b0276ecc-c437-11ef-94fa-0e586f6f8a1e",
            "active": false,
            "user": null,
            "organization": null,
            "related_staff": null,
            "context": null,
            "role": []
        }
    },
    {
        "model": "kernel.operator",
        "pk": 459,
        "fields": {
            "label": "\u672a\u77e5",
            "name": "wei_zhi",
            "pym": "wz",
            "erpsys_id": "d91cc70a-c437-11ef-94fa-0e586f6f8a1e",
            "active": false,
            "user": null,
            "organization": null,
            "related_staff": null,
            "context": null,
            "role": []
        }
    },
    {
        "model": "kernel.operator",
        "pk": 460,
        "fields": {
            "label": "\u672a\u77e5",
            "name": "wei_zhi",
            "pym": "wz",
            "erpsys_id": "e2a5b16e-c438-11ef-bf65-0e586f6f8a1e",
            "active": false,
            "user": null,
            "organization": null,
            "related_staff": null,
            "context": null,
            "role": []
        }
    },
    {
        "model": "kernel.operator",
        "pk": 461,
        "fields": {
            "label": "\u672a\u77e5",
            "name": "wei_zhi",
            "pym": "wz",
            "erpsys_id": "56f21632-c454-11ef-a92b-0e586f6f8a1e",
            "active": false,
            "user": null,
            "organization": null,
            "related_staff": null,
            "context": null,
            "role": []
        }
    },
    {
        "model": "kernel.operator",
        "pk": 462,
        "fields": {
            "label": "\u672a\u77e5",
            "name": "wei_zhi",
            "pym": "wz",
            "erpsys_id": "61a97b06-c454-11ef-a92b-0e586f6f8a1e",
            "active": false,
            "user": null,
            "organization": null,
            "related_staff": null,
            "context": null,
            "role": []
        }
    },
    {
        "model": "kernel.operator",
        "pk": 463,
        "fields": {
            "label": "\u672a\u77e5",
            "name": "wei_zhi",
            "pym": "wz",
            "erpsys_id": "97832290-c459-11ef-9923-0e586f6f8a1e",
            "active": false,
            "user": null,
            "organization": null,
            "related_staff": null,
            "context": null,
            "role": []
        }
    },
    {
        "model": "kernel.operator",
        "pk": 464,
        "fields": {
            "label": "\u672a\u77e5",
            "name": "wei_zhi",
            "pym": "wz",
            "erpsys_id": "a09c30e8-c4bc-11ef-9923-0e586f6f8a1e",
            "active": false,
            "user": null,
            "organization": null,
            "related_staff": null,
            "context": null,
            "role": []
        }
    },
    {
        "model": "kernel.operator",
        "pk": 465,
        "fields": {
            "label": "\u672a\u77e5",
            "name": "wei_zhi",
            "pym": "wz",
            "erpsys_id": "dc9df976-c4c8-11ef-84bc-0e586f6f8a1e",
            "active": false,
            "user": null,
            "organization": null,
            "related_staff": null,
            "context": null,
            "role": []
        }
    },
    {
        "model": "kernel.resource",
        "pk": 235,
        "fields": {
            "label": "\u7269\u6599",
            "name": "Material",
            "pym": null,
            "erpsys_id": "969eb5f2-3dee-11ef-b684-0e586f6f8a1e"
        }
    },
    {
        "model": "kernel.resource",
        "pk": 236,
        "fields": {
            "label": "\u8bbe\u5907",
            "name": "Equipment",
            "pym": null,
            "erpsys_id": "969f053e-3dee-11ef-b684-0e586f6f8a1e"
        }
    },
    {
        "model": "kernel.resource",
        "pk": 237,
        "fields": {
            "label": "\u5de5\u5177",
            "name": "Device",
            "pym": null,
            "erpsys_id": "969f2eb0-3dee-11ef-b684-0e586f6f8a1e"
        }
    },
    {
        "model": "kernel.resource",
        "pk": 238,
        "fields": {
            "label": "\u8d44\u91d1",
            "name": "Capital",
            "pym": null,
            "erpsys_id": "969f5cfa-3dee-11ef-b684-0e586f6f8a1e"
        }
    },
    {
        "model": "kernel.resource",
        "pk": 239,
        "fields": {
            "label": "\u77e5\u8bc6",
            "name": "Knowledge",
            "pym": null,
            "erpsys_id": "969f97ce-3dee-11ef-b684-0e586f6f8a1e"
        }
    },
    {
        "model": "kernel.resource",
        "pk": 240,
        "fields": {
            "label": "\u4eba\u5458",
            "name": "Operator",
            "pym": null,
            "erpsys_id": "d2a1e8ce-40c0-11ef-8159-0e586f6f8a1e"
        }
    },
    {
        "model": "kernel.service",
        "pk": 463,
        "fields": {
            "label": "\u7528\u6237\u767b\u5f55",
            "name": "user_login",
            "pym": "yhdl",
            "erpsys_id": "b94e64e6-4067-11ef-9e4b-0e586f6f8a1e",
            "config": {
                "erpsys_id": "b94e64e6-4067-11ef-9e4b-0e586f6f8a1e",
                "serve_content_type": "Operator",
                "consists": [],
                "action": {
                    "action_func_name": null,
                    "action_api_url": null,
                    "action_api_params": null
                },
                "material_requirements": [],
                "equipment_requirements": [],
                "device_requirements": [],
                "capital_requirements": [],
                "knowledge_requirements": [],
                "subject": {
                    "erpsys_id": "8766a5ee-904c-11ef-8786-0e586f6f8a1d",
                    "name": "RiZhi"
                },
                "price": "None",
                "route_to": {},
                "reference": [],
                "program": null,
                "service_type": "SYSTEM"
            }
        }
    },
    {
        "model": "kernel.service",
        "pk": 464,
        "fields": {
            "label": "\u7528\u6237\u6ce8\u518c",
            "name": "user_register",
            "pym": "yhzc",
            "erpsys_id": "c7a3bb5e-4067-11ef-9e4b-0e586f6f8a1e",
            "config": {
                "erpsys_id": "c7a3bb5e-4067-11ef-9e4b-0e586f6f8a1e",
                "serve_content_type": "Operator",
                "consists": [],
                "action": {
                    "action_func_name": null,
                    "action_api_url": null,
                    "action_api_params": null
                },
                "material_requirements": [],
                "equipment_requirements": [],
                "device_requirements": [],
                "capital_requirements": [],
                "knowledge_requirements": [],
                "subject": {
                    "erpsys_id": "8766a5ee-904c-11ef-8786-0e586f6f8a1d",
                    "name": "RiZhi"
                },
                "price": "None",
                "route_to": {},
                "reference": [],
                "program": null,
                "service_type": "SYSTEM"
            }
        }
    },
    {
        "model": "kernel.service",
        "pk": 465,
        "fields": {
            "label": "\u7269\u6599\u5165\u5e93",
            "name": "wu_liao_ru_ku",
            "pym": "wlrk",
            "erpsys_id": "ef97f612-3b75-11ef-9ede-0e586f6f8a1e",
            "config": {
                "erpsys_id": "ef97f612-3b75-11ef-9ede-0e586f6f8a1e",
                "serve_content_type": "Material",
                "consists": [],
                "action": {
                    "action_func_name": null,
                    "action_api_url": null,
                    "action_api_params": null
                },
                "material_requirements": [],
                "equipment_requirements": [],
                "device_requirements": [],
                "capital_requirements": [],
                "knowledge_requirements": [],
                "subject": {
                    "erpsys_id": "1a27c720-3844-11ef-80e6-0e586f6f8a1e",
                    "name": "WuLiaoTaiZhang"
                },
                "price": "None",
                "route_to": {},
                "reference": [],
                "program": null,
                "service_type": "MANUAL"
            }
        }
    },
    {
        "model": "kernel.service",
        "pk": 466,
        "fields": {
            "label": "\u7269\u6599\u51fa\u5e93",
            "name": "wu_liao_chu_ku",
            "pym": "wlck",
            "erpsys_id": "dcae1c46-3b77-11ef-a2ed-0e586f6f8a1e",
            "config": {
                "erpsys_id": "dcae1c46-3b77-11ef-a2ed-0e586f6f8a1e",
                "serve_content_type": "Material",
                "consists": [],
                "action": {
                    "action_func_name": null,
                    "action_api_url": null,
                    "action_api_params": null
                },
                "material_requirements": [],
                "equipment_requirements": [],
                "device_requirements": [],
                "capital_requirements": [],
                "knowledge_requirements": [],
                "subject": {
                    "erpsys_id": "1a27c720-3844-11ef-80e6-0e586f6f8a1e",
                    "name": "WuLiaoTaiZhang"
                },
                "price": "None",
                "route_to": {},
                "reference": [],
                "program": null,
                "service_type": "MANUAL"
            }
        }
    },
    {
        "model": "kernel.service",
        "pk": 467,
        "fields": {
            "label": "\u65b0\u9884\u7ea6",
            "name": "xin_yu_yue",
            "pym": "xyy",
            "erpsys_id": "ce926e82-3cf8-11ef-8490-0e586f6f8a1e",
            "config": {
                "erpsys_id": "ce926e82-3cf8-11ef-8490-0e586f6f8a1e",
                "serve_content_type": "Operator",
                "consists": [],
                "action": {
                    "action_func_name": null,
                    "action_api_url": null,
                    "action_api_params": null
                },
                "material_requirements": [],
                "equipment_requirements": [],
                "device_requirements": [],
                "capital_requirements": [],
                "knowledge_requirements": [],
                "subject": {
                    "erpsys_id": "fb689c22-3c0a-11ef-9c58-0e586f6f8a1e",
                    "name": "YuYueJiLu"
                },
                "price": "None",
                "route_to": {},
                "reference": [],
                "program": null,
                "service_type": "MANUAL"
            }
        }
    },
    {
        "model": "kernel.service",
        "pk": 468,
        "fields": {
            "label": "\u5230\u8bca\u786e\u8ba4",
            "name": "dao_zhen_que_ren",
            "pym": "dzqr",
            "erpsys_id": "ffd3a662-3cfa-11ef-8b98-0e586f6f8a1e",
            "config": {
                "erpsys_id": "ffd3a662-3cfa-11ef-8b98-0e586f6f8a1e",
                "serve_content_type": "Operator",
                "consists": [],
                "action": {
                    "action_func_name": null,
                    "action_api_url": null,
                    "action_api_params": null
                },
                "material_requirements": [],
                "equipment_requirements": [],
                "device_requirements": [],
                "capital_requirements": [],
                "knowledge_requirements": [],
                "subject": {
                    "erpsys_id": "fb689c22-3c0a-11ef-9c58-0e586f6f8a1e",
                    "name": "YuYueJiLu"
                },
                "price": "None",
                "route_to": {},
                "reference": [],
                "program": null,
                "service_type": "MANUAL"
            }
        }
    },
    {
        "model": "kernel.service",
        "pk": 469,
        "fields": {
            "label": "\u5065\u5eb7\u8c03\u67e5",
            "name": "jian_kang_diao_cha",
            "pym": "jkdc",
            "erpsys_id": "9f572ffe-3d02-11ef-97d2-0e586f6f8a1e",
            "config": {
                "erpsys_id": "9f572ffe-3d02-11ef-97d2-0e586f6f8a1e",
                "serve_content_type": "Operator",
                "consists": [],
                "action": {
                    "action_func_name": null,
                    "action_api_url": null,
                    "action_api_params": null
                },
                "material_requirements": [],
                "equipment_requirements": [],
                "device_requirements": [],
                "capital_requirements": [],
                "knowledge_requirements": [],
                "subject": {
                    "erpsys_id": "0c20c364-3d0f-11ef-a4a3-0e586f6f8a1e",
                    "name": "JianKangDiaoChaJiLu"
                },
                "price": "None",
                "route_to": {},
                "reference": [],
                "program": null,
                "service_type": "MANUAL"
            }
        }
    },
    {
        "model": "kernel.service",
        "pk": 470,
        "fields": {
            "label": "\u9884\u5145\u503c",
            "name": "yu_chong_zhi",
            "pym": "ycz",
            "erpsys_id": "396f8c12-3d03-11ef-9f8b-0e586f6f8a1e",
            "config": {
                "erpsys_id": "396f8c12-3d03-11ef-9f8b-0e586f6f8a1e",
                "serve_content_type": "Operator",
                "consists": [],
                "action": {
                    "action_func_name": null,
                    "action_api_url": null,
                    "action_api_params": null
                },
                "material_requirements": [],
                "equipment_requirements": [],
                "device_requirements": [],
                "capital_requirements": [],
                "knowledge_requirements": [],
                "subject": {
                    "erpsys_id": "56e1f028-3d9e-11ef-9bfc-0e586f6f8a1e",
                    "name": "ChongZhiJiLu"
                },
                "price": "None",
                "route_to": {},
                "reference": [],
                "program": null,
                "service_type": "MANUAL"
            }
        }
    },
    {
        "model": "kernel.service",
        "pk": 471,
        "fields": {
            "label": "\u4ea4\u8d39",
            "name": "jiao_fei",
            "pym": "jf",
            "erpsys_id": "3f2757b6-3d03-11ef-9f8b-0e586f6f8a1e",
            "config": {
                "erpsys_id": "3f2757b6-3d03-11ef-9f8b-0e586f6f8a1e",
                "serve_content_type": "Operator",
                "consists": [],
                "action": {
                    "action_func_name": null,
                    "action_api_url": null,
                    "action_api_params": null
                },
                "material_requirements": [],
                "equipment_requirements": [],
                "device_requirements": [],
                "capital_requirements": [],
                "knowledge_requirements": [],
                "subject": {
                    "erpsys_id": "66dfa880-90eb-11ef-9be8-0e586f6f8a1d",
                    "name": "ShouFeiJiLu"
                },
                "price": "None",
                "route_to": {},
                "reference": [],
                "program": null,
                "service_type": "MANUAL"
            }
        }
    },
    {
        "model": "kernel.service",
        "pk": 472,
        "fields": {
            "label": "\u9762\u8bca\u8bc4\u4f30",
            "name": "mian_zhen_ping_gu",
            "pym": "mzpg",
            "erpsys_id": "5850919e-3d03-11ef-9f8b-0e586f6f8a1e",
            "config": {
                "erpsys_id": "5850919e-3d03-11ef-9f8b-0e586f6f8a1e",
                "serve_content_type": "Operator",
                "consists": [],
                "action": {
                    "action_func_name": null,
                    "action_api_url": null,
                    "action_api_params": null
                },
                "material_requirements": [],
                "equipment_requirements": [],
                "device_requirements": [],
                "capital_requirements": [],
                "knowledge_requirements": [],
                "subject": {
                    "erpsys_id": "7b5cf414-3d0f-11ef-a4a3-0e586f6f8a1e",
                    "name": "ZhuanKePingGuJiLu"
                },
                "price": "None",
                "route_to": {},
                "reference": [],
                "program": null,
                "service_type": "MANUAL"
            }
        }
    },
    {
        "model": "kernel.service",
        "pk": 473,
        "fields": {
            "label": "\u8089\u6bd2\u7d20\u6cbb\u7597",
            "name": "rou_du_su_zhi_liao",
            "pym": "rdszl",
            "erpsys_id": "4bd03324-3d04-11ef-9c6e-0e586f6f8a1e",
            "config": {
                "erpsys_id": "4bd03324-3d04-11ef-9c6e-0e586f6f8a1e",
                "serve_content_type": "Operator",
                "consists": [],
                "action": {
                    "action_func_name": null,
                    "action_api_url": null,
                    "action_api_params": null
                },
                "material_requirements": [],
                "equipment_requirements": [],
                "device_requirements": [],
                "capital_requirements": [],
                "knowledge_requirements": [],
                "subject": {
                    "erpsys_id": "17252328-3d90-11ef-a31c-0e586f6f8a1e",
                    "name": "RouDuSuZhiLiaoJiLu"
                },
                "price": "None",
                "route_to": {},
                "reference": [],
                "program": null,
                "service_type": "MANUAL"
            }
        }
    },
    {
        "model": "kernel.service",
        "pk": 474,
        "fields": {
            "label": "\u8d85\u58f0\u70ae\u6cbb\u7597",
            "name": "chao_sheng_pao_zhi_liao",
            "pym": "cspzl",
            "erpsys_id": "52d0e8d0-3d04-11ef-9c6e-0e586f6f8a1e",
            "config": {
                "erpsys_id": "52d0e8d0-3d04-11ef-9c6e-0e586f6f8a1e",
                "serve_content_type": "Operator",
                "consists": [],
                "action": {
                    "action_func_name": null,
                    "action_api_url": null,
                    "action_api_params": null
                },
                "material_requirements": [],
                "equipment_requirements": [],
                "device_requirements": [],
                "capital_requirements": [],
                "knowledge_requirements": [],
                "subject": {
                    "erpsys_id": "57b4c93e-3d90-11ef-a31c-0e586f6f8a1e",
                    "name": "ChaoShengPaoZhiLiaoJiLu"
                },
                "price": "None",
                "route_to": {},
                "reference": [],
                "program": null,
                "service_type": "MANUAL"
            }
        }
    },
    {
        "model": "kernel.service",
        "pk": 475,
        "fields": {
            "label": "\u9ec4\u91d1\u5fae\u9488\u6cbb\u7597",
            "name": "huang_jin_wei_zhen_zhi_liao",
            "pym": "hjwzzl",
            "erpsys_id": "5ae8c5b0-3d04-11ef-9c6e-0e586f6f8a1e",
            "config": {
                "erpsys_id": "5ae8c5b0-3d04-11ef-9c6e-0e586f6f8a1e",
                "serve_content_type": "Operator",
                "consists": [],
                "action": {
                    "action_func_name": null,
                    "action_api_url": null,
                    "action_api_params": null
                },
                "material_requirements": [],
                "equipment_requirements": [],
                "device_requirements": [],
                "capital_requirements": [],
                "knowledge_requirements": [],
                "subject": {
                    "erpsys_id": "6dcfc61a-3d90-11ef-a31c-0e586f6f8a1e",
                    "name": "HuangJinWeiZhenZhiLiaoJiLu"
                },
                "price": "None",
                "route_to": {},
                "reference": [],
                "program": null,
                "service_type": "MANUAL"
            }
        }
    },
    {
        "model": "kernel.service",
        "pk": 476,
        "fields": {
            "label": "\u8c03Q\u6cbb\u7597",
            "name": "diao_Q_zhi_liao",
            "pym": "dQzl",
            "erpsys_id": "650f7a52-3d04-11ef-9c6e-0e586f6f8a1e",
            "config": {
                "erpsys_id": "650f7a52-3d04-11ef-9c6e-0e586f6f8a1e",
                "serve_content_type": "Operator",
                "consists": [],
                "action": {
                    "action_func_name": null,
                    "action_api_url": null,
                    "action_api_params": null
                },
                "material_requirements": [],
                "equipment_requirements": [],
                "device_requirements": [],
                "capital_requirements": [],
                "knowledge_requirements": [],
                "subject": {
                    "erpsys_id": "8442b06a-3d90-11ef-a31c-0e586f6f8a1e",
                    "name": "DiaoQZhiLiaoJiLu"
                },
                "price": "None",
                "route_to": {},
                "reference": [],
                "program": null,
                "service_type": "MANUAL"
            }
        }
    },
    {
        "model": "kernel.service",
        "pk": 477,
        "fields": {
            "label": "\u5149\u5b50\u6cbb\u7597",
            "name": "guang_zi_zhi_liao",
            "pym": "gzzl",
            "erpsys_id": "6a1f70b0-3d04-11ef-9c6e-0e586f6f8a1e",
            "config": {
                "erpsys_id": "6a1f70b0-3d04-11ef-9c6e-0e586f6f8a1e",
                "serve_content_type": "Operator",
                "consists": [],
                "action": {
                    "action_func_name": null,
                    "action_api_url": null,
                    "action_api_params": null
                },
                "material_requirements": [],
                "equipment_requirements": [],
                "device_requirements": [],
                "capital_requirements": [],
                "knowledge_requirements": [],
                "subject": {
                    "erpsys_id": "bf9ee46c-3d90-11ef-a31c-0e586f6f8a1e",
                    "name": "GuangZiZhiLiaoJiLu"
                },
                "price": "None",
                "route_to": {},
                "reference": [],
                "program": null,
                "service_type": "MANUAL"
            }
        }
    },
    {
        "model": "kernel.service",
        "pk": 478,
        "fields": {
            "label": "\u679c\u9178\u6cbb\u7597",
            "name": "guo_suan_zhi_liao",
            "pym": "gszl",
            "erpsys_id": "6e918eee-3d04-11ef-9c6e-0e586f6f8a1e",
            "config": {
                "erpsys_id": "6e918eee-3d04-11ef-9c6e-0e586f6f8a1e",
                "serve_content_type": "Operator",
                "consists": [],
                "action": {
                    "action_func_name": null,
                    "action_api_url": null,
                    "action_api_params": null
                },
                "material_requirements": [],
                "equipment_requirements": [],
                "device_requirements": [],
                "capital_requirements": [],
                "knowledge_requirements": [],
                "subject": {
                    "erpsys_id": "d3094556-3d90-11ef-a31c-0e586f6f8a1e",
                    "name": "GuoSuanZhiLiaoJiLu"
                },
                "price": "None",
                "route_to": {},
                "reference": [],
                "program": null,
                "service_type": "MANUAL"
            }
        }
    },
    {
        "model": "kernel.service",
        "pk": 479,
        "fields": {
            "label": "\u6c34\u5149\u9488\u6cbb\u7597",
            "name": "shui_guang_zhen_zhi_liao",
            "pym": "sgzzl",
            "erpsys_id": "74a5a00e-3d04-11ef-9c6e-0e586f6f8a1e",
            "config": {
                "erpsys_id": "74a5a00e-3d04-11ef-9c6e-0e586f6f8a1e",
                "serve_content_type": "Operator",
                "consists": [],
                "action": {
                    "action_func_name": null,
                    "action_api_url": null,
                    "action_api_params": null
                },
                "material_requirements": [],
                "equipment_requirements": [],
                "device_requirements": [],
                "capital_requirements": [],
                "knowledge_requirements": [],
                "subject": {
                    "erpsys_id": "16fe8226-3d91-11ef-a31c-0e586f6f8a1e",
                    "name": "ShuiGuangZhenZhiLiaoJiLu"
                },
                "price": "None",
                "route_to": {},
                "reference": [],
                "program": null,
                "service_type": "MANUAL"
            }
        }
    },
    {
        "model": "kernel.service",
        "pk": 480,
        "fields": {
            "label": "\u53d1\u9001\u6cbb\u7597\u6ce8\u610f\u4e8b\u9879",
            "name": "fa_song_zhi_liao_zhu_yi_shi_xiang",
            "pym": "fszlzysx",
            "erpsys_id": "a96d64c0-3d04-11ef-9c6e-0e586f6f8a1e",
            "config": {
                "erpsys_id": "a96d64c0-3d04-11ef-9c6e-0e586f6f8a1e",
                "serve_content_type": "Operator",
                "consists": [],
                "action": {
                    "action_func_name": null,
                    "action_api_url": null,
                    "action_api_params": null
                },
                "material_requirements": [],
                "equipment_requirements": [],
                "device_requirements": [],
                "capital_requirements": [],
                "knowledge_requirements": [],
                "subject": {
                    "erpsys_id": "e4a1b3b6-3dc7-11ef-a37e-0e586f6f8a1e",
                    "name": "FaSongZhiLiaoZhuYiShiXiangJiLu"
                },
                "price": "None",
                "route_to": {},
                "reference": [],
                "program": null,
                "service_type": "MANUAL"
            }
        }
    },
    {
        "model": "kernel.service",
        "pk": 481,
        "fields": {
            "label": "\u7b7e\u7f72\u77e5\u60c5\u540c\u610f\u4e66",
            "name": "qian_shu_zhi_qing_tong_yi_shu",
            "pym": "qszqtys",
            "erpsys_id": "ba80a24a-3d04-11ef-9c6e-0e586f6f8a1e",
            "config": {
                "erpsys_id": "ba80a24a-3d04-11ef-9c6e-0e586f6f8a1e",
                "serve_content_type": "Operator",
                "consists": [],
                "action": {
                    "action_func_name": null,
                    "action_api_url": null,
                    "action_api_params": null
                },
                "material_requirements": [],
                "equipment_requirements": [],
                "device_requirements": [],
                "capital_requirements": [],
                "knowledge_requirements": [],
                "subject": {
                    "erpsys_id": "2a04da0a-3dc8-11ef-a37e-0e586f6f8a1e",
                    "name": "QianShuZhiQingTongYiShuJiLu"
                },
                "price": "None",
                "route_to": {},
                "reference": [],
                "program": null,
                "service_type": "MANUAL"
            }
        }
    },
    {
        "model": "kernel.service",
        "pk": 482,
        "fields": {
            "label": "\u968f\u8bbf",
            "name": "sui_fang",
            "pym": "sf",
            "erpsys_id": "ea681916-3d04-11ef-9c6e-0e586f6f8a1e",
            "config": {
                "erpsys_id": "ea681916-3d04-11ef-9c6e-0e586f6f8a1e",
                "serve_content_type": "Operator",
                "consists": [],
                "action": {
                    "action_func_name": null,
                    "action_api_url": null,
                    "action_api_params": null
                },
                "material_requirements": [],
                "equipment_requirements": [],
                "device_requirements": [],
                "capital_requirements": [],
                "knowledge_requirements": [],
                "subject": {
                    "erpsys_id": "80351fea-3d9e-11ef-9bfc-0e586f6f8a1e",
                    "name": "SuiFangJiLu"
                },
                "price": "None",
                "route_to": {},
                "reference": [],
                "program": null,
                "service_type": "MANUAL"
            }
        }
    },
    {
        "model": "kernel.service",
        "pk": 483,
        "fields": {
            "label": "\u8bca\u65ad\u53ca\u5904\u7406",
            "name": "zhen_duan_ji_chu_li",
            "pym": "zdjcl",
            "erpsys_id": "a6f93c20-3d11-11ef-9060-0e586f6f8a1e",
            "config": {
                "erpsys_id": "a6f93c20-3d11-11ef-9060-0e586f6f8a1e",
                "serve_content_type": "Operator",
                "consists": [],
                "action": {
                    "action_func_name": null,
                    "action_api_url": null,
                    "action_api_params": null
                },
                "material_requirements": [],
                "equipment_requirements": [],
                "device_requirements": [],
                "capital_requirements": [],
                "knowledge_requirements": [],
                "subject": {
                    "erpsys_id": "c1819c92-3d0f-11ef-a4a3-0e586f6f8a1e",
                    "name": "ZhenDuanJiChuLiYiJianJiLu"
                },
                "price": "None",
                "route_to": {},
                "reference": [],
                "program": null,
                "service_type": "MANUAL"
            }
        }
    },
    {
        "model": "kernel.service",
        "pk": 484,
        "fields": {
            "label": "\u767b\u5f55\u7b7e\u5230\u6d4b\u8bd5\u670d\u52a1",
            "name": "deng_lu_qian_dao_ce_shi_fu_wu",
            "pym": null,
            "erpsys_id": "e87642c6-40c5-11ef-95e5-0e586f6f8a1e",
            "config": {
                "erpsys_id": "e87642c6-40c5-11ef-95e5-0e586f6f8a1e",
                "consists": [],
                "action": {
                    "action_func_name": null,
                    "action_api_url": null,
                    "action_api_params": null
                },
                "material_requirements": [],
                "equipment_requirements": [],
                "device_requirements": [],
                "capital_requirements": [],
                "knowledge_requirements": [],
                "subject": {
                    "erpsys_id": "83b1bdf6-4003-11ef-8ef0-0e586f6f8a1e",
                    "name": "DengLuQianDaoJiLu"
                },
                "price": "None",
                "route_to": {},
                "reference": [],
                "program": null,
                "service_type": "USER"
            }
        }
    },
    {
        "model": "kernel.service",
        "pk": 485,
        "fields": {
            "label": "\u53d1\u9001\u4f01\u4e1a\u5fae\u4fe1\u901a\u77e5",
            "name": "fa_song_qi_ye_wei_xin_tong_zhi",
            "pym": "fsqywxtz",
            "erpsys_id": "68b9161a-8eba-11ef-bd19-0e586f6f8a1d",
            "config": {
                "erpsys_id": "68b9161a-8eba-11ef-bd19-0e586f6f8a1d",
                "serve_content_type": "Operator",
                "consists": [],
                "action": {
                    "action_func_name": "send_wechart_message",
                    "action_api_url": "https://api-open-cater.meituan.com/waimai/ng/comment/queryCommentList",
                    "action_api_params": null
                },
                "material_requirements": [],
                "equipment_requirements": [],
                "device_requirements": [],
                "capital_requirements": [],
                "knowledge_requirements": [],
                "subject": {
                    "erpsys_id": "8766a5ee-904c-11ef-8786-0e586f6f8a1d",
                    "name": "RiZhi"
                },
                "price": "None",
                "route_to": {},
                "reference": [],
                "program": null,
                "service_type": "MANUAL"
            }
        }
    },
    {
        "model": "kernel.service",
        "pk": 486,
        "fields": {
            "label": "\u63d0\u9192\u9884\u7ea6",
            "name": "ti_xing_yu_yue",
            "pym": "txyy",
            "erpsys_id": "90eb6cf4-904b-11ef-ae12-0e586f6f8a1d",
            "config": {
                "erpsys_id": "90eb6cf4-904b-11ef-ae12-0e586f6f8a1d",
                "serve_content_type": "Operator",
                "consists": [],
                "action": {
                    "action_func_name": null,
                    "action_api_url": null,
                    "action_api_params": null
                },
                "material_requirements": [],
                "equipment_requirements": [],
                "device_requirements": [],
                "capital_requirements": [],
                "knowledge_requirements": [],
                "subject": {
                    "erpsys_id": "8766a5ee-904c-11ef-8786-0e586f6f8a1d",
                    "name": "RiZhi"
                },
                "price": "None",
                "route_to": {},
                "reference": [],
                "program": null,
                "service_type": "SYSTEM"
            }
        }
    },
    {
        "model": "kernel.service",
        "pk": 487,
        "fields": {
            "label": "\u5230\u8bca\u63d0\u9192",
            "name": "dao_zhen_ti_xing",
            "pym": "dztx",
            "erpsys_id": "008c5a40-904d-11ef-8786-0e586f6f8a1d",
            "config": {
                "erpsys_id": "008c5a40-904d-11ef-8786-0e586f6f8a1d",
                "serve_content_type": "Operator",
                "consists": [],
                "action": {
                    "action_func_name": null,
                    "action_api_url": null,
                    "action_api_params": null
                },
                "material_requirements": [],
                "equipment_requirements": [],
                "device_requirements": [],
                "capital_requirements": [],
                "knowledge_requirements": [],
                "subject": {
                    "erpsys_id": "4a9bffdc-904d-11ef-8786-0e586f6f8a1d",
                    "name": "YuYueTiXingJiLu"
                },
                "price": "None",
                "route_to": {},
                "reference": [],
                "program": null,
                "service_type": "MANUAL"
            }
        }
    },
    {
        "model": "kernel.service",
        "pk": 488,
        "fields": {
            "label": "\u670d\u52a1\u8ba1\u5212\u5185\u9884\u7ea6",
            "name": "fu_wu_ji_hua_nei_yu_yue",
            "pym": "yy",
            "erpsys_id": "04b5dca2-904f-11ef-9a7e-0e586f6f8a1d",
            "config": {
                "erpsys_id": "04b5dca2-904f-11ef-9a7e-0e586f6f8a1d",
                "serve_content_type": "Operator",
                "consists": [],
                "action": {
                    "action_func_name": null,
                    "action_api_url": null,
                    "action_api_params": null
                },
                "material_requirements": [],
                "equipment_requirements": [],
                "device_requirements": [],
                "capital_requirements": [],
                "knowledge_requirements": [],
                "subject": {
                    "erpsys_id": "fb689c22-3c0a-11ef-9c58-0e586f6f8a1e",
                    "name": "YuYueJiLu"
                },
                "price": "None",
                "route_to": {},
                "reference": [],
                "program": null,
                "service_type": "MANUAL"
            }
        }
    },
    {
        "model": "kernel.service",
        "pk": 489,
        "fields": {
            "label": "\u7ef4\u62a4\u5ba2\u6237\u6863\u6848",
            "name": "wei_hu_ke_hu_dang_an",
            "pym": "whkhda",
            "erpsys_id": "d2061af8-9051-11ef-9a7e-0e586f6f8a1d",
            "config": {
                "erpsys_id": "d2061af8-9051-11ef-9a7e-0e586f6f8a1d",
                "serve_content_type": "Operator",
                "consists": [],
                "action": {
                    "action_func_name": null,
                    "action_api_url": null,
                    "action_api_params": null
                },
                "material_requirements": [],
                "equipment_requirements": [],
                "device_requirements": [],
                "capital_requirements": [],
                "knowledge_requirements": [],
                "subject": {
                    "erpsys_id": "ee7880c6-3c4c-11ef-b00e-0e586f6f8a1e",
                    "name": "Profile"
                },
                "price": "None",
                "route_to": {},
                "reference": [],
                "program": null,
                "service_type": "MANUAL"
            }
        }
    },
    {
        "model": "kernel.service",
        "pk": 490,
        "fields": {
            "label": "\u5ba2\u6237\u63a5\u5f85",
            "name": "ke_hu_jie_dai",
            "pym": "khjd",
            "erpsys_id": "1812887e-9057-11ef-9a7e-0e586f6f8a1d",
            "config": {
                "erpsys_id": "1812887e-9057-11ef-9a7e-0e586f6f8a1d",
                "serve_content_type": "Operator",
                "consists": [
                    {
                        "erpsys_id": "ffd3a662-3cfa-11ef-8b98-0e586f6f8a1e",
                        "name": "dao_zhen_que_ren",
                        "quantity": 1
                    },
                    {
                        "erpsys_id": "d2061af8-9051-11ef-9a7e-0e586f6f8a1d",
                        "name": "wei_hu_ke_hu_dang_an",
                        "quantity": 1
                    },
                    {
                        "erpsys_id": "9f572ffe-3d02-11ef-97d2-0e586f6f8a1e",
                        "name": "jian_kang_diao_cha",
                        "quantity": 1
                    }
                ],
                "action": {
                    "action_func_name": null,
                    "action_api_url": null,
                    "action_api_params": null
                },
                "material_requirements": [],
                "equipment_requirements": [],
                "device_requirements": [],
                "capital_requirements": [],
                "knowledge_requirements": [],
                "subject": {
                    "erpsys_id": "8766a5ee-904c-11ef-8786-0e586f6f8a1d",
                    "name": "RiZhi"
                },
                "price": "None",
                "route_to": {},
                "reference": [],
                "program": null,
                "service_type": "MANUAL"
            }
        }
    },
    {
        "model": "kernel.service",
        "pk": 491,
        "fields": {
            "label": "\u63a5\u8bca",
            "name": "jie_zhen",
            "pym": "jz",
            "erpsys_id": "b61a3026-9057-11ef-9a7e-0e586f6f8a1d",
            "config": {
                "erpsys_id": "b61a3026-9057-11ef-9a7e-0e586f6f8a1d",
                "serve_content_type": "Operator",
                "consists": [
                    {
                        "erpsys_id": "5850919e-3d03-11ef-9f8b-0e586f6f8a1e",
                        "name": "mian_zhen_ping_gu",
                        "quantity": 1
                    },
                    {
                        "erpsys_id": "a6f93c20-3d11-11ef-9060-0e586f6f8a1e",
                        "name": "zhen_duan_ji_chu_li",
                        "quantity": 1
                    }
                ],
                "action": {
                    "action_func_name": null,
                    "action_api_url": null,
                    "action_api_params": null
                },
                "material_requirements": [],
                "equipment_requirements": [],
                "device_requirements": [],
                "capital_requirements": [],
                "knowledge_requirements": [],
                "subject": {
                    "erpsys_id": "8766a5ee-904c-11ef-8786-0e586f6f8a1d",
                    "name": "RiZhi"
                },
                "price": "None",
                "route_to": {},
                "reference": [],
                "program": null,
                "service_type": "MANUAL"
            }
        }
    },
    {
        "model": "kernel.service",
        "pk": 492,
        "fields": {
            "label": "\u63d0\u9192\u968f\u8bbf",
            "name": "ti_xing_sui_fang",
            "pym": "txsf",
            "erpsys_id": "3a14122a-9125-11ef-aa2e-0e586f6f8a1d",
            "config": {
                "erpsys_id": "3a14122a-9125-11ef-aa2e-0e586f6f8a1d",
                "serve_content_type": "Operator",
                "consists": [],
                "action": {
                    "action_func_name": null,
                    "action_api_url": null,
                    "action_api_params": null
                },
                "material_requirements": [],
                "equipment_requirements": [],
                "device_requirements": [],
                "capital_requirements": [],
                "knowledge_requirements": [],
                "subject": {
                    "erpsys_id": "8766a5ee-904c-11ef-8786-0e586f6f8a1d",
                    "name": "RiZhi"
                },
                "price": "None",
                "route_to": {},
                "reference": [],
                "program": null,
                "service_type": "SYSTEM"
            }
        }
    },
    {
        "model": "kernel.service",
        "pk": 493,
        "fields": {
            "label": "\u6838\u9500\u6cbb\u7597\u9879\u76ee",
            "name": "he_xiao_zhi_liao_xiang_mu",
            "pym": "hxzlxm",
            "erpsys_id": "7b5b228a-9122-11ef-aa2e-0e586f6f8a1d",
            "config": {
                "erpsys_id": "7b5b228a-9122-11ef-aa2e-0e586f6f8a1d",
                "serve_content_type": "Operator",
                "consists": [],
                "action": {
                    "action_func_name": null,
                    "action_api_url": null,
                    "action_api_params": null
                },
                "material_requirements": [],
                "equipment_requirements": [],
                "device_requirements": [],
                "capital_requirements": [],
                "knowledge_requirements": [],
                "subject": {
                    "erpsys_id": "52277ae4-9122-11ef-aa2e-0e586f6f8a1d",
                    "name": "ZhiLiaoXiangMuHeXiaoJiLu"
                },
                "price": "None",
                "route_to": {},
                "reference": [],
                "program": null,
                "service_type": "MANUAL"
            }
        }
    },
    {
        "model": "kernel.service",
        "pk": 494,
        "fields": {
            "label": "\u6cbb\u7597\u670d\u52a1",
            "name": "zhi_liao_fu_wu",
            "pym": "zlfw",
            "erpsys_id": "992bc8f8-b3ac-11ef-a6d8-0e586f6f8a1e",
            "config": {
                "erpsys_id": "992bc8f8-b3ac-11ef-a6d8-0e586f6f8a1e",
                "serve_content_type": "Operator",
                "consists": [],
                "action": {
                    "action_func_name": null,
                    "action_api_url": null,
                    "action_api_params": null
                },
                "material_requirements": [],
                "equipment_requirements": [],
                "device_requirements": [],
                "capital_requirements": [],
                "knowledge_requirements": [],
                "subject": {
                    "erpsys_id": "8766a5ee-904c-11ef-8786-0e586f6f8a1d",
                    "name": "RiZhi"
                },
                "price": "None",
                "route_to": {},
                "reference": [],
                "program": null,
                "service_type": "MANUAL"
            }
        }
    },
    {
        "model": "kernel.service",
        "pk": 495,
        "fields": {
            "label": "\u5ba2\u6237\u670d\u52a1",
            "name": "ke_hu_fu_wu",
            "pym": "khfw",
            "erpsys_id": "bb592f4c-b3ac-11ef-a6d8-0e586f6f8a1e",
            "config": {
                "erpsys_id": "bb592f4c-b3ac-11ef-a6d8-0e586f6f8a1e",
                "serve_content_type": "Operator",
                "consists": [],
                "action": {
                    "action_func_name": null,
                    "action_api_url": null,
                    "action_api_params": null
                },
                "material_requirements": [],
                "equipment_requirements": [],
                "device_requirements": [],
                "capital_requirements": [],
                "knowledge_requirements": [],
                "subject": {
                    "erpsys_id": "8766a5ee-904c-11ef-8786-0e586f6f8a1d",
                    "name": "RiZhi"
                },
                "price": "None",
                "route_to": {},
                "reference": [],
                "program": null,
                "service_type": "MANUAL"
            }
        }
    },
    {
        "model": "kernel.service",
        "pk": 496,
        "fields": {
            "label": "\u76ae\u80a4\u68c0\u67e5",
            "name": "pi_fu_jian_cha",
            "pym": "pfjc",
            "erpsys_id": "d74ecd72-b3db-11ef-ac09-0e586f6f8a1e",
            "config": {
                "erpsys_id": "d74ecd72-b3db-11ef-ac09-0e586f6f8a1e",
                "serve_content_type": "Operator",
                "consists": [],
                "action": {
                    "action_func_name": null,
                    "action_api_url": null,
                    "action_api_params": null
                },
                "material_requirements": [],
                "equipment_requirements": [],
                "device_requirements": [],
                "capital_requirements": [],
                "knowledge_requirements": [],
                "subject": {
                    "erpsys_id": "0c20c364-3d0f-11ef-a4a3-0e586f6f8a1e",
                    "name": "JianKangDiaoChaJiLu"
                },
                "price": "None",
                "route_to": {},
                "reference": [],
                "program": null,
                "service_type": "MANUAL"
            }
        }
    },
    {
        "model": "kernel.service",
        "pk": 497,
        "fields": {
            "label": "\u51c6\u5907\u6cbb\u7597\u8ba1\u5212",
            "name": "zhun_bei_zhi_liao_ji_hua",
            "pym": "zbzljh",
            "erpsys_id": "140df224-b44f-11ef-b5b5-0e586f6f8a1e",
            "config": {
                "erpsys_id": "140df224-b44f-11ef-b5b5-0e586f6f8a1e",
                "serve_content_type": "Operator",
                "consists": [],
                "action": {
                    "action_func_name": null,
                    "action_api_url": null,
                    "action_api_params": null
                },
                "material_requirements": [],
                "equipment_requirements": [],
                "device_requirements": [],
                "capital_requirements": [],
                "knowledge_requirements": [],
                "subject": {
                    "erpsys_id": "8766a5ee-904c-11ef-8786-0e586f6f8a1d",
                    "name": "RiZhi"
                },
                "price": "None",
                "route_to": {},
                "reference": [],
                "program": null,
                "service_type": "SYSTEM"
            }
        }
    },
    {
        "model": "kernel.service",
        "pk": 498,
        "fields": {
            "label": "\u542f\u52a8\u6cbb\u7597\u7a0b\u5e8f",
            "name": "qi_dong_zhi_liao_cheng_xu",
            "pym": "qdzlcx",
            "erpsys_id": "703e54e4-b44f-11ef-b5b5-0e586f6f8a1e",
            "config": {
                "erpsys_id": "703e54e4-b44f-11ef-b5b5-0e586f6f8a1e",
                "serve_content_type": "Operator",
                "consists": [],
                "action": {
                    "action_func_name": null,
                    "action_api_url": null,
                    "action_api_params": null
                },
                "material_requirements": [],
                "equipment_requirements": [],
                "device_requirements": [],
                "capital_requirements": [],
                "knowledge_requirements": [],
                "subject": {},
                "price": "None",
                "route_to": {},
                "reference": [],
                "program": null,
                "service_type": "SYSTEM"
            }
        }
    },
    {
        "model": "kernel.service",
        "pk": 499,
        "fields": {
            "label": "\u7ed3\u675f\u6cbb\u7597\u7a0b\u5e8f",
            "name": "jie_shu_zhi_liao_cheng_xu",
            "pym": "jszlcx",
            "erpsys_id": "8473db14-b44f-11ef-b5b5-0e586f6f8a1e",
            "config": {
                "erpsys_id": "8473db14-b44f-11ef-b5b5-0e586f6f8a1e",
                "serve_content_type": "Operator",
                "consists": [],
                "action": {
                    "action_func_name": null,
                    "action_api_url": null,
                    "action_api_params": null
                },
                "material_requirements": [],
                "equipment_requirements": [],
                "device_requirements": [],
                "capital_requirements": [],
                "knowledge_requirements": [],
                "subject": {},
                "price": "None",
                "route_to": {},
                "reference": [],
                "program": null,
                "service_type": "SYSTEM"
            }
        }
    },
    {
        "model": "kernel.event",
        "pk": 40,
        "fields": {
            "label": "\u5b8c\u6210",
            "name": "completed",
            "pym": "wc",
            "erpsys_id": "e1b0fc5e-40c2-11ef-a996-0e586f6f8a1e",
            "description": "\u670d\u52a1\u5b8c\u6210",
            "expression": "state=='TERMINATED'",
            "parameters": null
        }
    },
    {
        "model": "kernel.event",
        "pk": 41,
        "fields": {
            "label": "\u670d\u52a1\u5f00\u59cb",
            "name": "start_service_program",
            "pym": "fwks",
            "erpsys_id": "1204ccc4-b3a9-11ef-a6d8-0e586f6f8a1e",
            "description": "\u5f00\u59cb\u4e00\u4e2a\u5305\u542b\u4e00\u7cfb\u5217\u670d\u52a1\u7684\u7a0b\u5e8f",
            "expression": "start_service_program==True",
            "parameters": null
        }
    },
    {
        "model": "kernel.event",
        "pk": 42,
        "fields": {
            "label": "\u8c03\u7528\u670d\u52a1",
            "name": "calling_service",
            "pym": "dy",
            "erpsys_id": "29bd7b0a-b3da-11ef-86ca-0e586f6f8a1e",
            "description": "\u670d\u52a1\u8fc7\u7a0b\u4e2d\u8c03\u7528\u5176\u5b83\u670d\u52a1",
            "expression": "calling_service==True",
            "parameters": null
        }
    },
    {
        "model": "kernel.event",
        "pk": 43,
        "fields": {
            "label": "\u5168\u90e8\u5b8c\u6210",
            "name": "batch_completed",
            "pym": null,
            "erpsys_id": "bff66e24-bf9c-11ef-a55e-0e586f6f8a1e",
            "description": "\u6279\u6b21\u670d\u52a1\u4efb\u52a1\u5168\u90e8\u5b8c\u6210",
            "expression": "batch_completed==True",
            "parameters": null
        }
    },
    {
        "model": "kernel.instruction",
        "pk": 40,
        "fields": {
            "label": "\u542f\u52a8",
            "name": "start_one_service",
            "pym": "qd",
            "erpsys_id": "7e12020a-425d-11ef-9de5-0e586f6f8a1e",
            "sys_call": "start_one_service",
            "parameters": null
        }
    },
    {
        "model": "kernel.instruction",
        "pk": 41,
        "fields": {
            "label": "\u7ed3\u675f",
            "name": "end_service_program",
            "pym": "js",
            "erpsys_id": "1f7f1d8e-b3b6-11ef-a1fb-0e586f6f8a1e",
            "sys_call": "end_service_program",
            "parameters": null
        }
    },
    {
        "model": "kernel.instruction",
        "pk": 42,
        "fields": {
            "label": "\u8fd4\u56de",
            "name": "return_calling_service",
            "pym": "fh",
            "erpsys_id": "80bafb5c-b3db-11ef-ac09-0e586f6f8a1e",
            "sys_call": "return_calling_service",
            "parameters": null
        }
    },
    {
        "model": "kernel.instruction",
        "pk": 43,
        "fields": {
            "label": "\u6279\u91cf\u542f\u52a8",
            "name": "start_batch_service",
            "pym": "plqd",
            "erpsys_id": "2c0b7c7e-b44b-11ef-ac3f-0e586f6f8a1e",
            "sys_call": "start_batch_service",
            "parameters": null
        }
    },
    {
        "model": "kernel.instruction",
        "pk": 44,
        "fields": {
            "label": "\u8c03\u7528",
            "name": "call_service_program",
            "pym": "dy",
            "erpsys_id": "fbcddfa6-bd1f-11ef-96a1-0e586f6f8a1e",
            "sys_call": "call_service_program",
            "parameters": null
        }
    },
    {
        "model": "kernel.serviceprogram",
        "pk": 1,
        "fields": {
            "label": "\u6807\u51c6\u670d\u52a1\u7a0b\u5e8f",
            "name": "standard_service_program",
            "pym": null,
            "erpsys_id": "06430890-bd47-11ef-adfc-0e586f6f8a1e",
            "version": null,
            "sys_default": true,
            "entity_content_type": null,
            "entity_object_id": null,
            "active": true,
            "creator": 438,
            "created_at": "2024-12-18T13:50:21.716Z"
        }
    },
    {
        "model": "kernel.servicerule",
        "pk": 40,
        "fields": {
            "label": "\u7528\u6237\u767b\u5f55\u5b8c\u6210",
            "name": "logined",
            "pym": "yhdlwc",
            "erpsys_id": "9c286804-40c5-11ef-95e5-0e586f6f8a1e",
            "service_program": 1,
            "service": 463,
            "event": 40,
            "system_instruction": 40,
            "operand_service": 484,
            "entity_content_type": null,
            "entity_object_id": null,
            "parameter_values": null,
            "order": 0
        }
    },
    {
        "model": "kernel.servicerule",
        "pk": 41,
        "fields": {
            "label": "\u5b8c\u6210 - \u65b0\u9884\u7ea6",
            "name": "xin_yu_yue_wan_cheng",
            "pym": "xyywc",
            "erpsys_id": "d9e6e0f0-b3af-11ef-8d4c-0e586f6f8a1e",
            "service_program": 1,
            "service": 467,
            "event": 40,
            "system_instruction": 40,
            "operand_service": 487,
            "entity_content_type": null,
            "entity_object_id": null,
            "parameter_values": null,
            "order": 20
        }
    },
    {
        "model": "kernel.servicerule",
        "pk": 42,
        "fields": {
            "label": "\u5b8c\u6210 - \u5230\u8bca\u63d0\u9192",
            "name": "dao_zhen_ti_xing_wan_cheng",
            "pym": "dztxwc",
            "erpsys_id": "3d91d84e-b3b0-11ef-8d4c-0e586f6f8a1e",
            "service_program": 1,
            "service": 487,
            "event": 40,
            "system_instruction": 40,
            "operand_service": 490,
            "entity_content_type": null,
            "entity_object_id": null,
            "parameter_values": null,
            "order": 30
        }
    },
    {
        "model": "kernel.servicerule",
        "pk": 43,
        "fields": {
            "label": "\u5b8c\u6210 - \u5230\u8bca\u786e\u8ba4",
            "name": "dao_zhen_que_ren_wan_cheng",
            "pym": "dzqrwc",
            "erpsys_id": "d2452a22-b3b0-11ef-8d4c-0e586f6f8a1e",
            "service_program": 1,
            "service": 468,
            "event": 40,
            "system_instruction": 40,
            "operand_service": 489,
            "entity_content_type": null,
            "entity_object_id": null,
            "parameter_values": null,
            "order": 50
        }
    },
    {
        "model": "kernel.servicerule",
        "pk": 44,
        "fields": {
            "label": "\u5b8c\u6210 - \u7ef4\u62a4\u5ba2\u6237\u6863\u6848",
            "name": "wei_hu_ke_hu_dang_an_wan_cheng",
            "pym": "whkhdawc",
            "erpsys_id": "f3276a34-b3b0-11ef-8d4c-0e586f6f8a1e",
            "service_program": 1,
            "service": 489,
            "event": 40,
            "system_instruction": 40,
            "operand_service": 469,
            "entity_content_type": null,
            "entity_object_id": null,
            "parameter_values": null,
            "order": 60
        }
    },
    {
        "model": "kernel.servicerule",
        "pk": 45,
        "fields": {
            "label": "\u5b8c\u6210 - \u9762\u8bca\u8bc4\u4f30",
            "name": "mian_zhen_ping_gu_wan_cheng",
            "pym": "mzpgwc",
            "erpsys_id": "0b1be458-b3b1-11ef-8d4c-0e586f6f8a1e",
            "service_program": 1,
            "service": 472,
            "event": 40,
            "system_instruction": 40,
            "operand_service": 483,
            "entity_content_type": null,
            "entity_object_id": null,
            "parameter_values": null,
            "order": 100
        }
    },
    {
        "model": "kernel.servicerule",
        "pk": 46,
        "fields": {
            "label": "\u5b8c\u6210 - \u8bca\u65ad\u53ca\u5904\u7406",
            "name": "zhen_duan_wan_cheng",
            "pym": "zdwc",
            "erpsys_id": "2bd6944a-b3b1-11ef-8d4c-0e586f6f8a1e",
            "service_program": 1,
            "service": 483,
            "event": 40,
            "system_instruction": 41,
            "operand_service": 491,
            "entity_content_type": null,
            "entity_object_id": null,
            "parameter_values": null,
            "order": 110
        }
    },
    {
        "model": "kernel.servicerule",
        "pk": 47,
        "fields": {
            "label": "\u670d\u52a1\u5f00\u59cb - \u5ba2\u6237\u670d\u52a1",
            "name": "xin_jian_ke_hu_fu_wu",
            "pym": "xjkhfw",
            "erpsys_id": "beab02a8-b3af-11ef-8d4c-0e586f6f8a1e",
            "service_program": 1,
            "service": 495,
            "event": 41,
            "system_instruction": 40,
            "operand_service": 467,
            "entity_content_type": 42,
            "entity_object_id": null,
            "parameter_values": null,
            "order": 10
        }
    },
    {
        "model": "kernel.servicerule",
        "pk": 48,
        "fields": {
            "label": "\u5b8c\u6210 - \u5065\u5eb7\u8c03\u67e5",
            "name": "jian_kang_diao_cha_wan_cheng",
            "pym": "jkdcwc",
            "erpsys_id": "950c5682-b3b8-11ef-84fd-0e586f6f8a1e",
            "service_program": 1,
            "service": 469,
            "event": 40,
            "system_instruction": 41,
            "operand_service": 490,
            "entity_content_type": null,
            "entity_object_id": null,
            "parameter_values": null,
            "order": 70
        }
    },
    {
        "model": "kernel.servicerule",
        "pk": 49,
        "fields": {
            "label": "\u5b8c\u6210 - \u5ba2\u6237\u63a5\u5f85",
            "name": "ke_hu_jie_dai_wan_cheng",
            "pym": "khjdwc",
            "erpsys_id": "d48d3506-b3b8-11ef-84fd-0e586f6f8a1e",
            "service_program": 1,
            "service": 490,
            "event": 40,
            "system_instruction": 40,
            "operand_service": 491,
            "entity_content_type": null,
            "entity_object_id": null,
            "parameter_values": null,
            "order": 80
        }
    },
    {
        "model": "kernel.servicerule",
        "pk": 50,
        "fields": {
            "label": "\u5b8c\u6210 - \u63a5\u8bca",
            "name": "jie_zhen_wan_cheng",
            "pym": "jzwc",
            "erpsys_id": "528598ea-b3b9-11ef-84fd-0e586f6f8a1e",
            "service_program": 1,
            "service": 491,
            "event": 40,
            "system_instruction": 40,
            "operand_service": 471,
            "entity_content_type": null,
            "entity_object_id": null,
            "parameter_values": null,
            "order": 120
        }
    },
    {
        "model": "kernel.servicerule",
        "pk": 51,
        "fields": {
            "label": "\u5b8c\u6210 - \u4ea4\u8d39",
            "name": "jiao_fei_wan_cheng",
            "pym": "jfwc",
            "erpsys_id": "6a576f8e-b3b9-11ef-84fd-0e586f6f8a1e",
            "service_program": 1,
            "service": 471,
            "event": 40,
            "system_instruction": 40,
            "operand_service": 494,
            "entity_content_type": null,
            "entity_object_id": null,
            "parameter_values": null,
            "order": 130
        }
    },
    {
        "model": "kernel.servicerule",
        "pk": 52,
        "fields": {
            "label": "\u670d\u52a1\u5f00\u59cb - \u5ba2\u6237\u63a5\u5f85",
            "name": "xin_jian_ke_hu_jie_dai",
            "pym": "xjkhjd",
            "erpsys_id": "4f8ce414-b3b8-11ef-84fd-0e586f6f8a1e",
            "service_program": 1,
            "service": 490,
            "event": 41,
            "system_instruction": 40,
            "operand_service": 468,
            "entity_content_type": null,
            "entity_object_id": null,
            "parameter_values": null,
            "order": 40
        }
    },
    {
        "model": "kernel.servicerule",
        "pk": 53,
        "fields": {
            "label": "\u670d\u52a1\u5f00\u59cb - \u63a5\u8bca",
            "name": "xin_jian_jie_zhen",
            "pym": "xjjz",
            "erpsys_id": "188c0bce-b3b9-11ef-84fd-0e586f6f8a1e",
            "service_program": 1,
            "service": 491,
            "event": 41,
            "system_instruction": 40,
            "operand_service": 472,
            "entity_content_type": null,
            "entity_object_id": null,
            "parameter_values": null,
            "order": 90
        }
    },
    {
        "model": "kernel.servicerule",
        "pk": 54,
        "fields": {
            "label": "\u8c03\u7528\u670d\u52a1 - \u9762\u8bca\u8bc4\u4f30",
            "name": "diao_yong_pi_fu_jian_cha",
            "pym": "dypfjc",
            "erpsys_id": "30a29d04-b3dc-11ef-ac09-0e586f6f8a1e",
            "service_program": 1,
            "service": 472,
            "event": 42,
            "system_instruction": 40,
            "operand_service": 496,
            "entity_content_type": null,
            "entity_object_id": null,
            "parameter_values": null,
            "order": 95
        }
    },
    {
        "model": "kernel.servicerule",
        "pk": 55,
        "fields": {
            "label": "\u5b8c\u6210 - \u76ae\u80a4\u68c0\u67e5",
            "name": "pi_fu_jian_cha_wan_cheng",
            "pym": "pfjcwc",
            "erpsys_id": "5db987bc-b3dc-11ef-ac09-0e586f6f8a1e",
            "service_program": 1,
            "service": 496,
            "event": 40,
            "system_instruction": 42,
            "operand_service": null,
            "entity_content_type": null,
            "entity_object_id": null,
            "parameter_values": null,
            "order": 97
        }
    },
    {
        "model": "kernel.servicerule",
        "pk": 56,
        "fields": {
            "label": "\u670d\u52a1\u5f00\u59cb - \u6cbb\u7597\u670d\u52a1",
            "name": "kai_shi_fu_wu_cheng_xu_zhi_liao_fu_wu",
            "pym": "ksfwcxzlfw",
            "erpsys_id": "452d5d8a-b450-11ef-91f6-0e586f6f8a1e",
            "service_program": 1,
            "service": 494,
            "event": 41,
            "system_instruction": 40,
            "operand_service": 498,
            "entity_content_type": null,
            "entity_object_id": null,
            "parameter_values": null,
            "order": 140
        }
    },
    {
        "model": "kernel.servicerule",
        "pk": 57,
        "fields": {
            "label": "\u5b8c\u6210 - \u6cbb\u7597\u670d\u52a1",
            "name": "wan_cheng_zhi_liao_fu_wu",
            "pym": "wczlfw",
            "erpsys_id": "9dd02346-b450-11ef-91f6-0e586f6f8a1e",
            "service_program": 1,
            "service": 494,
            "event": 40,
            "system_instruction": 41,
            "operand_service": 494,
            "entity_content_type": null,
            "entity_object_id": null,
            "parameter_values": null,
            "order": 150
        }
    },
    {
        "model": "kernel.workorder",
        "pk": 125,
        "fields": {
            "label": "\u516c\u5171\u4efb\u52a1",
            "name": "gong_gong_ren_wu",
            "pym": "ggrw",
            "erpsys_id": "40ec1ae8-8450-11ef-983d-0e586f6f8a1d",
            "config": [
                {
                    "label": "\u8fdb\u7a0bid",
                    "name": "pid",
                    "value_expression": "pid",
                    "visible": false,
                    "order": 10
                },
                {
                    "label": "\u670d\u52a1id",
                    "name": "service_id",
                    "value_expression": "service.erpsys_id",
                    "visible": false,
                    "order": 10
                },
                {
                    "label": "\u5ba2\u6237id",
                    "name": "entity_id",
                    "value_expression": "entity_content_object.erpsys_id",
                    "visible": false,
                    "order": 10
                },
                {
                    "label": "\u5173\u8054\u5458\u5de5id",
                    "name": "related_staff_id",
                    "value_expression": "entity_content_object.related_staff.erpsys_id",
                    "visible": false,
                    "order": 10
                },
                {
                    "label": "\u72b6\u6001",
                    "name": "state",
                    "value_expression": "state",
                    "visible": false,
                    "order": 10
                },
                {
                    "label": "\u4f18\u5148\u7ea7",
                    "name": "priority",
                    "value_expression": "priority",
                    "visible": false,
                    "order": 10
                },
                {
                    "label": "\u4efb\u52a1\u5165\u53e3",
                    "name": "path",
                    "value_expression": "form_url",
                    "visible": false,
                    "order": 10
                },
                {
                    "label": "\u5b9e\u4f53\u7c7b\u578b",
                    "name": "entity_type",
                    "value_expression": "entity_content_object.__class__.__name__",
                    "visible": false,
                    "order": 10
                },
                {
                    "label": "\u5ba2\u6237\u540d\u79f0",
                    "name": "entity_label",
                    "value_expression": "entity_content_object.label",
                    "visible": true,
                    "order": 100
                },
                {
                    "label": "\u670d\u52a1\u540d\u79f0",
                    "name": "service_label",
                    "value_expression": "service.label",
                    "visible": true,
                    "order": 110
                },
                {
                    "label": "\u8ba1\u5212\u65f6\u95f4",
                    "name": "scheduled_time",
                    "value_expression": "scheduled_time",
                    "visible": true,
                    "order": 120
                },
                {
                    "label": "\u5173\u8054\u5458\u5de5",
                    "name": "related_staff",
                    "value_expression": "entity_content_object.related_staff.label",
                    "visible": true,
                    "order": 130
                }
            ]
        }
    },
    {
        "model": "kernel.workorder",
        "pk": 126,
        "fields": {
            "label": "\u79c1\u6709\u4efb\u52a1",
            "name": "si_you_ren_wu",
            "pym": "syrw",
            "erpsys_id": "4420be4e-8450-11ef-983d-0e586f6f8a1d",
            "config": [
                {
                    "label": "\u8fdb\u7a0bid",
                    "name": "pid",
                    "value_expression": "pid",
                    "visible": false,
                    "order": 10
                },
                {
                    "label": "\u670d\u52a1id",
                    "name": "service_id",
                    "value_expression": "service.erpsys_id",
                    "visible": false,
                    "order": 10
                },
                {
                    "label": "\u5ba2\u6237id",
                    "name": "entity_id",
                    "value_expression": "entity_content_object.erpsys_id",
                    "visible": false,
                    "order": 10
                },
                {
                    "label": "\u72b6\u6001",
                    "name": "state",
                    "value_expression": "state",
                    "visible": false,
                    "order": 10
                },
                {
                    "label": "\u4f18\u5148\u7ea7",
                    "name": "priority",
                    "value_expression": "priority",
                    "visible": false,
                    "order": 10
                },
                {
                    "label": "\u4efb\u52a1\u5165\u53e3",
                    "name": "path",
                    "value_expression": "form_url",
                    "visible": false,
                    "order": 10
                },
                {
                    "label": "\u5b9e\u4f53\u7c7b\u578b",
                    "name": "entity_type",
                    "value_expression": "entity_content_object.__class__.__name__",
                    "visible": false,
                    "order": 10
                },
                {
                    "label": "\u5ba2\u6237\u540d\u79f0",
                    "name": "entity_label",
                    "value_expression": "entity_content_object.label",
                    "visible": true,
                    "order": 100
                },
                {
                    "label": "\u670d\u52a1\u540d\u79f0",
                    "name": "service_label",
                    "value_expression": "service.label",
                    "visible": true,
                    "order": 110
                },
                {
                    "label": "\u8ba1\u5212\u65f6\u95f4",
                    "name": "scheduled_time",
                    "value_expression": "scheduled_time",
                    "visible": true,
                    "order": 120
                },
                {
                    "label": "\u8054\u7cfb\u7535\u8bdd",
                    "name": "customer_phone",
                    "value_expression": "entity_content_object.property_set_Profile.dian_hua",
                    "visible": true,
                    "order": 130
                }
            ]
        }
    },
    {
        "model": "kernel.workorder",
        "pk": 127,
        "fields": {
            "label": "\u641c\u7d22\u4e2a\u4eba\u8868\u5934",
            "name": "sou_suo_ge_ren_biao_tou",
            "pym": "ssgrbt",
            "erpsys_id": "b59b257c-86ae-11ef-8dc5-0e586f6f8a1d",
            "config": [
                {
                    "label": "\u4eba\u5458id",
                    "name": "id",
                    "value_expression": "erpsys_id",
                    "visible": false,
                    "order": 10
                },
                {
                    "label": "\u540d\u79f0",
                    "name": "name",
                    "value_expression": "label",
                    "visible": true,
                    "order": 100
                },
                {
                    "label": "\u5e74\u9f84",
                    "name": "age",
                    "value_expression": "property_set_Profile.nian_ling",
                    "visible": true,
                    "order": 110
                },
                {
                    "label": "\u7535\u8bdd",
                    "name": "phone_number",
                    "value_expression": "property_set_Profile.dian_hua",
                    "visible": true,
                    "order": 120
                }
            ]
        }
    },
    {
        "model": "kernel.workorder",
        "pk": 128,
        "fields": {
            "label": "\u5b9e\u4f53\u4f5c\u4e1a\u4efb\u52a1\u6e05\u5355",
            "name": "shi_ti_zuo_ye_ren_wu_qing_dan",
            "pym": "stzyrwqd",
            "erpsys_id": "3e9743b8-8ad5-11ef-a781-0e586f6f8a1d",
            "config": [
                {
                    "label": "\u4f5c\u4e1a\u5165\u53e3",
                    "name": "path",
                    "value_expression": "form_url",
                    "visible": false,
                    "order": 10
                },
                {
                    "label": "\u670d\u52a1id",
                    "name": "service_id",
                    "value_expression": "service.erpsys_id",
                    "visible": false,
                    "order": 10
                },
                {
                    "label": "\u64cd\u4f5c\u5458id",
                    "name": "operator_id",
                    "value_expression": "operator.erpsys_id",
                    "visible": false,
                    "order": 10
                },
                {
                    "label": "\u72b6\u6001",
                    "name": "state",
                    "value_expression": "state",
                    "visible": false,
                    "order": 10
                },
                {
                    "label": "\u5b9e\u4f53\u7c7b\u578b",
                    "name": "entity_type",
                    "value_expression": "entity_content_object.__class__.__name__",
                    "visible": false,
                    "order": 10
                },
                {
                    "label": "\u670d\u52a1\u540d\u79f0",
                    "name": "service_label",
                    "value_expression": "service.label",
                    "visible": true,
                    "order": 100
                },
                {
                    "label": "\u64cd\u4f5c\u5458",
                    "name": "operator_name",
                    "value_expression": "operator.label",
                    "visible": true,
                    "order": 110
                },
                {
                    "label": "\u8ba1\u5212\u65f6\u95f4",
                    "name": "scheduled_time",
                    "value_expression": "scheduled_time",
                    "visible": true,
                    "order": 120
                }
            ]
        }
    },
    {
        "model": "kernel.workorder",
        "pk": 129,
        "fields": {
            "label": "\u641c\u7d22\u670d\u52a1\u8868\u5934",
            "name": "sou_suo_fu_wu_biao_tou",
            "pym": "ssfwbt",
            "erpsys_id": "498644f8-8d1a-11ef-8670-0e586f6f8a1d",
            "config": [
                {
                    "label": "\u670d\u52a1\u540d\u79f0",
                    "name": "label",
                    "value_expression": "label",
                    "visible": true,
                    "order": 10
                },
                {
                    "label": "\u670d\u52a1id",
                    "name": "erysys_id",
                    "value_expression": "erpsys_id",
                    "visible": false,
                    "order": 10
                }
            ]
        }
    },
    {
        "model": "kernel.workorder",
        "pk": 130,
        "fields": {
            "label": "\u5ba2\u6237Profile\u8868\u5934",
            "name": "ke_hu_Profile_biao",
            "pym": "khProfilebt",
            "erpsys_id": "6806bb6a-b7cc-11ef-a319-0e586f6f8a1e",
            "config": [
                {
                    "label": "\u4eba\u5458id",
                    "name": "id",
                    "value_expression": "erpsys_id",
                    "visible": false,
                    "order": 10
                },
                {
                    "label": "\u5b9e\u4f53\u7c7b\u578b",
                    "name": "entity_type",
                    "value_expression": "__class__.__name__",
                    "visible": false,
                    "order": 10
                },
                {
                    "label": "\u540d\u79f0",
                    "name": "name",
                    "value_expression": "label",
                    "visible": true,
                    "order": 100
                },
                {
                    "label": "\u5e74\u9f84",
                    "name": "age",
                    "value_expression": "property_set_Profile.nian_ling",
                    "visible": true,
                    "order": 110
                },
                {
                    "label": "\u7535\u8bdd",
                    "name": "phone_number",
                    "value_expression": "property_set_Profile.dian_hua",
                    "visible": true,
                    "order": 120
                }
            ]
        }
    },
    {
        "model": "kernel.sysparams",
        "pk": 1,
        "fields": {
            "label": "\u5b9e\u4f53\u7c7b\u578b",
            "name": "shi_ti_lei_xing",
            "pym": "stlx",
            "erpsys_id": "c75cd486-b890-11ef-8575-0e586f6f8a1e",
            "config": [
                {
                    "id": 21,
                    "model": "Material",
                    "verbose_name": "\u7269\u6599"
                },
                {
                    "id": 23,
                    "model": "Operator",
                    "verbose_name": "\u4eba\u5458"
                }
            ],
            "expires_in": 8
        }
    },
    {
        "model": "django_celery_beat.intervalschedule",
        "pk": 1,
        "fields": {
            "every": 30,
            "period": "seconds"
        }
    },
    {
        "model": "django_celery_beat.periodictasks",
        "pk": 1,
        "fields": {
            "last_update": "2024-12-30T02:30:43.855Z"
        }
    },
    {
        "model": "django_celery_beat.periodictask",
        "pk": 1,
        "fields": {
            "name": "\u8f6e\u8be2\u8c03\u5ea6",
            "task": "kernel.tasks.def run_scheduler():",
            "interval": 1,
            "crontab": null,
            "solar": null,
            "clocked": null,
            "args": "[]",
            "kwargs": "{}",
            "queue": null,
            "exchange": null,
            "routing_key": null,
            "headers": "{}",
            "priority": null,
            "expires": null,
            "expire_seconds": null,
            "one_off": false,
            "start_time": null,
            "enabled": true,
            "last_run_at": null,
            "total_run_count": 0,
            "date_changed": "2024-12-21T13:53:36.945Z",
            "description": ""
        }
    }
]